Workbook

Sheet Read Me
A1: Halda River OCP — Fish Contamination & Human Health Risk: Calculation Workbook
A3: This workbook reproduces, with live formulas, every calculation reported in
A4: 'Halda_OCP_Fish_Risk_Results.docx' (Sections 4.1–4.6).
A6: Sheet guide:
A7: 1. Raw Data — the 27-sample × 14-compound concentration matrix (µg/kg ww), plus per-sample ΣOCP.
A8: 2. Descriptive Stats — Table 4.3 (mean, SD, range, detection frequency per compound) + overall ΣOCP.
A9: 3. Group Mean Concentrations — mean concentration of each compound, by zone, by species and overall.
A10: 4. Table 4.4 (SumOCP by group) — Table 4.4 (ΣOCP mean ± SD by zone/species), linked to the KW test below.
A11: 5. Kruskal-Wallis Test — full rank-based H-test workings for the zone and species comparisons.
A12: 6. Exposure & Toxicity Inputs — Table 4.1 (BW, IR, EF, ED, AT) and Table 4.2 (RfD, CSF per compound).
A13: 7. Risk Assessment — full THQ and CR matrix (compound × grouping × consumer), with HI = ΣTHQ.
A14: 8. Summary (Table 4.5) — Table 4.5, HI and CR by zone/species/overall, adult and child.
... A26: in Sections 4.3–4.5 of the report, including both Kruskal–Wallis tests, is formula-driven here.

Sheet Raw Data
A1: Table — OCP concentrations in Halda River fish muscle (µg/kg wet weight)
A3: Sample ID | B3: Zone | C3: Species | D3: o,p'-DDT | E3: p,p'-DDT | F3: o,p'-DDD | G3: p,p'-DDD | H3: o,p'-DDE | I3: p,p'-DDE | J3: α-HCH | K3: β-HCH | L3: γ-HCH (Lindane) | M3: δ-HCH | N3: Aldrin | O3: Dieldrin | P3: Heptachlor | Q3: Heptachlor epoxide | R3: ΣOCP (µg/kg ww) | S3: ΣDDT | T3: ΣHCH | U3: ΣDRN | V3: ΣHPT
A4: RUR1 | B4: Up-stream | C4: Rui | D4: 0.5 | E4: 0.5 | F4: 0.5 | G4: 1.12 | H4: 1.241 | I4: 2.284 | J4: 1.029 | K4: 5.381 | L4: 0.5 | M4: 2.538 | N4: 0.5 | O4: 0.5 | P4: 0.5 | Q4: 0.5 | R4: =SUM(D4:Q4) -> 17.593 | S4: =D4+E4+F4+G4+H4+I4 -> 6.145 | T4: =J4+K4+L4+M4 -> 9.448 | U4: =N4+O4 -> 1 | V4: =P4+Q4 -> 1
A5: RUR2 | B5: Up-stream | C5: Rui | D5: 0.5 | E5: 0.5 | F5: 0.5 | G5: 2.176 | H5: 2.034 | I5: 3.733 | J5: 1.299 | K5: 5.163 | L5: 0.5 | M5: 1.513 | N5: 0.5 | O5: 0.5 | P5: 0.5 | Q5: 0.5 | R5: =SUM(D5:Q5) -> 19.918 | S5: =D5+E5+F5+G5+H5+I5 -> 9.443 | T5: =J5+K5+L5+M5 -> 8.475 | U5: =N5+O5 -> 1 | V5: =P5+Q5 -> 1
A6: RUR3 | B6: Up-stream | C6: Rui | D6: 0.5 | E6: 0.5 | F6: 0.5 | G6: 2.378 | H6: 1.231 | I6: 2.547 | J6: 1.152 | K6: 5.936 | L6: 0.5 | M6: 2.426 | N6: 0.5 | O6: 0.5 | P6: 0.5 | Q6: 0.5 | R6: =SUM(D6:Q6) -> 19.67 | S6: =D6+E6+F6+G6+H6+I6 -> 7.656 | T6: =J6+K6+L6+M6 -> 10.014 | U6: =N6+O6 -> 1 | V6: =P6+Q6 -> 1
A7: CUR1 | B7: Up-stream | C7: Catla | D7: 0.5 | E7: 0.5 | F7: 0.5 | G7: 0.5 | H7: 0.5 | I7: 0.5 | J7: 2.2 | K7: 0.5 | L7: 0.5 | M7: 0.5 | N7: 0.5 | O7: 0.5 | P7: 0.5 | Q7: 0.5 | R7: =SUM(D7:Q7) -> 8.7 | S7: =D7+E7+F7+G7+H7+I7 -> 3 | T7: =J7+K7+L7+M7 -> 3.7 | U7: =N7+O7 -> 1 | V7: =P7+Q7 -> 1
A8: CUR2 | B8: Up-stream | C8: Catla | D8: 0.5 | E8: 0.5 | F8: 0.5 | G8: 0.5 | H8: 0.5 | I8: 0.5 | J8: 0.5 | K8: 0.5 | L8: 0.5 | M8: 0.5 | N8: 0.5 | O8: 0.5 | P8: 0.5 | Q8: 0.5 | R8: =SUM(D8:Q8) -> 7 | S8: =D8+E8+F8+G8+H8+I8 -> 3 | T8: =J8+K8+L8+M8 -> 2 | U8: =N8+O8 -> 1 | V8: =P8+Q8 -> 1
A9: CUR3 | B9: Up-stream | C9: Catla | D9: 0.5 | E9: 0.5 | F9: 0.5 | G9: 0.5 | H9: 0.5 | I9: 0.5 | J9: 1.521 | K9: 0.5 | L9: 0.5 | M9: 0.5 | N9: 0.5 | O9: 0.5 | P9: 0.5 | Q9: 0.5 | R9: =SUM(D9:Q9) -> 8.021 | S9: =D9+E9+F9+G9+H9+I9 -> 3 | T9: =J9+K9+L9+M9 -> 3.021 | U9: =N9+O9 -> 1 | V9: =P9+Q9 -> 1
A10: MUR1 | B10: Up-stream | C10: Mrigal | D10: 2.103 | E10: 2.335 | F10: 0.5 | G10: 2.474 | H10: 5.14 | I10: 5.264 | J10: 3.814 | K10: 5.356 | L10: 0.5 | M10: 3.48 | N10: 0.5 | O10: 0.5 | P10: 0.5 | Q10: 3.824 | R10: =SUM(D10:Q10) -> 36.29 | S10: =D10+E10+F10+G10+H10+I10 -> 17.816 | T10: =J10+K10+L10+M10 -> 13.15 | U10: =N10+O10 -> 1 | V10: =P10+Q10 -> 4.324
A11: MUR2 | B11: Up-stream | C11: Mrigal | D11: 0.5 | E11: 3.204 | F11: 0.5 | G11: 3.288 | H11: 0.5 | I11: 6.735 | J11: 2.375 | K11: 5.834 | L11: 0.5 | M11: 4.166 | N11: 0.5 | O11: 0.5 | P11: 0.5 | Q11: 2.336 | R11: =SUM(D11:Q11) -> 31.438 | S11: =D11+E11+F11+G11+H11+I11 -> 14.727 | T11: =J11+K11+L11+M11 -> 12.875 | U11: =N11+O11 -> 1 | V11: =P11+Q11 -> 2.836
A12: MUR3 | B12: Up-stream | C12: Mrigal | D12: 2.023 | E12: 2.763 | F12: 0.5 | G12: 2.157 | H12: 5.405 | I12: 5.532 | J12: 5.274 | K12: 5.457 | L12: 0.5 | M12: 4.8 | N12: 0.5 | O12: 0.5 | P12: 0.5 | Q12: 3.238 | R12: =SUM(D12:Q12) -> 39.149 | S12: =D12+E12+F12+G12+H12+I12 -> 18.38 | T12: =J12+K12+L12+M12 -> 16.031 | U12: =N12+O12 -> 1 | V12: =P12+Q12 -> 3.738
A13: RMR1 | B13: Mid-stream | C13: Rui | D13: 2.046 | E13: 3.636 | F13: 0.5 | G13: 1.983 | H13: 5.35 | I13: 3.536 | J13: 0.5 | K13: 6.023 | L13: 0.5 | M13: 3.411 | N13: 0.5 | O13: 6.589 | P13: 2.041 | Q13: 1.941 | R13: =SUM(D13:Q13) -> 38.556 | S13: =D13+E13+F13+G13+H13+I13 -> 17.051 | T13: =J13+K13+L13+M13 -> 10.434 | U13: =N13+O13 -> 7.089 | V13: =P13+Q13 -> 3.982
A14: RMR2 | B14: Mid-stream | C14: Rui | D14: 2.329 | E14: 3.389 | F14: 0.5 | G14: 3.834 | H14: 5.738 | I14: 2.024 | J14: 3.013 | K14: 5.354 | L14: 0.5 | M14: 3.222 | N14: 0.5 | O14: 5.55 | P14: 1.046 | Q14: 3.046 | R14: =SUM(D14:Q14) -> 40.045 | S14: =D14+E14+F14+G14+H14+I14 -> 17.814 | T14: =J14+K14+L14+M14 -> 12.089 | U14: =N14+O14 -> 6.05 | V14: =P14+Q14 -> 4.092
A15: RMR3 | B15: Mid-stream | C15: Rui | D15: 2.268 | E15: 1.354 | F15: 0.5 | G15: 2.378 | H15: 5.394 | I15: 3.937 | J15: 1.198 | K15: 5.243 | L15: 0.5 | M15: 3.304 | N15: 0.5 | O15: 5.63 | P15: 1.594 | Q15: 3.695 | R15: =SUM(D15:Q15) -> 37.495 | S15: =D15+E15+F15+G15+H15+I15 -> 15.831 | T15: =J15+K15+L15+M15 -> 10.245 | U15: =N15+O15 -> 6.13 | V15: =P15+Q15 -> 5.289
... A30: MDR3 | B30: Down-stream | C30: Mrigal | D30: 5.936 | E30: 7.085 | F30: 3.256 | G30: 4.936 | H30: 7.389 | I30: 7.257 | J30: 6.339 | K30: 6.312 | L30: 2.937 | M30: 6.111 | N30: 5.72 | O30: 6.72 | P30: 3.294 | Q30: 4.414 | R30: =SUM(D30:Q30) -> 77.706 | S30: =D30+E30+F30+G30+H30+I30 -> 35.859 | T30: =J30+K30+L30+M30 -> 21.699 | U30: =N30+O30 -> 12.44 | V30: =P30+Q30 -> 7.708
A32: Source: user-provided Fish.xlsx. A value of 0 denotes a concentration below the analytical detection limit (retained as zero; no substitution applied).

Sheet Descriptive Stats
A1: Table 4.3 — Descriptive statistics for individual OCPs in fish muscle (µg/kg ww, n = 27)
A3: Compound | B3: Mean (µg/kg ww) | C3: SD | D3: Min (µg/kg ww) | E3: Max (µg/kg ww) | F3: Detection frequency (%) | G3: n
A4: o,p'-DDT | B4: =AVERAGE('Raw Data'!D4:D30) -> 1.9531481 | C4: =STDEV('Raw Data'!D4:D30) -> 1.5344713 | D4: =MIN('Raw Data'!D4:D30) -> 0.5 | E4: =MAX('Raw Data'!D4:D30) -> 5.936 | F4: =COUNTIF('Raw Data'!D4:D30,">0")/COUNT('Raw Data'!D4:D30)*100 -> 100 | G4: =COUNT('Raw Data'!D4:D30) -> 27
A5: p,p'-DDT | B5: =AVERAGE('Raw Data'!E4:E30) -> 2.7546296 | C5: =STDEV('Raw Data'!E4:E30) -> 1.8699775 | D5: =MIN('Raw Data'!E4:E30) -> 0.5 | E5: =MAX('Raw Data'!E4:E30) -> 7.085 | F5: =COUNTIF('Raw Data'!E4:E30,">0")/COUNT('Raw Data'!E4:E30)*100 -> 100 | G5: =COUNT('Raw Data'!E4:E30) -> 27
A6: o,p'-DDD | B6: =AVERAGE('Raw Data'!F4:F30) -> 1.221037 | C6: =STDEV('Raw Data'!F4:F30) -> 1.5445166 | D6: =MIN('Raw Data'!F4:F30) -> 0.5 | E6: =MAX('Raw Data'!F4:F30) -> 6.916 | F6: =COUNTIF('Raw Data'!F4:F30,">0")/COUNT('Raw Data'!F4:F30)*100 -> 100 | G6: =COUNT('Raw Data'!F4:F30) -> 27
A7: p,p'-DDD | B7: =AVERAGE('Raw Data'!G4:G30) -> 2.3694444 | C7: =STDEV('Raw Data'!G4:G30) -> 1.3311547 | D7: =MIN('Raw Data'!G4:G30) -> 0.5 | E7: =MAX('Raw Data'!G4:G30) -> 6.236 | F7: =COUNTIF('Raw Data'!G4:G30,">0")/COUNT('Raw Data'!G4:G30)*100 -> 100 | G7: =COUNT('Raw Data'!G4:G30) -> 27
A8: o,p'-DDE | B8: =AVERAGE('Raw Data'!H4:H30) -> 4.4041111 | C8: =STDEV('Raw Data'!H4:H30) -> 2.4195815 | D8: =MIN('Raw Data'!H4:H30) -> 0.5 | E8: =MAX('Raw Data'!H4:H30) -> 7.443 | F8: =COUNTIF('Raw Data'!H4:H30,">0")/COUNT('Raw Data'!H4:H30)*100 -> 100 | G8: =COUNT('Raw Data'!H4:H30) -> 27
A9: p,p'-DDE | B9: =AVERAGE('Raw Data'!I4:I30) -> 4.4995556 | C9: =STDEV('Raw Data'!I4:I30) -> 2.1804094 | D9: =MIN('Raw Data'!I4:I30) -> 0.5 | E9: =MAX('Raw Data'!I4:I30) -> 8.836 | F9: =COUNTIF('Raw Data'!I4:I30,">0")/COUNT('Raw Data'!I4:I30)*100 -> 100 | G9: =COUNT('Raw Data'!I4:I30) -> 27
A10: α-HCH | B10: =AVERAGE('Raw Data'!J4:J30) -> 2.5724444 | C10: =STDEV('Raw Data'!J4:J30) -> 1.7529061 | D10: =MIN('Raw Data'!J4:J30) -> 0.5 | E10: =MAX('Raw Data'!J4:J30) -> 6.687 | F10: =COUNTIF('Raw Data'!J4:J30,">0")/COUNT('Raw Data'!J4:J30)*100 -> 100 | G10: =COUNT('Raw Data'!J4:J30) -> 27
A11: β-HCH | B11: =AVERAGE('Raw Data'!K4:K30) -> 5.0496296 | C11: =STDEV('Raw Data'!K4:K30) -> 1.8593817 | D11: =MIN('Raw Data'!K4:K30) -> 0.5 | E11: =MAX('Raw Data'!K4:K30) -> 7.092 | F11: =COUNTIF('Raw Data'!K4:K30,">0")/COUNT('Raw Data'!K4:K30)*100 -> 100 | G11: =COUNT('Raw Data'!K4:K30) -> 27
A12: γ-HCH (Lindane) | B12: =AVERAGE('Raw Data'!L4:L30) -> 0.89718519 | C12: =STDEV('Raw Data'!L4:L30) -> 0.79349684 | D12: =MIN('Raw Data'!L4:L30) -> 0.5 | E12: =MAX('Raw Data'!L4:L30) -> 2.986 | F12: =COUNTIF('Raw Data'!L4:L30,">0")/COUNT('Raw Data'!L4:L30)*100 -> 100 | G12: =COUNT('Raw Data'!L4:L30) -> 27
A13: δ-HCH | B13: =AVERAGE('Raw Data'!M4:M30) -> 2.733 | C13: =STDEV('Raw Data'!M4:M30) -> 1.7933237 | D13: =MIN('Raw Data'!M4:M30) -> 0.5 | E13: =MAX('Raw Data'!M4:M30) -> 6.111 | F13: =COUNTIF('Raw Data'!M4:M30,">0")/COUNT('Raw Data'!M4:M30)*100 -> 100 | G13: =COUNT('Raw Data'!M4:M30) -> 27
A14: Aldrin | B14: =AVERAGE('Raw Data'!N4:N30) -> 2.3730741 | C14: =STDEV('Raw Data'!N4:N30) -> 2.3980942 | D14: =MIN('Raw Data'!N4:N30) -> 0.5 | E14: =MAX('Raw Data'!N4:N30) -> 6.067 | F14: =COUNTIF('Raw Data'!N4:N30,">0")/COUNT('Raw Data'!N4:N30)*100 -> 100 | G14: =COUNT('Raw Data'!N4:N30) -> 27
A15: Dieldrin | B15: =AVERAGE('Raw Data'!O4:O30) -> 3.6557778 | C15: =STDEV('Raw Data'!O4:O30) -> 2.918586 | D15: =MIN('Raw Data'!O4:O30) -> 0.5 | E15: =MAX('Raw Data'!O4:O30) -> 7.837 | F15: =COUNTIF('Raw Data'!O4:O30,">0")/COUNT('Raw Data'!O4:O30)*100 -> 100 | G15: =COUNT('Raw Data'!O4:O30) -> 27
A16: Heptachlor | B16: =AVERAGE('Raw Data'!P4:P30) -> 1.5165185 | C16: =STDEV('Raw Data'!P4:P30) -> 1.1598377 | D16: =MIN('Raw Data'!P4:P30) -> 0.5 | E16: =MAX('Raw Data'!P4:P30) -> 3.689 | F16: =COUNTIF('Raw Data'!P4:P30,">0")/COUNT('Raw Data'!P4:P30)*100 -> 100 | G16: =COUNT('Raw Data'!P4:P30) -> 27
A17: Heptachlor epoxide | B17: =AVERAGE('Raw Data'!Q4:Q30) -> 2.7272222 | C17: =STDEV('Raw Data'!Q4:Q30) -> 1.7759989 | D17: =MIN('Raw Data'!Q4:Q30) -> 0.5 | E17: =MAX('Raw Data'!Q4:Q30) -> 5.452 | F17: =COUNTIF('Raw Data'!Q4:Q30,">0")/COUNT('Raw Data'!Q4:Q30)*100 -> 100 | G17: =COUNT('Raw Data'!Q4:Q30) -> 27
A18: ΣOCP (sum of all 14 congeners) | B18: =AVERAGE('Raw Data'!R4:R30) -> 38.726778 | C18: =STDEV('Raw Data'!R4:R30) -> 20.772094 | D18: =MIN('Raw Data'!D4:Q30) -> 0.5 | E18: =MAX('Raw Data'!D4:Q30) -> 8.836 | F18: =COUNTIF('Raw Data'!Q5:Q31,">0")/COUNT('Raw Data'!Q5:Q31)*100 -> 100
A19: ΣDDT | B19: =AVERAGE('Raw Data'!S4:S30) -> 17.201926 | C19: =STDEV('Raw Data'!S4:S30) -> 9.302187 | D19: =MIN('Raw Data'!D4:I30) -> 0.5 | E19: =MAX('Raw Data'!D4:I30) -> 8.836 | F19: =COUNTIF('Raw Data'!Q6:Q32,">0")/COUNT('Raw Data'!Q6:Q32)*100 -> 100
A20: ΣHCH | B20: =AVERAGE('Raw Data'!T4:T30) -> 11.252259 | C20: =STDEV('Raw Data'!T4:T30) -> 5.1314894 | D20: =MIN('Raw Data'!J4:M30) -> 0.5 | E20: =MAX('Raw Data'!J4:M30) -> 7.092 | F20: =COUNTIF('Raw Data'!Q7:Q33,">0")/COUNT('Raw Data'!Q7:Q33)*100 -> 100
A21: ΣDRN | B21: =AVERAGE('Raw Data'!U4:U30) -> 6.0288519 | C21: =STDEV('Raw Data'!U4:U30) -> 4.9713586 | D21: =MIN('Raw Data'!N4:O30) -> 0.5 | E21: =MAX('Raw Data'!N4:O30) -> 7.837 | F21: =COUNTIF('Raw Data'!Q8:Q34,">0")/COUNT('Raw Data'!Q8:Q34)*100 -> 100
A22: ΣHPT | B22: =AVERAGE('Raw Data'!V4:V30) -> 4.2437407 | C22: =STDEV('Raw Data'!V4:V30) -> 2.74234 | D22: =MIN('Raw Data'!P4:Q30) -> 0.5 | E22: =MAX('Raw Data'!P4:Q30) -> 5.452 | F22: =COUNTIF('Raw Data'!Q9:Q35,">0")/COUNT('Raw Data'!Q9:Q35)*100 -> 100

Sheet Group Mean Concentrations
A1: Mean OCP concentration (µg/kg ww) by zone, species and overall — feeds Table 4.4 and the risk calculations
A3: Compound | B3: Up-stream | C3: Mid-stream | D3: Down-stream | E3: Catla | F3: Rui | G3: Mrigal | H3: Overall
A4: o,p'-DDT | B4: =AVERAGEIFS('Raw Data'!D4:D30,'Raw Data'!B4:B30,"Up-stream") -> 0.84733333 | C4: =AVERAGEIFS('Raw Data'!D4:D30,'Raw Data'!B4:B30,"Mid-stream") -> 1.5281111 | D4: =AVERAGEIFS('Raw Data'!D4:D30,'Raw Data'!B4:B30,"Down-stream") -> 3.484 | E4: =AVERAGEIFS('Raw Data'!D4:D30,'Raw Data'!C4:C30,"Catla") -> 1.0756667 | F4: =AVERAGEIFS('Raw Data'!D4:D30,'Raw Data'!C4:C30,"Rui") -> 1.8882222 | G4: =AVERAGEIFS('Raw Data'!D4:D30,'Raw Data'!C4:C30,"Mrigal") -> 2.8955556 | H4: =AVERAGE('Raw Data'!D4:D30) -> 1.9531481
A5: p,p'-DDT | B5: =AVERAGEIFS('Raw Data'!E4:E30,'Raw Data'!B4:B30,"Up-stream") -> 1.2557778 | C5: =AVERAGEIFS('Raw Data'!E4:E30,'Raw Data'!B4:B30,"Mid-stream") -> 2.9981111 | D5: =AVERAGEIFS('Raw Data'!E4:E30,'Raw Data'!B4:B30,"Down-stream") -> 4.01 | E5: =AVERAGEIFS('Raw Data'!E4:E30,'Raw Data'!C4:C30,"Catla") -> 1.5661111 | F5: =AVERAGEIFS('Raw Data'!E4:E30,'Raw Data'!C4:C30,"Rui") -> 2.1482222 | G5: =AVERAGEIFS('Raw Data'!E4:E30,'Raw Data'!C4:C30,"Mrigal") -> 4.5495556 | H5: =AVERAGE('Raw Data'!E4:E30) -> 2.7546296
A6: o,p'-DDD | B6: =AVERAGEIFS('Raw Data'!F4:F30,'Raw Data'!B4:B30,"Up-stream") -> 0.5 | C6: =AVERAGEIFS('Raw Data'!F4:F30,'Raw Data'!B4:B30,"Mid-stream") -> 0.5 | D6: =AVERAGEIFS('Raw Data'!F4:F30,'Raw Data'!B4:B30,"Down-stream") -> 2.6631111 | E6: =AVERAGEIFS('Raw Data'!F4:F30,'Raw Data'!C4:C30,"Catla") -> 0.5 | F6: =AVERAGEIFS('Raw Data'!F4:F30,'Raw Data'!C4:C30,"Rui") -> 1.285 | G6: =AVERAGEIFS('Raw Data'!F4:F30,'Raw Data'!C4:C30,"Mrigal") -> 1.8781111 | H6: =AVERAGE('Raw Data'!F4:F30) -> 1.221037
A7: p,p'-DDD | B7: =AVERAGEIFS('Raw Data'!G4:G30,'Raw Data'!B4:B30,"Up-stream") -> 1.677 | C7: =AVERAGEIFS('Raw Data'!G4:G30,'Raw Data'!B4:B30,"Mid-stream") -> 2.1291111 | D7: =AVERAGEIFS('Raw Data'!G4:G30,'Raw Data'!B4:B30,"Down-stream") -> 3.3022222 | E7: =AVERAGEIFS('Raw Data'!G4:G30,'Raw Data'!C4:C30,"Catla") -> 1.4481111 | F7: =AVERAGEIFS('Raw Data'!G4:G30,'Raw Data'!C4:C30,"Rui") -> 2.3781111 | G7: =AVERAGEIFS('Raw Data'!G4:G30,'Raw Data'!C4:C30,"Mrigal") -> 3.2821111 | H7: =AVERAGE('Raw Data'!G4:G30) -> 2.3694444
A8: o,p'-DDE | B8: =AVERAGEIFS('Raw Data'!H4:H30,'Raw Data'!B4:B30,"Up-stream") -> 1.8945556 | C8: =AVERAGEIFS('Raw Data'!H4:H30,'Raw Data'!B4:B30,"Mid-stream") -> 4.9821111 | D8: =AVERAGEIFS('Raw Data'!H4:H30,'Raw Data'!B4:B30,"Down-stream") -> 6.3356667 | E8: =AVERAGEIFS('Raw Data'!H4:H30,'Raw Data'!C4:C30,"Catla") -> 3.3081111 | F8: =AVERAGEIFS('Raw Data'!H4:H30,'Raw Data'!C4:C30,"Rui") -> 4.3662222 | G8: =AVERAGEIFS('Raw Data'!H4:H30,'Raw Data'!C4:C30,"Mrigal") -> 5.538 | H8: =AVERAGE('Raw Data'!H4:H30) -> 4.4041111
A9: p,p'-DDE | B9: =AVERAGEIFS('Raw Data'!I4:I30,'Raw Data'!B4:B30,"Up-stream") -> 3.0661111 | C9: =AVERAGEIFS('Raw Data'!I4:I30,'Raw Data'!B4:B30,"Mid-stream") -> 4.1381111 | D9: =AVERAGEIFS('Raw Data'!I4:I30,'Raw Data'!B4:B30,"Down-stream") -> 6.2944444 | E9: =AVERAGEIFS('Raw Data'!I4:I30,'Raw Data'!C4:C30,"Catla") -> 3.5103333 | F9: =AVERAGEIFS('Raw Data'!I4:I30,'Raw Data'!C4:C30,"Rui") -> 3.5765556 | G9: =AVERAGEIFS('Raw Data'!I4:I30,'Raw Data'!C4:C30,"Mrigal") -> 6.4117778 | H9: =AVERAGE('Raw Data'!I4:I30) -> 4.4995556
A10: α-HCH | B10: =AVERAGEIFS('Raw Data'!J4:J30,'Raw Data'!B4:B30,"Up-stream") -> 2.1293333 | C10: =AVERAGEIFS('Raw Data'!J4:J30,'Raw Data'!B4:B30,"Mid-stream") -> 1.8408889 | D10: =AVERAGEIFS('Raw Data'!J4:J30,'Raw Data'!B4:B30,"Down-stream") -> 3.7471111 | E10: =AVERAGEIFS('Raw Data'!J4:J30,'Raw Data'!C4:C30,"Catla") -> 1.4833333 | F10: =AVERAGEIFS('Raw Data'!J4:J30,'Raw Data'!C4:C30,"Rui") -> 1.824 | G10: =AVERAGEIFS('Raw Data'!J4:J30,'Raw Data'!C4:C30,"Mrigal") -> 4.41 | H10: =AVERAGE('Raw Data'!J4:J30) -> 2.5724444
A11: β-HCH | B11: =AVERAGEIFS('Raw Data'!K4:K30,'Raw Data'!B4:B30,"Up-stream") -> 3.8474444 | C11: =AVERAGEIFS('Raw Data'!K4:K30,'Raw Data'!B4:B30,"Mid-stream") -> 5.1592222 | D11: =AVERAGEIFS('Raw Data'!K4:K30,'Raw Data'!B4:B30,"Down-stream") -> 6.1422222 | E11: =AVERAGEIFS('Raw Data'!K4:K30,'Raw Data'!C4:C30,"Catla") -> 3.6184444 | F11: =AVERAGEIFS('Raw Data'!K4:K30,'Raw Data'!C4:C30,"Rui") -> 5.6588889 | G11: =AVERAGEIFS('Raw Data'!K4:K30,'Raw Data'!C4:C30,"Mrigal") -> 5.8715556 | H11: =AVERAGE('Raw Data'!K4:K30) -> 5.0496296
A12: γ-HCH (Lindane) | B12: =AVERAGEIFS('Raw Data'!L4:L30,'Raw Data'!B4:B30,"Up-stream") -> 0.5 | C12: =AVERAGEIFS('Raw Data'!L4:L30,'Raw Data'!B4:B30,"Mid-stream") -> 0.5 | D12: =AVERAGEIFS('Raw Data'!L4:L30,'Raw Data'!B4:B30,"Down-stream") -> 1.6915556 | E12: =AVERAGEIFS('Raw Data'!L4:L30,'Raw Data'!C4:C30,"Catla") -> 0.5 | F12: =AVERAGEIFS('Raw Data'!L4:L30,'Raw Data'!C4:C30,"Rui") -> 0.95877778 | G12: =AVERAGEIFS('Raw Data'!L4:L30,'Raw Data'!C4:C30,"Mrigal") -> 1.2327778 | H12: =AVERAGE('Raw Data'!L4:L30) -> 0.89718519
A13: δ-HCH | B13: =AVERAGEIFS('Raw Data'!M4:M30,'Raw Data'!B4:B30,"Up-stream") -> 2.2692222 | C13: =AVERAGEIFS('Raw Data'!M4:M30,'Raw Data'!B4:B30,"Mid-stream") -> 1.6841111 | D13: =AVERAGEIFS('Raw Data'!M4:M30,'Raw Data'!B4:B30,"Down-stream") -> 4.2456667 | E13: =AVERAGEIFS('Raw Data'!M4:M30,'Raw Data'!C4:C30,"Catla") -> 1.2675556 | F13: =AVERAGEIFS('Raw Data'!M4:M30,'Raw Data'!C4:C30,"Rui") -> 3.1438889 | G13: =AVERAGEIFS('Raw Data'!M4:M30,'Raw Data'!C4:C30,"Mrigal") -> 3.7875556 | H13: =AVERAGE('Raw Data'!M4:M30) -> 2.733
A14: Aldrin | B14: =AVERAGEIFS('Raw Data'!N4:N30,'Raw Data'!B4:B30,"Up-stream") -> 0.5 | C14: =AVERAGEIFS('Raw Data'!N4:N30,'Raw Data'!B4:B30,"Mid-stream") -> 1.5228889 | D14: =AVERAGEIFS('Raw Data'!N4:N30,'Raw Data'!B4:B30,"Down-stream") -> 5.0963333 | E14: =AVERAGEIFS('Raw Data'!N4:N30,'Raw Data'!C4:C30,"Catla") -> 1.7044444 | F14: =AVERAGEIFS('Raw Data'!N4:N30,'Raw Data'!C4:C30,"Rui") -> 2.1003333 | G14: =AVERAGEIFS('Raw Data'!N4:N30,'Raw Data'!C4:C30,"Mrigal") -> 3.3144444 | H14: =AVERAGE('Raw Data'!N4:N30) -> 2.3730741
A15: Dieldrin | B15: =AVERAGEIFS('Raw Data'!O4:O30,'Raw Data'!B4:B30,"Up-stream") -> 0.5 | C15: =AVERAGEIFS('Raw Data'!O4:O30,'Raw Data'!B4:B30,"Mid-stream") -> 4.1962222 | D15: =AVERAGEIFS('Raw Data'!O4:O30,'Raw Data'!B4:B30,"Down-stream") -> 6.2711111 | E15: =AVERAGEIFS('Raw Data'!O4:O30,'Raw Data'!C4:C30,"Catla") -> 2.2125556 | F15: =AVERAGEIFS('Raw Data'!O4:O30,'Raw Data'!C4:C30,"Rui") -> 4.1302222 | G15: =AVERAGEIFS('Raw Data'!O4:O30,'Raw Data'!C4:C30,"Mrigal") -> 4.6245556 | H15: =AVERAGE('Raw Data'!O4:O30) -> 3.6557778
A16: Heptachlor | B16: =AVERAGEIFS('Raw Data'!P4:P30,'Raw Data'!B4:B30,"Up-stream") -> 0.5 | C16: =AVERAGEIFS('Raw Data'!P4:P30,'Raw Data'!B4:B30,"Mid-stream") -> 1.4706667 | D16: =AVERAGEIFS('Raw Data'!P4:P30,'Raw Data'!B4:B30,"Down-stream") -> 2.5788889 | E16: =AVERAGEIFS('Raw Data'!P4:P30,'Raw Data'!C4:C30,"Catla") -> 0.94911111 | F16: =AVERAGEIFS('Raw Data'!P4:P30,'Raw Data'!C4:C30,"Rui") -> 1.593 | G16: =AVERAGEIFS('Raw Data'!P4:P30,'Raw Data'!C4:C30,"Mrigal") -> 2.0074444 | H16: =AVERAGE('Raw Data'!P4:P30) -> 1.5165185
A17: Heptachlor epoxide | B17: =AVERAGEIFS('Raw Data'!Q4:Q30,'Raw Data'!B4:B30,"Up-stream") -> 1.3775556 | C17: =AVERAGEIFS('Raw Data'!Q4:Q30,'Raw Data'!B4:B30,"Mid-stream") -> 2.6085556 | D17: =AVERAGEIFS('Raw Data'!Q4:Q30,'Raw Data'!B4:B30,"Down-stream") -> 4.1955556 | E17: =AVERAGEIFS('Raw Data'!Q4:Q30,'Raw Data'!C4:C30,"Catla") -> 1.3983333 | F17: =AVERAGEIFS('Raw Data'!Q4:Q30,'Raw Data'!C4:C30,"Rui") -> 2.682 | G17: =AVERAGEIFS('Raw Data'!Q4:Q30,'Raw Data'!C4:C30,"Mrigal") -> 4.1013333 | H17: =AVERAGE('Raw Data'!Q4:Q30) -> 2.7272222
A19: ΣOCP — Mean (µg/kg ww) | B19: =AVERAGEIFS('Raw Data'!R4:R30,'Raw Data'!B4:B30,"Up-stream") -> 20.864333 | C19: =AVERAGEIFS('Raw Data'!R4:R30,'Raw Data'!B4:B30,"Mid-stream") -> 35.258111 | D19: =AVERAGEIFS('Raw Data'!R4:R30,'Raw Data'!B4:B30,"Down-stream") -> 60.057889 | E19: =AVERAGEIFS('Raw Data'!R4:R30,'Raw Data'!C4:C30,"Catla") -> 24.542111 | F19: =AVERAGEIFS('Raw Data'!R4:R30,'Raw Data'!C4:C30,"Rui") -> 37.733444 | G19: =AVERAGEIFS('Raw Data'!R4:R30,'Raw Data'!C4:C30,"Mrigal") -> 53.904778 | H19: =AVERAGE('Raw Data'!R4:R30) -> 38.726778
A20: ΣOCP — SD | B20: =SQRT(SUMPRODUCT(('Raw Data'!B4:B30="Up-stream")*('Raw Data'!R4:R30-AVERAGEIFS('Raw Data'!R4:R30,'Raw Data'!B4:B30,"Up-stream"))^2)/(COUNTIF('Raw Data'!B4:B30,"Up-stream")-1)) -> 12.258916 | C20: =SQRT(SUMPRODUCT(('Raw Data'!B4:B30="Mid-stream")*('Raw Data'!R4:R30-AVERAGEIFS('Raw Data'!R4:R30,'Raw Data'!B4:B30,"Mid-stream"))^2)/(COUNTIF('Raw Data'!B4:B30,"Mid-stream")-1)) -> 12.676305 | D20: =SQRT(SUMPRODUCT(('Raw Data'!B4:B30="Down-stream")*('Raw Data'!R4:R30-AVERAGEIFS('Raw Data'!R4:R30,'Raw Data'!B4:B30,"Down-stream"))^2)/(COUNTIF('Raw Data'!B4:B30,"Down-stream")-1)) -> 14.386126 | E20: =SQRT(SUMPRODUCT(('Raw Data'!C4:C30="Catla")*('Raw Data'!R4:R30-AVERAGEIFS('Raw Data'!R4:R30,'Raw Data'!C4:C30,"Catla"))^2)/(COUNTIF('Raw Data'!C4:C30,"Catla")-1)) -> 17.222508 | F20: =SQRT(SUMPRODUCT(('Raw Data'!C4:C30="Rui")*('Raw Data'!R4:R30-AVERAGEIFS('Raw Data'!R4:R30,'Raw Data'!C4:C30,"Rui"))^2)/(COUNTIF('Raw Data'!C4:C30,"Rui")-1)) -> 15.813489 | G20: =SQRT(SUMPRODUCT(('Raw Data'!C4:C30="Mrigal")*('Raw Data'!R4:R30-AVERAGEIFS('Raw Data'!R4:R30,'Raw Data'!C4:C30,"Mrigal"))^2)/(COUNTIF('Raw Data'!C4:C30,"Mrigal")-1)) -> 19.209237 | H20: =STDEV('Raw Data'!R4:R30) -> 20.772094

Sheet Exposure & Toxicity Inputs
A1: Table 4.1 — Exposure parameters used in the risk calculation
A3: Parameter | B3: Adult | C3: Child | D3: Source / basis
A4: Body weight, BW (kg) | B4: 70 | C4: 15 | D4: USEPA Exposure Factors Handbook (2011) default
A5: Fish ingestion rate, IR (g/day) | B5: 74 | C5: 37 | D5: Bangladesh national per-capita fish consumption, ≈27 kg/capita/yr (FAO/DoF statistics, 2023); child assumed 50% of adult portion in the absence of an age-disaggregated national survey
A6: Exposure frequency, EF (days/yr) | B6: 365 | C6: 365 | D6: USEPA (1989) default
A7: Exposure duration, ED (yr) | B7: 70 | C7: 6 | D7: USEPA (1989) default lifetime / childhood exposure duration
A8: Averaging time, AT — non-carcinogenic (days) | B8: =B7*365 -> 25550 | C8: =C7*365 -> 2190 | D8: USEPA (1989); AT = ED × 365
A9: Averaging time, AT — carcinogenic (days) | B9: =70*365 -> 25550 | C9: =70*365 -> 25550 | D9: USEPA (1989), lifetime (70 yr) for both adult and child
A12: Table 4.2 — Oral reference doses (RfD) and cancer slope factors (CSF) applied
A14: Compound | B14: RfD (mg/kg-day) | C14: CSF (mg/kg-day)⁻¹ | D14: RfD basis | E14: CSF basis
A15: o,p'-DDT | B15: 0.0005 | C15: 0.34 | D15: USEPA IRIS (DDT) | E15: USEPA IRIS (DDT)
A16: p,p'-DDT | B16: 0.0005 | C16: 0.34 | D16: USEPA IRIS (DDT) | E16: USEPA IRIS (DDT)
A17: o,p'-DDD | B17: 0.0005 | C17: 0.34 | D17: Surrogate: DDT (IRIS) | E17: Surrogate: DDT (IRIS)
A18: p,p'-DDD | B18: 0.0005 | C18: 0.34 | D18: Surrogate: DDT (IRIS) | E18: Surrogate: DDT (IRIS)
A19: o,p'-DDE | B19: 0.0005 | C19: 0.34 | D19: Surrogate: DDT (IRIS) | E19: Surrogate: DDT (IRIS)
A20: p,p'-DDE | B20: 0.0005 | C20: 0.34 | D20: Surrogate: DDT (IRIS) | E20: Surrogate: DDT (IRIS)
A21: α-HCH | B21: 0.0003 | C21: 6.3 | D21: RfD surrogate: γ-HCH (IRIS) | E21: IRIS/Cal-EPA
A22: β-HCH | B22: 0.0003 | C22: 1.8 | D22: RfD surrogate: γ-HCH (IRIS) | E22: Cal-EPA
A23: γ-HCH (Lindane) | B23: 0.0003 | C23: 1.3 | D23: USEPA IRIS | E23: USEPA IRIS
A24: δ-HCH | B24: 0.0003 | C24: not classified | D24: RfD surrogate: γ-HCH (IRIS) | E24: Not classified
A25: Aldrin | B25: 3e-05 | C25: 17 | D25: USEPA IRIS | E25: USEPA IRIS
A26: Dieldrin | B26: 5e-05 | C26: 16 | D26: USEPA IRIS | E26: USEPA IRIS
A27: Heptachlor | B27: 0.0005 | C27: 4.5 | D27: USEPA IRIS | E27: USEPA IRIS
A28: Heptachlor epoxide | B28: 1.3e-05 | C28: 9.1 | D28: USEPA IRIS | E28: USEPA IRIS
A30: Where a compound-specific chronic RfD is not listed on IRIS, the value of the closest structural congener was applied as a conservative surrogate (see basis columns). Cross-check against the current USEPA IRIS database (epa.gov/iris) before final submission.

Sheet Risk Assessment
A1: Target Hazard Quotient (THQ), Hazard Index (HI) and Cancer Risk (CR), by grouping and consumer
A2: EDI = (C × IR × EF × ED) / (BW × AT) | THQ = EDI / RfD | HI = ΣTHQ | CR = EDI(carcinogenic) × CSF
A3: THQ by compound (dimensionless)
A4: Compound | B4: Up-stream | D4: Mid-stream | F4: Down-stream | H4: Catla | J4: Rui | L4: Mrigal | N4: Overall
B5: Adult | C5: Child | D5: Adult | E5: Child | F5: Adult | G5: Child | H5: Adult | I5: Child | J5: Adult | K5: Child | L5: Adult | M5: Child | N5: Adult | O5: Child
A6: o,p'-DDT | B6: =(('Group Mean Concentrations'!B4/1000)*('Exposure & Toxicity Inputs'!B5/1000)*'Exposure & Toxicity Inputs'!B6*'Exposure & Toxicity Inputs'!B7)/('Exposure & Toxicity Inputs'!B4*'Exposure & Toxicity Inputs'!B8)/'Exposure & Toxicity Inputs'!B15 -> 0.0017915048 | C6: =(('Group Mean Concentrations'!B4/1000)*('Exposure & Toxicity Inputs'!C5/1000)*'Exposure & Toxicity Inputs'!C6*'Exposure & Toxicity Inputs'!C7)/('Exposure & Toxicity Inputs'!C4*'Exposure & Toxicity Inputs'!C8)/'Exposure & Toxicity Inputs'!B15 -> 0.0041801778 | D6: =(('Group Mean Concentrations'!C4/1000)*('Exposure & Toxicity Inputs'!B5/1000)*'Exposure & Toxicity Inputs'!B6*'Exposure & Toxicity Inputs'!B7)/('Exposure & Toxicity Inputs'!B4*'Exposure & Toxicity Inputs'!B8)/'Exposure & Toxicity Inputs'!B15 -> 0.0032308635 | E6: =(('Group Mean Concentrations'!C4/1000)*('Exposure & Toxicity Inputs'!C5/1000)*'Exposure & Toxicity Inputs'!C6*'Exposure & Toxicity Inputs'!C7)/('Exposure & Toxicity Inputs'!C4*'Exposure & Toxicity Inputs'!C8)/'Exposure & Toxicity Inputs'!B15 -> 0.0075386815 | F6: =(('Group Mean Concentrations'!D4/1000)*('Exposure & Toxicity Inputs'!B5/1000)*'Exposure & Toxicity Inputs'!B6*'Exposure & Toxicity Inputs'!B7)/('Exposure & Toxicity Inputs'!B4*'Exposure & Toxicity Inputs'!B8)/'Exposure & Toxicity Inputs'!B15 -> 0.0073661714 | G6: =(('Group Mean Concentrations'!D4/1000)*('Exposure & Toxicity Inputs'!C5/1000)*'Exposure & Toxicity Inputs'!C6*'Exposure & Toxicity Inputs'!C7)/('Exposure & Toxicity Inputs'!C4*'Exposure & Toxicity Inputs'!C8)/'Exposure & Toxicity Inputs'!B15 -> 0.017187733 | H6: =(('Group Mean Concentrations'!E4/1000)*('Exposure & Toxicity Inputs'!B5/1000)*'Exposure & Toxicity Inputs'!B6*'Exposure & Toxicity Inputs'!B7)/('Exposure & Toxicity Inputs'!B4*'Exposure & Toxicity Inputs'!B8)/'Exposure & Toxicity Inputs'!B15 -> 0.0022742667 | I6: =(('Group Mean Concentrations'!E4/1000)*('Exposure & Toxicity Inputs'!C5/1000)*'Exposure & Toxicity Inputs'!C6*'Exposure & Toxicity Inputs'!C7)/('Exposure & Toxicity Inputs'!C4*'Exposure & Toxicity Inputs'!C8)/'Exposure & Toxicity Inputs'!B15 -> 0.0053066222 | J6: =(('Group Mean Concentrations'!F4/1000)*('Exposure & Toxicity Inputs'!B5/1000)*'Exposure & Toxicity Inputs'!B6*'Exposure & Toxicity Inputs'!B7)/('Exposure & Toxicity Inputs'!B4*'Exposure & Toxicity Inputs'!B8)/'Exposure & Toxicity Inputs'!B15 -> 0.0039922413 | K6: =(('Group Mean Concentrations'!F4/1000)*('Exposure & Toxicity Inputs'!C5/1000)*'Exposure & Toxicity Inputs'!C6*'Exposure & Toxicity Inputs'!C7)/('Exposure & Toxicity Inputs'!C4*'Exposure & Toxicity Inputs'!C8)/'Exposure & Toxicity Inputs'!B15 -> 0.0093152296 | L6: =(('Group Mean Concentrations'!G4/1000)*('Exposure & Toxicity Inputs'!B5/1000)*'Exposure & Toxicity Inputs'!B6*'Exposure & Toxicity Inputs'!B7)/('Exposure & Toxicity Inputs'!B4*'Exposure & Toxicity Inputs'!B8)/'Exposure & Toxicity Inputs'!B15 -> 0.0061220317 | M6: =(('Group Mean Concentrations'!G4/1000)*('Exposure & Toxicity Inputs'!C5/1000)*'Exposure & Toxicity Inputs'!C6*'Exposure & Toxicity Inputs'!C7)/('Exposure & Toxicity Inputs'!C4*'Exposure & Toxicity Inputs'!C8)/'Exposure & Toxicity Inputs'!B15 -> 0.014284741 | N6: =(('Group Mean Concentrations'!H4/1000)*('Exposure & Toxicity Inputs'!B5/1000)*'Exposure & Toxicity Inputs'!B6*'Exposure & Toxicity Inputs'!B7)/('Exposure & Toxicity Inputs'!B4*'Exposure & Toxicity Inputs'!B8)/'Exposure & Toxicity Inputs'!B15 -> 0.0041295132 | O6: =(('Group Mean Concentrations'!H4/1000)*('Exposure & Toxicity Inputs'!C5/1000)*'Exposure & Toxicity Inputs'!C6*'Exposure & Toxicity Inputs'!C7)/('Exposure & Toxicity Inputs'!C4*'Exposure & Toxicity Inputs'!C8)/'Exposure & Toxicity Inputs'!B15 -> 0.0096355309
A7: p,p'-DDT | B7: =(('Group Mean Concentrations'!B5/1000)*('Exposure & Toxicity Inputs'!B5/1000)*'Exposure & Toxicity Inputs'!B6*'Exposure & Toxicity Inputs'!B7)/('Exposure & Toxicity Inputs'!B4*'Exposure & Toxicity Inputs'!B8)/'Exposure & Toxicity Inputs'!B16 -> 0.002655073 | C7: =(('Group Mean Concentrations'!B5/1000)*('Exposure & Toxicity Inputs'!C5/1000)*'Exposure & Toxicity Inputs'!C6*'Exposure & Toxicity Inputs'!C7)/('Exposure & Toxicity Inputs'!C4*'Exposure & Toxicity Inputs'!C8)/'Exposure & Toxicity Inputs'!B16 -> 0.0061951704 | D7: =(('Group Mean Concentrations'!C5/1000)*('Exposure & Toxicity Inputs'!B5/1000)*'Exposure & Toxicity Inputs'!B6*'Exposure & Toxicity Inputs'!B7)/('Exposure & Toxicity Inputs'!B4*'Exposure & Toxicity Inputs'!B8)/'Exposure & Toxicity Inputs'!B16 -> 0.0063388635 | E7: =(('Group Mean Concentrations'!C5/1000)*('Exposure & Toxicity Inputs'!C5/1000)*'Exposure & Toxicity Inputs'!C6*'Exposure & Toxicity Inputs'!C7)/('Exposure & Toxicity Inputs'!C4*'Exposure & Toxicity Inputs'!C8)/'Exposure & Toxicity Inputs'!B16 -> 0.014790681 | F7: =(('Group Mean Concentrations'!D5/1000)*('Exposure & Toxicity Inputs'!B5/1000)*'Exposure & Toxicity Inputs'!B6*'Exposure & Toxicity Inputs'!B7)/('Exposure & Toxicity Inputs'!B4*'Exposure & Toxicity Inputs'!B8)/'Exposure & Toxicity Inputs'!B16 -> 0.0084782857 | G7: =(('Group Mean Concentrations'!D5/1000)*('Exposure & Toxicity Inputs'!C5/1000)*'Exposure & Toxicity Inputs'!C6*'Exposure & Toxicity Inputs'!C7)/('Exposure & Toxicity Inputs'!C4*'Exposure & Toxicity Inputs'!C8)/'Exposure & Toxicity Inputs'!B16 -> 0.019782667 | H7: =(('Group Mean Concentrations'!E5/1000)*('Exposure & Toxicity Inputs'!B5/1000)*'Exposure & Toxicity Inputs'!B6*'Exposure & Toxicity Inputs'!B7)/('Exposure & Toxicity Inputs'!B4*'Exposure & Toxicity Inputs'!B8)/'Exposure & Toxicity Inputs'!B16 -> 0.0033112063 | I7: =(('Group Mean Concentrations'!E5/1000)*('Exposure & Toxicity Inputs'!C5/1000)*'Exposure & Toxicity Inputs'!C6*'Exposure & Toxicity Inputs'!C7)/('Exposure & Toxicity Inputs'!C4*'Exposure & Toxicity Inputs'!C8)/'Exposure & Toxicity Inputs'!B16 -> 0.0077261481 | J7: =(('Group Mean Concentrations'!F5/1000)*('Exposure & Toxicity Inputs'!B5/1000)*'Exposure & Toxicity Inputs'!B6*'Exposure & Toxicity Inputs'!B7)/('Exposure & Toxicity Inputs'!B4*'Exposure & Toxicity Inputs'!B8)/'Exposure & Toxicity Inputs'!B16 -> 0.0045419556 | K7: =(('Group Mean Concentrations'!F5/1000)*('Exposure & Toxicity Inputs'!C5/1000)*'Exposure & Toxicity Inputs'!C6*'Exposure & Toxicity Inputs'!C7)/('Exposure & Toxicity Inputs'!C4*'Exposure & Toxicity Inputs'!C8)/'Exposure & Toxicity Inputs'!B16 -> 0.010597896 | L7: =(('Group Mean Concentrations'!G5/1000)*('Exposure & Toxicity Inputs'!B5/1000)*'Exposure & Toxicity Inputs'!B6*'Exposure & Toxicity Inputs'!B7)/('Exposure & Toxicity Inputs'!B4*'Exposure & Toxicity Inputs'!B8)/'Exposure & Toxicity Inputs'!B16 -> 0.0096190603 | M7: =(('Group Mean Concentrations'!G5/1000)*('Exposure & Toxicity Inputs'!C5/1000)*'Exposure & Toxicity Inputs'!C6*'Exposure & Toxicity Inputs'!C7)/('Exposure & Toxicity Inputs'!C4*'Exposure & Toxicity Inputs'!C8)/'Exposure & Toxicity Inputs'!B16 -> 0.022444474 | N7: =(('Group Mean Concentrations'!H5/1000)*('Exposure & Toxicity Inputs'!B5/1000)*'Exposure & Toxicity Inputs'!B6*'Exposure & Toxicity Inputs'!B7)/('Exposure & Toxicity Inputs'!B4*'Exposure & Toxicity Inputs'!B8)/'Exposure & Toxicity Inputs'!B16 -> 0.0058240741 | O7: =(('Group Mean Concentrations'!H5/1000)*('Exposure & Toxicity Inputs'!C5/1000)*'Exposure & Toxicity Inputs'!C6*'Exposure & Toxicity Inputs'!C7)/('Exposure & Toxicity Inputs'!C4*'Exposure & Toxicity Inputs'!C8)/'Exposure & Toxicity Inputs'!B16 -> 0.013589506
A8: o,p'-DDD | B8: =(('Group Mean Concentrations'!B6/1000)*('Exposure & Toxicity Inputs'!B5/1000)*'Exposure & Toxicity Inputs'!B6*'Exposure & Toxicity Inputs'!B7)/('Exposure & Toxicity Inputs'!B4*'Exposure & Toxicity Inputs'!B8)/'Exposure & Toxicity Inputs'!B17 -> 0.0010571429 | C8: =(('Group Mean Concentrations'!B6/1000)*('Exposure & Toxicity Inputs'!C5/1000)*'Exposure & Toxicity Inputs'!C6*'Exposure & Toxicity Inputs'!C7)/('Exposure & Toxicity Inputs'!C4*'Exposure & Toxicity Inputs'!C8)/'Exposure & Toxicity Inputs'!B17 -> 0.0024666667 | D8: =(('Group Mean Concentrations'!C6/1000)*('Exposure & Toxicity Inputs'!B5/1000)*'Exposure & Toxicity Inputs'!B6*'Exposure & Toxicity Inputs'!B7)/('Exposure & Toxicity Inputs'!B4*'Exposure & Toxicity Inputs'!B8)/'Exposure & Toxicity Inputs'!B17 -> 0.0010571429 | E8: =(('Group Mean Concentrations'!C6/1000)*('Exposure & Toxicity Inputs'!C5/1000)*'Exposure & Toxicity Inputs'!C6*'Exposure & Toxicity Inputs'!C7)/('Exposure & Toxicity Inputs'!C4*'Exposure & Toxicity Inputs'!C8)/'Exposure & Toxicity Inputs'!B17 -> 0.0024666667 | F8: =(('Group Mean Concentrations'!D6/1000)*('Exposure & Toxicity Inputs'!B5/1000)*'Exposure & Toxicity Inputs'!B6*'Exposure & Toxicity Inputs'!B7)/('Exposure & Toxicity Inputs'!B4*'Exposure & Toxicity Inputs'!B8)/'Exposure & Toxicity Inputs'!B17 -> 0.0056305778 | G8: =(('Group Mean Concentrations'!D6/1000)*('Exposure & Toxicity Inputs'!C5/1000)*'Exposure & Toxicity Inputs'!C6*'Exposure & Toxicity Inputs'!C7)/('Exposure & Toxicity Inputs'!C4*'Exposure & Toxicity Inputs'!C8)/'Exposure & Toxicity Inputs'!B17 -> 0.013138015 | H8: =(('Group Mean Concentrations'!E6/1000)*('Exposure & Toxicity Inputs'!B5/1000)*'Exposure & Toxicity Inputs'!B6*'Exposure & Toxicity Inputs'!B7)/('Exposure & Toxicity Inputs'!B4*'Exposure & Toxicity Inputs'!B8)/'Exposure & Toxicity Inputs'!B17 -> 0.0010571429 | I8: =(('Group Mean Concentrations'!E6/1000)*('Exposure & Toxicity Inputs'!C5/1000)*'Exposure & Toxicity Inputs'!C6*'Exposure & Toxicity Inputs'!C7)/('Exposure & Toxicity Inputs'!C4*'Exposure & Toxicity Inputs'!C8)/'Exposure & Toxicity Inputs'!B17 -> 0.0024666667 | J8: =(('Group Mean Concentrations'!F6/1000)*('Exposure & Toxicity Inputs'!B5/1000)*'Exposure & Toxicity Inputs'!B6*'Exposure & Toxicity Inputs'!B7)/('Exposure & Toxicity Inputs'!B4*'Exposure & Toxicity Inputs'!B8)/'Exposure & Toxicity Inputs'!B17 -> 0.0027168571 | K8: =(('Group Mean Concentrations'!F6/1000)*('Exposure & Toxicity Inputs'!C5/1000)*'Exposure & Toxicity Inputs'!C6*'Exposure & Toxicity Inputs'!C7)/('Exposure & Toxicity Inputs'!C4*'Exposure & Toxicity Inputs'!C8)/'Exposure & Toxicity Inputs'!B17 -> 0.0063393333 | L8: =(('Group Mean Concentrations'!G6/1000)*('Exposure & Toxicity Inputs'!B5/1000)*'Exposure & Toxicity Inputs'!B6*'Exposure & Toxicity Inputs'!B7)/('Exposure & Toxicity Inputs'!B4*'Exposure & Toxicity Inputs'!B8)/'Exposure & Toxicity Inputs'!B17 -> 0.0039708635 | M8: =(('Group Mean Concentrations'!G6/1000)*('Exposure & Toxicity Inputs'!C5/1000)*'Exposure & Toxicity Inputs'!C6*'Exposure & Toxicity Inputs'!C7)/('Exposure & Toxicity Inputs'!C4*'Exposure & Toxicity Inputs'!C8)/'Exposure & Toxicity Inputs'!B17 -> 0.0092653481 | N8: =(('Group Mean Concentrations'!H6/1000)*('Exposure & Toxicity Inputs'!B5/1000)*'Exposure & Toxicity Inputs'!B6*'Exposure & Toxicity Inputs'!B7)/('Exposure & Toxicity Inputs'!B4*'Exposure & Toxicity Inputs'!B8)/'Exposure & Toxicity Inputs'!B17 -> 0.0025816212 | O8: =(('Group Mean Concentrations'!H6/1000)*('Exposure & Toxicity Inputs'!C5/1000)*'Exposure & Toxicity Inputs'!C6*'Exposure & Toxicity Inputs'!C7)/('Exposure & Toxicity Inputs'!C4*'Exposure & Toxicity Inputs'!C8)/'Exposure & Toxicity Inputs'!B17 -> 0.0060237827
A9: p,p'-DDD | B9: =(('Group Mean Concentrations'!B7/1000)*('Exposure & Toxicity Inputs'!B5/1000)*'Exposure & Toxicity Inputs'!B6*'Exposure & Toxicity Inputs'!B7)/('Exposure & Toxicity Inputs'!B4*'Exposure & Toxicity Inputs'!B8)/'Exposure & Toxicity Inputs'!B18 -> 0.0035456571 | C9: =(('Group Mean Concentrations'!B7/1000)*('Exposure & Toxicity Inputs'!C5/1000)*'Exposure & Toxicity Inputs'!C6*'Exposure & Toxicity Inputs'!C7)/('Exposure & Toxicity Inputs'!C4*'Exposure & Toxicity Inputs'!C8)/'Exposure & Toxicity Inputs'!B18 -> 0.0082732 | D9: =(('Group Mean Concentrations'!C7/1000)*('Exposure & Toxicity Inputs'!B5/1000)*'Exposure & Toxicity Inputs'!B6*'Exposure & Toxicity Inputs'!B7)/('Exposure & Toxicity Inputs'!B4*'Exposure & Toxicity Inputs'!B8)/'Exposure & Toxicity Inputs'!B18 -> 0.0045015492 | E9: =(('Group Mean Concentrations'!C7/1000)*('Exposure & Toxicity Inputs'!C5/1000)*'Exposure & Toxicity Inputs'!C6*'Exposure & Toxicity Inputs'!C7)/('Exposure & Toxicity Inputs'!C4*'Exposure & Toxicity Inputs'!C8)/'Exposure & Toxicity Inputs'!B18 -> 0.010503615 | F9: =(('Group Mean Concentrations'!D7/1000)*('Exposure & Toxicity Inputs'!B5/1000)*'Exposure & Toxicity Inputs'!B6*'Exposure & Toxicity Inputs'!B7)/('Exposure & Toxicity Inputs'!B4*'Exposure & Toxicity Inputs'!B8)/'Exposure & Toxicity Inputs'!B18 -> 0.0069818413 | G9: =(('Group Mean Concentrations'!D7/1000)*('Exposure & Toxicity Inputs'!C5/1000)*'Exposure & Toxicity Inputs'!C6*'Exposure & Toxicity Inputs'!C7)/('Exposure & Toxicity Inputs'!C4*'Exposure & Toxicity Inputs'!C8)/'Exposure & Toxicity Inputs'!B18 -> 0.016290963 | H9: =(('Group Mean Concentrations'!E7/1000)*('Exposure & Toxicity Inputs'!B5/1000)*'Exposure & Toxicity Inputs'!B6*'Exposure & Toxicity Inputs'!B7)/('Exposure & Toxicity Inputs'!B4*'Exposure & Toxicity Inputs'!B8)/'Exposure & Toxicity Inputs'!B18 -> 0.0030617206 | I9: =(('Group Mean Concentrations'!E7/1000)*('Exposure & Toxicity Inputs'!C5/1000)*'Exposure & Toxicity Inputs'!C6*'Exposure & Toxicity Inputs'!C7)/('Exposure & Toxicity Inputs'!C4*'Exposure & Toxicity Inputs'!C8)/'Exposure & Toxicity Inputs'!B18 -> 0.0071440148 | J9: =(('Group Mean Concentrations'!F7/1000)*('Exposure & Toxicity Inputs'!B5/1000)*'Exposure & Toxicity Inputs'!B6*'Exposure & Toxicity Inputs'!B7)/('Exposure & Toxicity Inputs'!B4*'Exposure & Toxicity Inputs'!B8)/'Exposure & Toxicity Inputs'!B18 -> 0.0050280063 | K9: =(('Group Mean Concentrations'!F7/1000)*('Exposure & Toxicity Inputs'!C5/1000)*'Exposure & Toxicity Inputs'!C6*'Exposure & Toxicity Inputs'!C7)/('Exposure & Toxicity Inputs'!C4*'Exposure & Toxicity Inputs'!C8)/'Exposure & Toxicity Inputs'!B18 -> 0.011732015 | L9: =(('Group Mean Concentrations'!G7/1000)*('Exposure & Toxicity Inputs'!B5/1000)*'Exposure & Toxicity Inputs'!B6*'Exposure & Toxicity Inputs'!B7)/('Exposure & Toxicity Inputs'!B4*'Exposure & Toxicity Inputs'!B8)/'Exposure & Toxicity Inputs'!B18 -> 0.0069393206 | M9: =(('Group Mean Concentrations'!G7/1000)*('Exposure & Toxicity Inputs'!C5/1000)*'Exposure & Toxicity Inputs'!C6*'Exposure & Toxicity Inputs'!C7)/('Exposure & Toxicity Inputs'!C4*'Exposure & Toxicity Inputs'!C8)/'Exposure & Toxicity Inputs'!B18 -> 0.016191748 | N9: =(('Group Mean Concentrations'!H7/1000)*('Exposure & Toxicity Inputs'!B5/1000)*'Exposure & Toxicity Inputs'!B6*'Exposure & Toxicity Inputs'!B7)/('Exposure & Toxicity Inputs'!B4*'Exposure & Toxicity Inputs'!B8)/'Exposure & Toxicity Inputs'!B18 -> 0.0050096825 | O9: =(('Group Mean Concentrations'!H7/1000)*('Exposure & Toxicity Inputs'!C5/1000)*'Exposure & Toxicity Inputs'!C6*'Exposure & Toxicity Inputs'!C7)/('Exposure & Toxicity Inputs'!C4*'Exposure & Toxicity Inputs'!C8)/'Exposure & Toxicity Inputs'!B18 -> 0.011689259
A10: o,p'-DDE | B10: =(('Group Mean Concentrations'!B8/1000)*('Exposure & Toxicity Inputs'!B5/1000)*'Exposure & Toxicity Inputs'!B6*'Exposure & Toxicity Inputs'!B7)/('Exposure & Toxicity Inputs'!B4*'Exposure & Toxicity Inputs'!B8)/'Exposure & Toxicity Inputs'!B19 -> 0.0040056317 | C10: =(('Group Mean Concentrations'!B8/1000)*('Exposure & Toxicity Inputs'!C5/1000)*'Exposure & Toxicity Inputs'!C6*'Exposure & Toxicity Inputs'!C7)/('Exposure & Toxicity Inputs'!C4*'Exposure & Toxicity Inputs'!C8)/'Exposure & Toxicity Inputs'!B19 -> 0.0093464741 | D10: =(('Group Mean Concentrations'!C8/1000)*('Exposure & Toxicity Inputs'!B5/1000)*'Exposure & Toxicity Inputs'!B6*'Exposure & Toxicity Inputs'!B7)/('Exposure & Toxicity Inputs'!B4*'Exposure & Toxicity Inputs'!B8)/'Exposure & Toxicity Inputs'!B19 -> 0.010533606 | E10: =(('Group Mean Concentrations'!C8/1000)*('Exposure & Toxicity Inputs'!C5/1000)*'Exposure & Toxicity Inputs'!C6*'Exposure & Toxicity Inputs'!C7)/('Exposure & Toxicity Inputs'!C4*'Exposure & Toxicity Inputs'!C8)/'Exposure & Toxicity Inputs'!B19 -> 0.024578415 | F10: =(('Group Mean Concentrations'!D8/1000)*('Exposure & Toxicity Inputs'!B5/1000)*'Exposure & Toxicity Inputs'!B6*'Exposure & Toxicity Inputs'!B7)/('Exposure & Toxicity Inputs'!B4*'Exposure & Toxicity Inputs'!B8)/'Exposure & Toxicity Inputs'!B19 -> 0.01339541 | G10: =(('Group Mean Concentrations'!D8/1000)*('Exposure & Toxicity Inputs'!C5/1000)*'Exposure & Toxicity Inputs'!C6*'Exposure & Toxicity Inputs'!C7)/('Exposure & Toxicity Inputs'!C4*'Exposure & Toxicity Inputs'!C8)/'Exposure & Toxicity Inputs'!B19 -> 0.031255956 | H10: =(('Group Mean Concentrations'!E8/1000)*('Exposure & Toxicity Inputs'!B5/1000)*'Exposure & Toxicity Inputs'!B6*'Exposure & Toxicity Inputs'!B7)/('Exposure & Toxicity Inputs'!B4*'Exposure & Toxicity Inputs'!B8)/'Exposure & Toxicity Inputs'!B19 -> 0.0069942921 | I10: =(('Group Mean Concentrations'!E8/1000)*('Exposure & Toxicity Inputs'!C5/1000)*'Exposure & Toxicity Inputs'!C6*'Exposure & Toxicity Inputs'!C7)/('Exposure & Toxicity Inputs'!C4*'Exposure & Toxicity Inputs'!C8)/'Exposure & Toxicity Inputs'!B19 -> 0.016320015 | J10: =(('Group Mean Concentrations'!F8/1000)*('Exposure & Toxicity Inputs'!B5/1000)*'Exposure & Toxicity Inputs'!B6*'Exposure & Toxicity Inputs'!B7)/('Exposure & Toxicity Inputs'!B4*'Exposure & Toxicity Inputs'!B8)/'Exposure & Toxicity Inputs'!B19 -> 0.0092314413 | K10: =(('Group Mean Concentrations'!F8/1000)*('Exposure & Toxicity Inputs'!C5/1000)*'Exposure & Toxicity Inputs'!C6*'Exposure & Toxicity Inputs'!C7)/('Exposure & Toxicity Inputs'!C4*'Exposure & Toxicity Inputs'!C8)/'Exposure & Toxicity Inputs'!B19 -> 0.02154003 | L10: =(('Group Mean Concentrations'!G8/1000)*('Exposure & Toxicity Inputs'!B5/1000)*'Exposure & Toxicity Inputs'!B6*'Exposure & Toxicity Inputs'!B7)/('Exposure & Toxicity Inputs'!B4*'Exposure & Toxicity Inputs'!B8)/'Exposure & Toxicity Inputs'!B19 -> 0.011708914 | M10: =(('Group Mean Concentrations'!G8/1000)*('Exposure & Toxicity Inputs'!C5/1000)*'Exposure & Toxicity Inputs'!C6*'Exposure & Toxicity Inputs'!C7)/('Exposure & Toxicity Inputs'!C4*'Exposure & Toxicity Inputs'!C8)/'Exposure & Toxicity Inputs'!B19 -> 0.0273208 | N10: =(('Group Mean Concentrations'!H8/1000)*('Exposure & Toxicity Inputs'!B5/1000)*'Exposure & Toxicity Inputs'!B6*'Exposure & Toxicity Inputs'!B7)/('Exposure & Toxicity Inputs'!B4*'Exposure & Toxicity Inputs'!B8)/'Exposure & Toxicity Inputs'!B19 -> 0.0093115492 | O10: =(('Group Mean Concentrations'!H8/1000)*('Exposure & Toxicity Inputs'!C5/1000)*'Exposure & Toxicity Inputs'!C6*'Exposure & Toxicity Inputs'!C7)/('Exposure & Toxicity Inputs'!C4*'Exposure & Toxicity Inputs'!C8)/'Exposure & Toxicity Inputs'!B19 -> 0.021726948
A11: p,p'-DDE | B11: =(('Group Mean Concentrations'!B9/1000)*('Exposure & Toxicity Inputs'!B5/1000)*'Exposure & Toxicity Inputs'!B6*'Exposure & Toxicity Inputs'!B7)/('Exposure & Toxicity Inputs'!B4*'Exposure & Toxicity Inputs'!B8)/'Exposure & Toxicity Inputs'!B20 -> 0.0064826349 | C11: =(('Group Mean Concentrations'!B9/1000)*('Exposure & Toxicity Inputs'!C5/1000)*'Exposure & Toxicity Inputs'!C6*'Exposure & Toxicity Inputs'!C7)/('Exposure & Toxicity Inputs'!C4*'Exposure & Toxicity Inputs'!C8)/'Exposure & Toxicity Inputs'!B20 -> 0.015126148 | D11: =(('Group Mean Concentrations'!C9/1000)*('Exposure & Toxicity Inputs'!B5/1000)*'Exposure & Toxicity Inputs'!B6*'Exposure & Toxicity Inputs'!B7)/('Exposure & Toxicity Inputs'!B4*'Exposure & Toxicity Inputs'!B8)/'Exposure & Toxicity Inputs'!B20 -> 0.0087491492 | E11: =(('Group Mean Concentrations'!C9/1000)*('Exposure & Toxicity Inputs'!C5/1000)*'Exposure & Toxicity Inputs'!C6*'Exposure & Toxicity Inputs'!C7)/('Exposure & Toxicity Inputs'!C4*'Exposure & Toxicity Inputs'!C8)/'Exposure & Toxicity Inputs'!B20 -> 0.020414681 | F11: =(('Group Mean Concentrations'!D9/1000)*('Exposure & Toxicity Inputs'!B5/1000)*'Exposure & Toxicity Inputs'!B6*'Exposure & Toxicity Inputs'!B7)/('Exposure & Toxicity Inputs'!B4*'Exposure & Toxicity Inputs'!B8)/'Exposure & Toxicity Inputs'!B20 -> 0.013308254 | G11: =(('Group Mean Concentrations'!D9/1000)*('Exposure & Toxicity Inputs'!C5/1000)*'Exposure & Toxicity Inputs'!C6*'Exposure & Toxicity Inputs'!C7)/('Exposure & Toxicity Inputs'!C4*'Exposure & Toxicity Inputs'!C8)/'Exposure & Toxicity Inputs'!B20 -> 0.031052593 | H11: =(('Group Mean Concentrations'!E9/1000)*('Exposure & Toxicity Inputs'!B5/1000)*'Exposure & Toxicity Inputs'!B6*'Exposure & Toxicity Inputs'!B7)/('Exposure & Toxicity Inputs'!B4*'Exposure & Toxicity Inputs'!B8)/'Exposure & Toxicity Inputs'!B20 -> 0.0074218476 | I11: =(('Group Mean Concentrations'!E9/1000)*('Exposure & Toxicity Inputs'!C5/1000)*'Exposure & Toxicity Inputs'!C6*'Exposure & Toxicity Inputs'!C7)/('Exposure & Toxicity Inputs'!C4*'Exposure & Toxicity Inputs'!C8)/'Exposure & Toxicity Inputs'!B20 -> 0.017317644 | J11: =(('Group Mean Concentrations'!F9/1000)*('Exposure & Toxicity Inputs'!B5/1000)*'Exposure & Toxicity Inputs'!B6*'Exposure & Toxicity Inputs'!B7)/('Exposure & Toxicity Inputs'!B4*'Exposure & Toxicity Inputs'!B8)/'Exposure & Toxicity Inputs'!B20 -> 0.0075618603 | K11: =(('Group Mean Concentrations'!F9/1000)*('Exposure & Toxicity Inputs'!C5/1000)*'Exposure & Toxicity Inputs'!C6*'Exposure & Toxicity Inputs'!C7)/('Exposure & Toxicity Inputs'!C4*'Exposure & Toxicity Inputs'!C8)/'Exposure & Toxicity Inputs'!B20 -> 0.017644341 | L11: =(('Group Mean Concentrations'!G9/1000)*('Exposure & Toxicity Inputs'!B5/1000)*'Exposure & Toxicity Inputs'!B6*'Exposure & Toxicity Inputs'!B7)/('Exposure & Toxicity Inputs'!B4*'Exposure & Toxicity Inputs'!B8)/'Exposure & Toxicity Inputs'!B20 -> 0.01355633 | M11: =(('Group Mean Concentrations'!G9/1000)*('Exposure & Toxicity Inputs'!C5/1000)*'Exposure & Toxicity Inputs'!C6*'Exposure & Toxicity Inputs'!C7)/('Exposure & Toxicity Inputs'!C4*'Exposure & Toxicity Inputs'!C8)/'Exposure & Toxicity Inputs'!B20 -> 0.031631437 | N11: =(('Group Mean Concentrations'!H9/1000)*('Exposure & Toxicity Inputs'!B5/1000)*'Exposure & Toxicity Inputs'!B6*'Exposure & Toxicity Inputs'!B7)/('Exposure & Toxicity Inputs'!B4*'Exposure & Toxicity Inputs'!B8)/'Exposure & Toxicity Inputs'!B20 -> 0.009513346 | O11: =(('Group Mean Concentrations'!H9/1000)*('Exposure & Toxicity Inputs'!C5/1000)*'Exposure & Toxicity Inputs'!C6*'Exposure & Toxicity Inputs'!C7)/('Exposure & Toxicity Inputs'!C4*'Exposure & Toxicity Inputs'!C8)/'Exposure & Toxicity Inputs'!B20 -> 0.022197807
A12: α-HCH | B12: =(('Group Mean Concentrations'!B10/1000)*('Exposure & Toxicity Inputs'!B5/1000)*'Exposure & Toxicity Inputs'!B6*'Exposure & Toxicity Inputs'!B7)/('Exposure & Toxicity Inputs'!B4*'Exposure & Toxicity Inputs'!B8)/'Exposure & Toxicity Inputs'!B21 -> 0.0075033651 | C12: =(('Group Mean Concentrations'!B10/1000)*('Exposure & Toxicity Inputs'!C5/1000)*'Exposure & Toxicity Inputs'!C6*'Exposure & Toxicity Inputs'!C7)/('Exposure & Toxicity Inputs'!C4*'Exposure & Toxicity Inputs'!C8)/'Exposure & Toxicity Inputs'!B21 -> 0.017507852 | D12: =(('Group Mean Concentrations'!C10/1000)*('Exposure & Toxicity Inputs'!B5/1000)*'Exposure & Toxicity Inputs'!B6*'Exposure & Toxicity Inputs'!B7)/('Exposure & Toxicity Inputs'!B4*'Exposure & Toxicity Inputs'!B8)/'Exposure & Toxicity Inputs'!B21 -> 0.0064869418 | E12: =(('Group Mean Concentrations'!C10/1000)*('Exposure & Toxicity Inputs'!C5/1000)*'Exposure & Toxicity Inputs'!C6*'Exposure & Toxicity Inputs'!C7)/('Exposure & Toxicity Inputs'!C4*'Exposure & Toxicity Inputs'!C8)/'Exposure & Toxicity Inputs'!B21 -> 0.015136198 | F12: =(('Group Mean Concentrations'!D10/1000)*('Exposure & Toxicity Inputs'!B5/1000)*'Exposure & Toxicity Inputs'!B6*'Exposure & Toxicity Inputs'!B7)/('Exposure & Toxicity Inputs'!B4*'Exposure & Toxicity Inputs'!B8)/'Exposure & Toxicity Inputs'!B21 -> 0.013204106 | G12: =(('Group Mean Concentrations'!D10/1000)*('Exposure & Toxicity Inputs'!C5/1000)*'Exposure & Toxicity Inputs'!C6*'Exposure & Toxicity Inputs'!C7)/('Exposure & Toxicity Inputs'!C4*'Exposure & Toxicity Inputs'!C8)/'Exposure & Toxicity Inputs'!B21 -> 0.03080958 | H12: =(('Group Mean Concentrations'!E10/1000)*('Exposure & Toxicity Inputs'!B5/1000)*'Exposure & Toxicity Inputs'!B6*'Exposure & Toxicity Inputs'!B7)/('Exposure & Toxicity Inputs'!B4*'Exposure & Toxicity Inputs'!B8)/'Exposure & Toxicity Inputs'!B21 -> 0.0052269841 | I12: =(('Group Mean Concentrations'!E10/1000)*('Exposure & Toxicity Inputs'!C5/1000)*'Exposure & Toxicity Inputs'!C6*'Exposure & Toxicity Inputs'!C7)/('Exposure & Toxicity Inputs'!C4*'Exposure & Toxicity Inputs'!C8)/'Exposure & Toxicity Inputs'!B21 -> 0.012196296 | J12: =(('Group Mean Concentrations'!F10/1000)*('Exposure & Toxicity Inputs'!B5/1000)*'Exposure & Toxicity Inputs'!B6*'Exposure & Toxicity Inputs'!B7)/('Exposure & Toxicity Inputs'!B4*'Exposure & Toxicity Inputs'!B8)/'Exposure & Toxicity Inputs'!B21 -> 0.0064274286 | K12: =(('Group Mean Concentrations'!F10/1000)*('Exposure & Toxicity Inputs'!C5/1000)*'Exposure & Toxicity Inputs'!C6*'Exposure & Toxicity Inputs'!C7)/('Exposure & Toxicity Inputs'!C4*'Exposure & Toxicity Inputs'!C8)/'Exposure & Toxicity Inputs'!B21 -> 0.014997333 | L12: =(('Group Mean Concentrations'!G10/1000)*('Exposure & Toxicity Inputs'!B5/1000)*'Exposure & Toxicity Inputs'!B6*'Exposure & Toxicity Inputs'!B7)/('Exposure & Toxicity Inputs'!B4*'Exposure & Toxicity Inputs'!B8)/'Exposure & Toxicity Inputs'!B21 -> 0.01554 | M12: =(('Group Mean Concentrations'!G10/1000)*('Exposure & Toxicity Inputs'!C5/1000)*'Exposure & Toxicity Inputs'!C6*'Exposure & Toxicity Inputs'!C7)/('Exposure & Toxicity Inputs'!C4*'Exposure & Toxicity Inputs'!C8)/'Exposure & Toxicity Inputs'!B21 -> 0.03626 | N12: =(('Group Mean Concentrations'!H10/1000)*('Exposure & Toxicity Inputs'!B5/1000)*'Exposure & Toxicity Inputs'!B6*'Exposure & Toxicity Inputs'!B7)/('Exposure & Toxicity Inputs'!B4*'Exposure & Toxicity Inputs'!B8)/'Exposure & Toxicity Inputs'!B21 -> 0.0090648042 | O12: =(('Group Mean Concentrations'!H10/1000)*('Exposure & Toxicity Inputs'!C5/1000)*'Exposure & Toxicity Inputs'!C6*'Exposure & Toxicity Inputs'!C7)/('Exposure & Toxicity Inputs'!C4*'Exposure & Toxicity Inputs'!C8)/'Exposure & Toxicity Inputs'!B21 -> 0.02115121
A13: β-HCH | B13: =(('Group Mean Concentrations'!B11/1000)*('Exposure & Toxicity Inputs'!B5/1000)*'Exposure & Toxicity Inputs'!B6*'Exposure & Toxicity Inputs'!B7)/('Exposure & Toxicity Inputs'!B4*'Exposure & Toxicity Inputs'!B8)/'Exposure & Toxicity Inputs'!B22 -> 0.013557661 | C13: =(('Group Mean Concentrations'!B11/1000)*('Exposure & Toxicity Inputs'!C5/1000)*'Exposure & Toxicity Inputs'!C6*'Exposure & Toxicity Inputs'!C7)/('Exposure & Toxicity Inputs'!C4*'Exposure & Toxicity Inputs'!C8)/'Exposure & Toxicity Inputs'!B22 -> 0.031634543 | D13: =(('Group Mean Concentrations'!C11/1000)*('Exposure & Toxicity Inputs'!B5/1000)*'Exposure & Toxicity Inputs'!B6*'Exposure & Toxicity Inputs'!B7)/('Exposure & Toxicity Inputs'!B4*'Exposure & Toxicity Inputs'!B8)/'Exposure & Toxicity Inputs'!B22 -> 0.018180116 | E13: =(('Group Mean Concentrations'!C11/1000)*('Exposure & Toxicity Inputs'!C5/1000)*'Exposure & Toxicity Inputs'!C6*'Exposure & Toxicity Inputs'!C7)/('Exposure & Toxicity Inputs'!C4*'Exposure & Toxicity Inputs'!C8)/'Exposure & Toxicity Inputs'!B22 -> 0.042420272 | F13: =(('Group Mean Concentrations'!D11/1000)*('Exposure & Toxicity Inputs'!B5/1000)*'Exposure & Toxicity Inputs'!B6*'Exposure & Toxicity Inputs'!B7)/('Exposure & Toxicity Inputs'!B4*'Exposure & Toxicity Inputs'!B8)/'Exposure & Toxicity Inputs'!B22 -> 0.021644021 | G13: =(('Group Mean Concentrations'!D11/1000)*('Exposure & Toxicity Inputs'!C5/1000)*'Exposure & Toxicity Inputs'!C6*'Exposure & Toxicity Inputs'!C7)/('Exposure & Toxicity Inputs'!C4*'Exposure & Toxicity Inputs'!C8)/'Exposure & Toxicity Inputs'!B22 -> 0.050502716 | H13: =(('Group Mean Concentrations'!E11/1000)*('Exposure & Toxicity Inputs'!B5/1000)*'Exposure & Toxicity Inputs'!B6*'Exposure & Toxicity Inputs'!B7)/('Exposure & Toxicity Inputs'!B4*'Exposure & Toxicity Inputs'!B8)/'Exposure & Toxicity Inputs'!B22 -> 0.012750709 | I13: =(('Group Mean Concentrations'!E11/1000)*('Exposure & Toxicity Inputs'!C5/1000)*'Exposure & Toxicity Inputs'!C6*'Exposure & Toxicity Inputs'!C7)/('Exposure & Toxicity Inputs'!C4*'Exposure & Toxicity Inputs'!C8)/'Exposure & Toxicity Inputs'!B22 -> 0.029751654 | J13: =(('Group Mean Concentrations'!F11/1000)*('Exposure & Toxicity Inputs'!B5/1000)*'Exposure & Toxicity Inputs'!B6*'Exposure & Toxicity Inputs'!B7)/('Exposure & Toxicity Inputs'!B4*'Exposure & Toxicity Inputs'!B8)/'Exposure & Toxicity Inputs'!B22 -> 0.019940847 | K13: =(('Group Mean Concentrations'!F11/1000)*('Exposure & Toxicity Inputs'!C5/1000)*'Exposure & Toxicity Inputs'!C6*'Exposure & Toxicity Inputs'!C7)/('Exposure & Toxicity Inputs'!C4*'Exposure & Toxicity Inputs'!C8)/'Exposure & Toxicity Inputs'!B22 -> 0.046528642 | L13: =(('Group Mean Concentrations'!G11/1000)*('Exposure & Toxicity Inputs'!B5/1000)*'Exposure & Toxicity Inputs'!B6*'Exposure & Toxicity Inputs'!B7)/('Exposure & Toxicity Inputs'!B4*'Exposure & Toxicity Inputs'!B8)/'Exposure & Toxicity Inputs'!B22 -> 0.020690243 | M13: =(('Group Mean Concentrations'!G11/1000)*('Exposure & Toxicity Inputs'!C5/1000)*'Exposure & Toxicity Inputs'!C6*'Exposure & Toxicity Inputs'!C7)/('Exposure & Toxicity Inputs'!C4*'Exposure & Toxicity Inputs'!C8)/'Exposure & Toxicity Inputs'!B22 -> 0.048277235 | N13: =(('Group Mean Concentrations'!H11/1000)*('Exposure & Toxicity Inputs'!B5/1000)*'Exposure & Toxicity Inputs'!B6*'Exposure & Toxicity Inputs'!B7)/('Exposure & Toxicity Inputs'!B4*'Exposure & Toxicity Inputs'!B8)/'Exposure & Toxicity Inputs'!B22 -> 0.017793933 | O13: =(('Group Mean Concentrations'!H11/1000)*('Exposure & Toxicity Inputs'!C5/1000)*'Exposure & Toxicity Inputs'!C6*'Exposure & Toxicity Inputs'!C7)/('Exposure & Toxicity Inputs'!C4*'Exposure & Toxicity Inputs'!C8)/'Exposure & Toxicity Inputs'!B22 -> 0.041519177
A14: γ-HCH (Lindane) | B14: =(('Group Mean Concentrations'!B12/1000)*('Exposure & Toxicity Inputs'!B5/1000)*'Exposure & Toxicity Inputs'!B6*'Exposure & Toxicity Inputs'!B7)/('Exposure & Toxicity Inputs'!B4*'Exposure & Toxicity Inputs'!B8)/'Exposure & Toxicity Inputs'!B23 -> 0.0017619048 | C14: =(('Group Mean Concentrations'!B12/1000)*('Exposure & Toxicity Inputs'!C5/1000)*'Exposure & Toxicity Inputs'!C6*'Exposure & Toxicity Inputs'!C7)/('Exposure & Toxicity Inputs'!C4*'Exposure & Toxicity Inputs'!C8)/'Exposure & Toxicity Inputs'!B23 -> 0.0041111111 | D14: =(('Group Mean Concentrations'!C12/1000)*('Exposure & Toxicity Inputs'!B5/1000)*'Exposure & Toxicity Inputs'!B6*'Exposure & Toxicity Inputs'!B7)/('Exposure & Toxicity Inputs'!B4*'Exposure & Toxicity Inputs'!B8)/'Exposure & Toxicity Inputs'!B23 -> 0.0017619048 | E14: =(('Group Mean Concentrations'!C12/1000)*('Exposure & Toxicity Inputs'!C5/1000)*'Exposure & Toxicity Inputs'!C6*'Exposure & Toxicity Inputs'!C7)/('Exposure & Toxicity Inputs'!C4*'Exposure & Toxicity Inputs'!C8)/'Exposure & Toxicity Inputs'!B23 -> 0.0041111111 | F14: =(('Group Mean Concentrations'!D12/1000)*('Exposure & Toxicity Inputs'!B5/1000)*'Exposure & Toxicity Inputs'!B6*'Exposure & Toxicity Inputs'!B7)/('Exposure & Toxicity Inputs'!B4*'Exposure & Toxicity Inputs'!B8)/'Exposure & Toxicity Inputs'!B23 -> 0.0059607196 | G14: =(('Group Mean Concentrations'!D12/1000)*('Exposure & Toxicity Inputs'!C5/1000)*'Exposure & Toxicity Inputs'!C6*'Exposure & Toxicity Inputs'!C7)/('Exposure & Toxicity Inputs'!C4*'Exposure & Toxicity Inputs'!C8)/'Exposure & Toxicity Inputs'!B23 -> 0.013908346 | H14: =(('Group Mean Concentrations'!E12/1000)*('Exposure & Toxicity Inputs'!B5/1000)*'Exposure & Toxicity Inputs'!B6*'Exposure & Toxicity Inputs'!B7)/('Exposure & Toxicity Inputs'!B4*'Exposure & Toxicity Inputs'!B8)/'Exposure & Toxicity Inputs'!B23 -> 0.0017619048 | I14: =(('Group Mean Concentrations'!E12/1000)*('Exposure & Toxicity Inputs'!C5/1000)*'Exposure & Toxicity Inputs'!C6*'Exposure & Toxicity Inputs'!C7)/('Exposure & Toxicity Inputs'!C4*'Exposure & Toxicity Inputs'!C8)/'Exposure & Toxicity Inputs'!B23 -> 0.0041111111 | J14: =(('Group Mean Concentrations'!F12/1000)*('Exposure & Toxicity Inputs'!B5/1000)*'Exposure & Toxicity Inputs'!B6*'Exposure & Toxicity Inputs'!B7)/('Exposure & Toxicity Inputs'!B4*'Exposure & Toxicity Inputs'!B8)/'Exposure & Toxicity Inputs'!B23 -> 0.0033785503 | K14: =(('Group Mean Concentrations'!F12/1000)*('Exposure & Toxicity Inputs'!C5/1000)*'Exposure & Toxicity Inputs'!C6*'Exposure & Toxicity Inputs'!C7)/('Exposure & Toxicity Inputs'!C4*'Exposure & Toxicity Inputs'!C8)/'Exposure & Toxicity Inputs'!B23 -> 0.007883284 | L14: =(('Group Mean Concentrations'!G12/1000)*('Exposure & Toxicity Inputs'!B5/1000)*'Exposure & Toxicity Inputs'!B6*'Exposure & Toxicity Inputs'!B7)/('Exposure & Toxicity Inputs'!B4*'Exposure & Toxicity Inputs'!B8)/'Exposure & Toxicity Inputs'!B23 -> 0.0043440741 | M14: =(('Group Mean Concentrations'!G12/1000)*('Exposure & Toxicity Inputs'!C5/1000)*'Exposure & Toxicity Inputs'!C6*'Exposure & Toxicity Inputs'!C7)/('Exposure & Toxicity Inputs'!C4*'Exposure & Toxicity Inputs'!C8)/'Exposure & Toxicity Inputs'!B23 -> 0.010136173 | N14: =(('Group Mean Concentrations'!H12/1000)*('Exposure & Toxicity Inputs'!B5/1000)*'Exposure & Toxicity Inputs'!B6*'Exposure & Toxicity Inputs'!B7)/('Exposure & Toxicity Inputs'!B4*'Exposure & Toxicity Inputs'!B8)/'Exposure & Toxicity Inputs'!B23 -> 0.0031615097 | O14: =(('Group Mean Concentrations'!H12/1000)*('Exposure & Toxicity Inputs'!C5/1000)*'Exposure & Toxicity Inputs'!C6*'Exposure & Toxicity Inputs'!C7)/('Exposure & Toxicity Inputs'!C4*'Exposure & Toxicity Inputs'!C8)/'Exposure & Toxicity Inputs'!B23 -> 0.007376856
A15: δ-HCH | B15: =(('Group Mean Concentrations'!B13/1000)*('Exposure & Toxicity Inputs'!B5/1000)*'Exposure & Toxicity Inputs'!B6*'Exposure & Toxicity Inputs'!B7)/('Exposure & Toxicity Inputs'!B4*'Exposure & Toxicity Inputs'!B8)/'Exposure & Toxicity Inputs'!B24 -> 0.0079963069 | C15: =(('Group Mean Concentrations'!B13/1000)*('Exposure & Toxicity Inputs'!C5/1000)*'Exposure & Toxicity Inputs'!C6*'Exposure & Toxicity Inputs'!C7)/('Exposure & Toxicity Inputs'!C4*'Exposure & Toxicity Inputs'!C8)/'Exposure & Toxicity Inputs'!B24 -> 0.018658049 | D15: =(('Group Mean Concentrations'!C13/1000)*('Exposure & Toxicity Inputs'!B5/1000)*'Exposure & Toxicity Inputs'!B6*'Exposure & Toxicity Inputs'!B7)/('Exposure & Toxicity Inputs'!B4*'Exposure & Toxicity Inputs'!B8)/'Exposure & Toxicity Inputs'!B24 -> 0.0059344868 | E15: =(('Group Mean Concentrations'!C13/1000)*('Exposure & Toxicity Inputs'!C5/1000)*'Exposure & Toxicity Inputs'!C6*'Exposure & Toxicity Inputs'!C7)/('Exposure & Toxicity Inputs'!C4*'Exposure & Toxicity Inputs'!C8)/'Exposure & Toxicity Inputs'!B24 -> 0.013847136 | F15: =(('Group Mean Concentrations'!D13/1000)*('Exposure & Toxicity Inputs'!B5/1000)*'Exposure & Toxicity Inputs'!B6*'Exposure & Toxicity Inputs'!B7)/('Exposure & Toxicity Inputs'!B4*'Exposure & Toxicity Inputs'!B8)/'Exposure & Toxicity Inputs'!B24 -> 0.014960921 | G15: =(('Group Mean Concentrations'!D13/1000)*('Exposure & Toxicity Inputs'!C5/1000)*'Exposure & Toxicity Inputs'!C6*'Exposure & Toxicity Inputs'!C7)/('Exposure & Toxicity Inputs'!C4*'Exposure & Toxicity Inputs'!C8)/'Exposure & Toxicity Inputs'!B24 -> 0.034908815 | H15: =(('Group Mean Concentrations'!E13/1000)*('Exposure & Toxicity Inputs'!B5/1000)*'Exposure & Toxicity Inputs'!B6*'Exposure & Toxicity Inputs'!B7)/('Exposure & Toxicity Inputs'!B4*'Exposure & Toxicity Inputs'!B8)/'Exposure & Toxicity Inputs'!B24 -> 0.0044666243 | I15: =(('Group Mean Concentrations'!E13/1000)*('Exposure & Toxicity Inputs'!C5/1000)*'Exposure & Toxicity Inputs'!C6*'Exposure & Toxicity Inputs'!C7)/('Exposure & Toxicity Inputs'!C4*'Exposure & Toxicity Inputs'!C8)/'Exposure & Toxicity Inputs'!B24 -> 0.010422123 | J15: =(('Group Mean Concentrations'!F13/1000)*('Exposure & Toxicity Inputs'!B5/1000)*'Exposure & Toxicity Inputs'!B6*'Exposure & Toxicity Inputs'!B7)/('Exposure & Toxicity Inputs'!B4*'Exposure & Toxicity Inputs'!B8)/'Exposure & Toxicity Inputs'!B24 -> 0.011078466 | K15: =(('Group Mean Concentrations'!F13/1000)*('Exposure & Toxicity Inputs'!C5/1000)*'Exposure & Toxicity Inputs'!C6*'Exposure & Toxicity Inputs'!C7)/('Exposure & Toxicity Inputs'!C4*'Exposure & Toxicity Inputs'!C8)/'Exposure & Toxicity Inputs'!B24 -> 0.025849753 | L15: =(('Group Mean Concentrations'!G13/1000)*('Exposure & Toxicity Inputs'!B5/1000)*'Exposure & Toxicity Inputs'!B6*'Exposure & Toxicity Inputs'!B7)/('Exposure & Toxicity Inputs'!B4*'Exposure & Toxicity Inputs'!B8)/'Exposure & Toxicity Inputs'!B24 -> 0.013346624 | M15: =(('Group Mean Concentrations'!G13/1000)*('Exposure & Toxicity Inputs'!C5/1000)*'Exposure & Toxicity Inputs'!C6*'Exposure & Toxicity Inputs'!C7)/('Exposure & Toxicity Inputs'!C4*'Exposure & Toxicity Inputs'!C8)/'Exposure & Toxicity Inputs'!B24 -> 0.031142123 | N15: =(('Group Mean Concentrations'!H13/1000)*('Exposure & Toxicity Inputs'!B5/1000)*'Exposure & Toxicity Inputs'!B6*'Exposure & Toxicity Inputs'!B7)/('Exposure & Toxicity Inputs'!B4*'Exposure & Toxicity Inputs'!B8)/'Exposure & Toxicity Inputs'!B24 -> 0.0096305714 | O15: =(('Group Mean Concentrations'!H13/1000)*('Exposure & Toxicity Inputs'!C5/1000)*'Exposure & Toxicity Inputs'!C6*'Exposure & Toxicity Inputs'!C7)/('Exposure & Toxicity Inputs'!C4*'Exposure & Toxicity Inputs'!C8)/'Exposure & Toxicity Inputs'!B24 -> 0.022471333
A16: Aldrin | B16: =(('Group Mean Concentrations'!B14/1000)*('Exposure & Toxicity Inputs'!B5/1000)*'Exposure & Toxicity Inputs'!B6*'Exposure & Toxicity Inputs'!B7)/('Exposure & Toxicity Inputs'!B4*'Exposure & Toxicity Inputs'!B8)/'Exposure & Toxicity Inputs'!B25 -> 0.017619048 | C16: =(('Group Mean Concentrations'!B14/1000)*('Exposure & Toxicity Inputs'!C5/1000)*'Exposure & Toxicity Inputs'!C6*'Exposure & Toxicity Inputs'!C7)/('Exposure & Toxicity Inputs'!C4*'Exposure & Toxicity Inputs'!C8)/'Exposure & Toxicity Inputs'!B25 -> 0.041111111 | D16: =(('Group Mean Concentrations'!C14/1000)*('Exposure & Toxicity Inputs'!B5/1000)*'Exposure & Toxicity Inputs'!B6*'Exposure & Toxicity Inputs'!B7)/('Exposure & Toxicity Inputs'!B4*'Exposure & Toxicity Inputs'!B8)/'Exposure & Toxicity Inputs'!B25 -> 0.053663704 | E16: =(('Group Mean Concentrations'!C14/1000)*('Exposure & Toxicity Inputs'!C5/1000)*'Exposure & Toxicity Inputs'!C6*'Exposure & Toxicity Inputs'!C7)/('Exposure & Toxicity Inputs'!C4*'Exposure & Toxicity Inputs'!C8)/'Exposure & Toxicity Inputs'!B25 -> 0.12521531 | F16: =(('Group Mean Concentrations'!D14/1000)*('Exposure & Toxicity Inputs'!B5/1000)*'Exposure & Toxicity Inputs'!B6*'Exposure & Toxicity Inputs'!B7)/('Exposure & Toxicity Inputs'!B4*'Exposure & Toxicity Inputs'!B8)/'Exposure & Toxicity Inputs'!B25 -> 0.17958508 | G16: =(('Group Mean Concentrations'!D14/1000)*('Exposure & Toxicity Inputs'!C5/1000)*'Exposure & Toxicity Inputs'!C6*'Exposure & Toxicity Inputs'!C7)/('Exposure & Toxicity Inputs'!C4*'Exposure & Toxicity Inputs'!C8)/'Exposure & Toxicity Inputs'!B25 -> 0.41903185 | H16: =(('Group Mean Concentrations'!E14/1000)*('Exposure & Toxicity Inputs'!B5/1000)*'Exposure & Toxicity Inputs'!B6*'Exposure & Toxicity Inputs'!B7)/('Exposure & Toxicity Inputs'!B4*'Exposure & Toxicity Inputs'!B8)/'Exposure & Toxicity Inputs'!B25 -> 0.060061376 | I16: =(('Group Mean Concentrations'!E14/1000)*('Exposure & Toxicity Inputs'!C5/1000)*'Exposure & Toxicity Inputs'!C6*'Exposure & Toxicity Inputs'!C7)/('Exposure & Toxicity Inputs'!C4*'Exposure & Toxicity Inputs'!C8)/'Exposure & Toxicity Inputs'!B25 -> 0.14014321 | J16: =(('Group Mean Concentrations'!F14/1000)*('Exposure & Toxicity Inputs'!B5/1000)*'Exposure & Toxicity Inputs'!B6*'Exposure & Toxicity Inputs'!B7)/('Exposure & Toxicity Inputs'!B4*'Exposure & Toxicity Inputs'!B8)/'Exposure & Toxicity Inputs'!B25 -> 0.074011746 | K16: =(('Group Mean Concentrations'!F14/1000)*('Exposure & Toxicity Inputs'!C5/1000)*'Exposure & Toxicity Inputs'!C6*'Exposure & Toxicity Inputs'!C7)/('Exposure & Toxicity Inputs'!C4*'Exposure & Toxicity Inputs'!C8)/'Exposure & Toxicity Inputs'!B25 -> 0.17269407 | L16: =(('Group Mean Concentrations'!G14/1000)*('Exposure & Toxicity Inputs'!B5/1000)*'Exposure & Toxicity Inputs'!B6*'Exposure & Toxicity Inputs'!B7)/('Exposure & Toxicity Inputs'!B4*'Exposure & Toxicity Inputs'!B8)/'Exposure & Toxicity Inputs'!B25 -> 0.11679471 | M16: =(('Group Mean Concentrations'!G14/1000)*('Exposure & Toxicity Inputs'!C5/1000)*'Exposure & Toxicity Inputs'!C6*'Exposure & Toxicity Inputs'!C7)/('Exposure & Toxicity Inputs'!C4*'Exposure & Toxicity Inputs'!C8)/'Exposure & Toxicity Inputs'!B25 -> 0.27252099 | N16: =(('Group Mean Concentrations'!H14/1000)*('Exposure & Toxicity Inputs'!B5/1000)*'Exposure & Toxicity Inputs'!B6*'Exposure & Toxicity Inputs'!B7)/('Exposure & Toxicity Inputs'!B4*'Exposure & Toxicity Inputs'!B8)/'Exposure & Toxicity Inputs'!B25 -> 0.08362261 | O16: =(('Group Mean Concentrations'!H14/1000)*('Exposure & Toxicity Inputs'!C5/1000)*'Exposure & Toxicity Inputs'!C6*'Exposure & Toxicity Inputs'!C7)/('Exposure & Toxicity Inputs'!C4*'Exposure & Toxicity Inputs'!C8)/'Exposure & Toxicity Inputs'!B25 -> 0.19511942
A17: Dieldrin | B17: =(('Group Mean Concentrations'!B15/1000)*('Exposure & Toxicity Inputs'!B5/1000)*'Exposure & Toxicity Inputs'!B6*'Exposure & Toxicity Inputs'!B7)/('Exposure & Toxicity Inputs'!B4*'Exposure & Toxicity Inputs'!B8)/'Exposure & Toxicity Inputs'!B26 -> 0.010571429 | C17: =(('Group Mean Concentrations'!B15/1000)*('Exposure & Toxicity Inputs'!C5/1000)*'Exposure & Toxicity Inputs'!C6*'Exposure & Toxicity Inputs'!C7)/('Exposure & Toxicity Inputs'!C4*'Exposure & Toxicity Inputs'!C8)/'Exposure & Toxicity Inputs'!B26 -> 0.024666667 | D17: =(('Group Mean Concentrations'!C15/1000)*('Exposure & Toxicity Inputs'!B5/1000)*'Exposure & Toxicity Inputs'!B6*'Exposure & Toxicity Inputs'!B7)/('Exposure & Toxicity Inputs'!B4*'Exposure & Toxicity Inputs'!B8)/'Exposure & Toxicity Inputs'!B26 -> 0.088720127 | E17: =(('Group Mean Concentrations'!C15/1000)*('Exposure & Toxicity Inputs'!C5/1000)*'Exposure & Toxicity Inputs'!C6*'Exposure & Toxicity Inputs'!C7)/('Exposure & Toxicity Inputs'!C4*'Exposure & Toxicity Inputs'!C8)/'Exposure & Toxicity Inputs'!B26 -> 0.20701363 | F17: =(('Group Mean Concentrations'!D15/1000)*('Exposure & Toxicity Inputs'!B5/1000)*'Exposure & Toxicity Inputs'!B6*'Exposure & Toxicity Inputs'!B7)/('Exposure & Toxicity Inputs'!B4*'Exposure & Toxicity Inputs'!B8)/'Exposure & Toxicity Inputs'!B26 -> 0.13258921 | G17: =(('Group Mean Concentrations'!D15/1000)*('Exposure & Toxicity Inputs'!C5/1000)*'Exposure & Toxicity Inputs'!C6*'Exposure & Toxicity Inputs'!C7)/('Exposure & Toxicity Inputs'!C4*'Exposure & Toxicity Inputs'!C8)/'Exposure & Toxicity Inputs'!B26 -> 0.30937481 | H17: =(('Group Mean Concentrations'!E15/1000)*('Exposure & Toxicity Inputs'!B5/1000)*'Exposure & Toxicity Inputs'!B6*'Exposure & Toxicity Inputs'!B7)/('Exposure & Toxicity Inputs'!B4*'Exposure & Toxicity Inputs'!B8)/'Exposure & Toxicity Inputs'!B26 -> 0.046779746 | I17: =(('Group Mean Concentrations'!E15/1000)*('Exposure & Toxicity Inputs'!C5/1000)*'Exposure & Toxicity Inputs'!C6*'Exposure & Toxicity Inputs'!C7)/('Exposure & Toxicity Inputs'!C4*'Exposure & Toxicity Inputs'!C8)/'Exposure & Toxicity Inputs'!B26 -> 0.10915274 | J17: =(('Group Mean Concentrations'!F15/1000)*('Exposure & Toxicity Inputs'!B5/1000)*'Exposure & Toxicity Inputs'!B6*'Exposure & Toxicity Inputs'!B7)/('Exposure & Toxicity Inputs'!B4*'Exposure & Toxicity Inputs'!B8)/'Exposure & Toxicity Inputs'!B26 -> 0.087324698 | K17: =(('Group Mean Concentrations'!F15/1000)*('Exposure & Toxicity Inputs'!C5/1000)*'Exposure & Toxicity Inputs'!C6*'Exposure & Toxicity Inputs'!C7)/('Exposure & Toxicity Inputs'!C4*'Exposure & Toxicity Inputs'!C8)/'Exposure & Toxicity Inputs'!B26 -> 0.20375763 | L17: =(('Group Mean Concentrations'!G15/1000)*('Exposure & Toxicity Inputs'!B5/1000)*'Exposure & Toxicity Inputs'!B6*'Exposure & Toxicity Inputs'!B7)/('Exposure & Toxicity Inputs'!B4*'Exposure & Toxicity Inputs'!B8)/'Exposure & Toxicity Inputs'!B26 -> 0.097776317 | M17: =(('Group Mean Concentrations'!G15/1000)*('Exposure & Toxicity Inputs'!C5/1000)*'Exposure & Toxicity Inputs'!C6*'Exposure & Toxicity Inputs'!C7)/('Exposure & Toxicity Inputs'!C4*'Exposure & Toxicity Inputs'!C8)/'Exposure & Toxicity Inputs'!B26 -> 0.22814474 | N17: =(('Group Mean Concentrations'!H15/1000)*('Exposure & Toxicity Inputs'!B5/1000)*'Exposure & Toxicity Inputs'!B6*'Exposure & Toxicity Inputs'!B7)/('Exposure & Toxicity Inputs'!B4*'Exposure & Toxicity Inputs'!B8)/'Exposure & Toxicity Inputs'!B26 -> 0.077293587 | O17: =(('Group Mean Concentrations'!H15/1000)*('Exposure & Toxicity Inputs'!C5/1000)*'Exposure & Toxicity Inputs'!C6*'Exposure & Toxicity Inputs'!C7)/('Exposure & Toxicity Inputs'!C4*'Exposure & Toxicity Inputs'!C8)/'Exposure & Toxicity Inputs'!B26 -> 0.1803517
A18: Heptachlor | B18: =(('Group Mean Concentrations'!B16/1000)*('Exposure & Toxicity Inputs'!B5/1000)*'Exposure & Toxicity Inputs'!B6*'Exposure & Toxicity Inputs'!B7)/('Exposure & Toxicity Inputs'!B4*'Exposure & Toxicity Inputs'!B8)/'Exposure & Toxicity Inputs'!B27 -> 0.0010571429 | C18: =(('Group Mean Concentrations'!B16/1000)*('Exposure & Toxicity Inputs'!C5/1000)*'Exposure & Toxicity Inputs'!C6*'Exposure & Toxicity Inputs'!C7)/('Exposure & Toxicity Inputs'!C4*'Exposure & Toxicity Inputs'!C8)/'Exposure & Toxicity Inputs'!B27 -> 0.0024666667 | D18: =(('Group Mean Concentrations'!C16/1000)*('Exposure & Toxicity Inputs'!B5/1000)*'Exposure & Toxicity Inputs'!B6*'Exposure & Toxicity Inputs'!B7)/('Exposure & Toxicity Inputs'!B4*'Exposure & Toxicity Inputs'!B8)/'Exposure & Toxicity Inputs'!B27 -> 0.0031094095 | E18: =(('Group Mean Concentrations'!C16/1000)*('Exposure & Toxicity Inputs'!C5/1000)*'Exposure & Toxicity Inputs'!C6*'Exposure & Toxicity Inputs'!C7)/('Exposure & Toxicity Inputs'!C4*'Exposure & Toxicity Inputs'!C8)/'Exposure & Toxicity Inputs'!B27 -> 0.0072552889 | F18: =(('Group Mean Concentrations'!D16/1000)*('Exposure & Toxicity Inputs'!B5/1000)*'Exposure & Toxicity Inputs'!B6*'Exposure & Toxicity Inputs'!B7)/('Exposure & Toxicity Inputs'!B4*'Exposure & Toxicity Inputs'!B8)/'Exposure & Toxicity Inputs'!B27 -> 0.0054525079 | G18: =(('Group Mean Concentrations'!D16/1000)*('Exposure & Toxicity Inputs'!C5/1000)*'Exposure & Toxicity Inputs'!C6*'Exposure & Toxicity Inputs'!C7)/('Exposure & Toxicity Inputs'!C4*'Exposure & Toxicity Inputs'!C8)/'Exposure & Toxicity Inputs'!B27 -> 0.012722519 | H18: =(('Group Mean Concentrations'!E16/1000)*('Exposure & Toxicity Inputs'!B5/1000)*'Exposure & Toxicity Inputs'!B6*'Exposure & Toxicity Inputs'!B7)/('Exposure & Toxicity Inputs'!B4*'Exposure & Toxicity Inputs'!B8)/'Exposure & Toxicity Inputs'!B27 -> 0.0020066921 | I18: =(('Group Mean Concentrations'!E16/1000)*('Exposure & Toxicity Inputs'!C5/1000)*'Exposure & Toxicity Inputs'!C6*'Exposure & Toxicity Inputs'!C7)/('Exposure & Toxicity Inputs'!C4*'Exposure & Toxicity Inputs'!C8)/'Exposure & Toxicity Inputs'!B27 -> 0.0046822815 | J18: =(('Group Mean Concentrations'!F16/1000)*('Exposure & Toxicity Inputs'!B5/1000)*'Exposure & Toxicity Inputs'!B6*'Exposure & Toxicity Inputs'!B7)/('Exposure & Toxicity Inputs'!B4*'Exposure & Toxicity Inputs'!B8)/'Exposure & Toxicity Inputs'!B27 -> 0.0033680571 | K18: =(('Group Mean Concentrations'!F16/1000)*('Exposure & Toxicity Inputs'!C5/1000)*'Exposure & Toxicity Inputs'!C6*'Exposure & Toxicity Inputs'!C7)/('Exposure & Toxicity Inputs'!C4*'Exposure & Toxicity Inputs'!C8)/'Exposure & Toxicity Inputs'!B27 -> 0.0078588 | L18: =(('Group Mean Concentrations'!G16/1000)*('Exposure & Toxicity Inputs'!B5/1000)*'Exposure & Toxicity Inputs'!B6*'Exposure & Toxicity Inputs'!B7)/('Exposure & Toxicity Inputs'!B4*'Exposure & Toxicity Inputs'!B8)/'Exposure & Toxicity Inputs'!B27 -> 0.0042443111 | M18: =(('Group Mean Concentrations'!G16/1000)*('Exposure & Toxicity Inputs'!C5/1000)*'Exposure & Toxicity Inputs'!C6*'Exposure & Toxicity Inputs'!C7)/('Exposure & Toxicity Inputs'!C4*'Exposure & Toxicity Inputs'!C8)/'Exposure & Toxicity Inputs'!B27 -> 0.0099033926 | N18: =(('Group Mean Concentrations'!H16/1000)*('Exposure & Toxicity Inputs'!B5/1000)*'Exposure & Toxicity Inputs'!B6*'Exposure & Toxicity Inputs'!B7)/('Exposure & Toxicity Inputs'!B4*'Exposure & Toxicity Inputs'!B8)/'Exposure & Toxicity Inputs'!B27 -> 0.0032063534 | O18: =(('Group Mean Concentrations'!H16/1000)*('Exposure & Toxicity Inputs'!C5/1000)*'Exposure & Toxicity Inputs'!C6*'Exposure & Toxicity Inputs'!C7)/('Exposure & Toxicity Inputs'!C4*'Exposure & Toxicity Inputs'!C8)/'Exposure & Toxicity Inputs'!B27 -> 0.0074814914
A19: Heptachlor epoxide | B19: =(('Group Mean Concentrations'!B17/1000)*('Exposure & Toxicity Inputs'!B5/1000)*'Exposure & Toxicity Inputs'!B6*'Exposure & Toxicity Inputs'!B7)/('Exposure & Toxicity Inputs'!B4*'Exposure & Toxicity Inputs'!B8)/'Exposure & Toxicity Inputs'!B28 -> 0.112021 | C19: =(('Group Mean Concentrations'!B17/1000)*('Exposure & Toxicity Inputs'!C5/1000)*'Exposure & Toxicity Inputs'!C6*'Exposure & Toxicity Inputs'!C7)/('Exposure & Toxicity Inputs'!C4*'Exposure & Toxicity Inputs'!C8)/'Exposure & Toxicity Inputs'!B28 -> 0.26138234 | D19: =(('Group Mean Concentrations'!C17/1000)*('Exposure & Toxicity Inputs'!B5/1000)*'Exposure & Toxicity Inputs'!B6*'Exposure & Toxicity Inputs'!B7)/('Exposure & Toxicity Inputs'!B4*'Exposure & Toxicity Inputs'!B8)/'Exposure & Toxicity Inputs'!B28 -> 0.2121243 | E19: =(('Group Mean Concentrations'!C17/1000)*('Exposure & Toxicity Inputs'!C5/1000)*'Exposure & Toxicity Inputs'!C6*'Exposure & Toxicity Inputs'!C7)/('Exposure & Toxicity Inputs'!C4*'Exposure & Toxicity Inputs'!C8)/'Exposure & Toxicity Inputs'!B28 -> 0.4949567 | F19: =(('Group Mean Concentrations'!D17/1000)*('Exposure & Toxicity Inputs'!B5/1000)*'Exposure & Toxicity Inputs'!B6*'Exposure & Toxicity Inputs'!B7)/('Exposure & Toxicity Inputs'!B4*'Exposure & Toxicity Inputs'!B8)/'Exposure & Toxicity Inputs'!B28 -> 0.34117705 | G19: =(('Group Mean Concentrations'!D17/1000)*('Exposure & Toxicity Inputs'!C5/1000)*'Exposure & Toxicity Inputs'!C6*'Exposure & Toxicity Inputs'!C7)/('Exposure & Toxicity Inputs'!C4*'Exposure & Toxicity Inputs'!C8)/'Exposure & Toxicity Inputs'!B28 -> 0.79607977 | H19: =(('Group Mean Concentrations'!E17/1000)*('Exposure & Toxicity Inputs'!B5/1000)*'Exposure & Toxicity Inputs'!B6*'Exposure & Toxicity Inputs'!B7)/('Exposure & Toxicity Inputs'!B4*'Exposure & Toxicity Inputs'!B8)/'Exposure & Toxicity Inputs'!B28 -> 0.11371062 | I19: =(('Group Mean Concentrations'!E17/1000)*('Exposure & Toxicity Inputs'!C5/1000)*'Exposure & Toxicity Inputs'!C6*'Exposure & Toxicity Inputs'!C7)/('Exposure & Toxicity Inputs'!C4*'Exposure & Toxicity Inputs'!C8)/'Exposure & Toxicity Inputs'!B28 -> 0.26532479 | J19: =(('Group Mean Concentrations'!F17/1000)*('Exposure & Toxicity Inputs'!B5/1000)*'Exposure & Toxicity Inputs'!B6*'Exposure & Toxicity Inputs'!B7)/('Exposure & Toxicity Inputs'!B4*'Exposure & Toxicity Inputs'!B8)/'Exposure & Toxicity Inputs'!B28 -> 0.2180967 | K19: =(('Group Mean Concentrations'!F17/1000)*('Exposure & Toxicity Inputs'!C5/1000)*'Exposure & Toxicity Inputs'!C6*'Exposure & Toxicity Inputs'!C7)/('Exposure & Toxicity Inputs'!C4*'Exposure & Toxicity Inputs'!C8)/'Exposure & Toxicity Inputs'!B28 -> 0.50889231 | L19: =(('Group Mean Concentrations'!G17/1000)*('Exposure & Toxicity Inputs'!B5/1000)*'Exposure & Toxicity Inputs'!B6*'Exposure & Toxicity Inputs'!B7)/('Exposure & Toxicity Inputs'!B4*'Exposure & Toxicity Inputs'!B8)/'Exposure & Toxicity Inputs'!B28 -> 0.33351502 | M19: =(('Group Mean Concentrations'!G17/1000)*('Exposure & Toxicity Inputs'!C5/1000)*'Exposure & Toxicity Inputs'!C6*'Exposure & Toxicity Inputs'!C7)/('Exposure & Toxicity Inputs'!C4*'Exposure & Toxicity Inputs'!C8)/'Exposure & Toxicity Inputs'!B28 -> 0.77820171 | N19: =(('Group Mean Concentrations'!H17/1000)*('Exposure & Toxicity Inputs'!B5/1000)*'Exposure & Toxicity Inputs'!B6*'Exposure & Toxicity Inputs'!B7)/('Exposure & Toxicity Inputs'!B4*'Exposure & Toxicity Inputs'!B8)/'Exposure & Toxicity Inputs'!B28 -> 0.22177411 | O19: =(('Group Mean Concentrations'!H17/1000)*('Exposure & Toxicity Inputs'!C5/1000)*'Exposure & Toxicity Inputs'!C6*'Exposure & Toxicity Inputs'!C7)/('Exposure & Toxicity Inputs'!C4*'Exposure & Toxicity Inputs'!C8)/'Exposure & Toxicity Inputs'!B28 -> 0.51747293
A20: Hazard Index, HI = ΣTHQ | B20: =SUM(B6:B19) -> 0.1916255 | C20: =SUM(C6:C19) -> 0.44712617 | D20: =SUM(D6:D19) -> 0.42439216 | E20: =SUM(E6:E19) -> 0.99024838 | F20: =SUM(F6:F19) -> 0.76973415 | G20: =SUM(G6:G19) -> 1.7960463 | H20: =SUM(H6:H19) -> 0.27088513 | I20: =SUM(I6:I19) -> 0.63206531 | ... O20: =SUM(O6:O19) -> 1.077807
A23: Cancer Risk contribution by compound (incremental lifetime CR)
A24: Compound | B24: Up-stream | D24: Mid-stream | F24: Down-stream | H24: Catla | J24: Rui | L24: Mrigal | N24: Overall
B25: Adult | C25: Child | D25: Adult | E25: Child | F25: Adult | G25: Child | H25: Adult | I25: Child | J25: Adult | K25: Child | L25: Adult | M25: Child | N25: Adult | O25: Child
A26: o,p'-DDT | B26: =(('Group Mean Concentrations'!B4/1000)*('Exposure & Toxicity Inputs'!B5/1000)*'Exposure & Toxicity Inputs'!B6*'Exposure & Toxicity Inputs'!B7)/('Exposure & Toxicity Inputs'!B4*'Exposure & Toxicity Inputs'!B9)*'Exposure & Toxicity Inputs'!C15 -> 3.0455581e-07 | C26: =(('Group Mean Concentrations'!B4/1000)*('Exposure & Toxicity Inputs'!C5/1000)*'Exposure & Toxicity Inputs'!C6*'Exposure & Toxicity Inputs'!C7)/('Exposure & Toxicity Inputs'!C4*'Exposure & Toxicity Inputs'!B9)*'Exposure & Toxicity Inputs'!C15 -> 6.0911162e-08 | D26: =(('Group Mean Concentrations'!C4/1000)*('Exposure & Toxicity Inputs'!B5/1000)*'Exposure & Toxicity Inputs'!B6*'Exposure & Toxicity Inputs'!B7)/('Exposure & Toxicity Inputs'!B4*'Exposure & Toxicity Inputs'!B9)*'Exposure & Toxicity Inputs'!C15 -> 5.4924679e-07 | E26: =(('Group Mean Concentrations'!C4/1000)*('Exposure & Toxicity Inputs'!C5/1000)*'Exposure & Toxicity Inputs'!C6*'Exposure & Toxicity Inputs'!C7)/('Exposure & Toxicity Inputs'!C4*'Exposure & Toxicity Inputs'!B9)*'Exposure & Toxicity Inputs'!C15 -> 1.0984936e-07 | F26: =(('Group Mean Concentrations'!D4/1000)*('Exposure & Toxicity Inputs'!B5/1000)*'Exposure & Toxicity Inputs'!B6*'Exposure & Toxicity Inputs'!B7)/('Exposure & Toxicity Inputs'!B4*'Exposure & Toxicity Inputs'!B9)*'Exposure & Toxicity Inputs'!C15 -> 1.2522491e-06 | G26: =(('Group Mean Concentrations'!D4/1000)*('Exposure & Toxicity Inputs'!C5/1000)*'Exposure & Toxicity Inputs'!C6*'Exposure & Toxicity Inputs'!C7)/('Exposure & Toxicity Inputs'!C4*'Exposure & Toxicity Inputs'!B9)*'Exposure & Toxicity Inputs'!C15 -> 2.5044983e-07 | H26: =(('Group Mean Concentrations'!E4/1000)*('Exposure & Toxicity Inputs'!B5/1000)*'Exposure & Toxicity Inputs'!B6*'Exposure & Toxicity Inputs'!B7)/('Exposure & Toxicity Inputs'!B4*'Exposure & Toxicity Inputs'!B9)*'Exposure & Toxicity Inputs'!C15 -> 3.8662533e-07 | I26: =(('Group Mean Concentrations'!E4/1000)*('Exposure & Toxicity Inputs'!C5/1000)*'Exposure & Toxicity Inputs'!C6*'Exposure & Toxicity Inputs'!C7)/('Exposure & Toxicity Inputs'!C4*'Exposure & Toxicity Inputs'!B9)*'Exposure & Toxicity Inputs'!C15 -> 7.7325067e-08 | J26: =(('Group Mean Concentrations'!F4/1000)*('Exposure & Toxicity Inputs'!B5/1000)*'Exposure & Toxicity Inputs'!B6*'Exposure & Toxicity Inputs'!B7)/('Exposure & Toxicity Inputs'!B4*'Exposure & Toxicity Inputs'!B9)*'Exposure & Toxicity Inputs'!C15 -> 6.7868102e-07 | K26: =(('Group Mean Concentrations'!F4/1000)*('Exposure & Toxicity Inputs'!C5/1000)*'Exposure & Toxicity Inputs'!C6*'Exposure & Toxicity Inputs'!C7)/('Exposure & Toxicity Inputs'!C4*'Exposure & Toxicity Inputs'!B9)*'Exposure & Toxicity Inputs'!C15 -> 1.357362e-07 | L26: =(('Group Mean Concentrations'!G4/1000)*('Exposure & Toxicity Inputs'!B5/1000)*'Exposure & Toxicity Inputs'!B6*'Exposure & Toxicity Inputs'!B7)/('Exposure & Toxicity Inputs'!B4*'Exposure & Toxicity Inputs'!B9)*'Exposure & Toxicity Inputs'!C15 -> 1.0407454e-06 | M26: =(('Group Mean Concentrations'!G4/1000)*('Exposure & Toxicity Inputs'!C5/1000)*'Exposure & Toxicity Inputs'!C6*'Exposure & Toxicity Inputs'!C7)/('Exposure & Toxicity Inputs'!C4*'Exposure & Toxicity Inputs'!B9)*'Exposure & Toxicity Inputs'!C15 -> 2.0814908e-07 | N26: =(('Group Mean Concentrations'!H4/1000)*('Exposure & Toxicity Inputs'!B5/1000)*'Exposure & Toxicity Inputs'!B6*'Exposure & Toxicity Inputs'!B7)/('Exposure & Toxicity Inputs'!B4*'Exposure & Toxicity Inputs'!B9)*'Exposure & Toxicity Inputs'!C15 -> 7.0201725e-07 | O26: =(('Group Mean Concentrations'!H4/1000)*('Exposure & Toxicity Inputs'!C5/1000)*'Exposure & Toxicity Inputs'!C6*'Exposure & Toxicity Inputs'!C7)/('Exposure & Toxicity Inputs'!C4*'Exposure & Toxicity Inputs'!B9)*'Exposure & Toxicity Inputs'!C15 -> 1.4040345e-07
A27: p,p'-DDT | B27: =(('Group Mean Concentrations'!B5/1000)*('Exposure & Toxicity Inputs'!B5/1000)*'Exposure & Toxicity Inputs'!B6*'Exposure & Toxicity Inputs'!B7)/('Exposure & Toxicity Inputs'!B4*'Exposure & Toxicity Inputs'!B9)*'Exposure & Toxicity Inputs'!C16 -> 4.5136241e-07 | C27: =(('Group Mean Concentrations'!B5/1000)*('Exposure & Toxicity Inputs'!C5/1000)*'Exposure & Toxicity Inputs'!C6*'Exposure & Toxicity Inputs'!C7)/('Exposure & Toxicity Inputs'!C4*'Exposure & Toxicity Inputs'!B9)*'Exposure & Toxicity Inputs'!C16 -> 9.0272483e-08 | D27: =(('Group Mean Concentrations'!C5/1000)*('Exposure & Toxicity Inputs'!B5/1000)*'Exposure & Toxicity Inputs'!B6*'Exposure & Toxicity Inputs'!B7)/('Exposure & Toxicity Inputs'!B4*'Exposure & Toxicity Inputs'!B9)*'Exposure & Toxicity Inputs'!C16 -> 1.0776068e-06 | E27: =(('Group Mean Concentrations'!C5/1000)*('Exposure & Toxicity Inputs'!C5/1000)*'Exposure & Toxicity Inputs'!C6*'Exposure & Toxicity Inputs'!C7)/('Exposure & Toxicity Inputs'!C4*'Exposure & Toxicity Inputs'!B9)*'Exposure & Toxicity Inputs'!C16 -> 2.1552136e-07 | F27: =(('Group Mean Concentrations'!D5/1000)*('Exposure & Toxicity Inputs'!B5/1000)*'Exposure & Toxicity Inputs'!B6*'Exposure & Toxicity Inputs'!B7)/('Exposure & Toxicity Inputs'!B4*'Exposure & Toxicity Inputs'!B9)*'Exposure & Toxicity Inputs'!C16 -> 1.4413086e-06 | G27: =(('Group Mean Concentrations'!D5/1000)*('Exposure & Toxicity Inputs'!C5/1000)*'Exposure & Toxicity Inputs'!C6*'Exposure & Toxicity Inputs'!C7)/('Exposure & Toxicity Inputs'!C4*'Exposure & Toxicity Inputs'!B9)*'Exposure & Toxicity Inputs'!C16 -> 2.8826171e-07 | H27: =(('Group Mean Concentrations'!E5/1000)*('Exposure & Toxicity Inputs'!B5/1000)*'Exposure & Toxicity Inputs'!B6*'Exposure & Toxicity Inputs'!B7)/('Exposure & Toxicity Inputs'!B4*'Exposure & Toxicity Inputs'!B9)*'Exposure & Toxicity Inputs'!C16 -> 5.6290508e-07 | I27: =(('Group Mean Concentrations'!E5/1000)*('Exposure & Toxicity Inputs'!C5/1000)*'Exposure & Toxicity Inputs'!C6*'Exposure & Toxicity Inputs'!C7)/('Exposure & Toxicity Inputs'!C4*'Exposure & Toxicity Inputs'!B9)*'Exposure & Toxicity Inputs'!C16 -> 1.1258102e-07 | J27: =(('Group Mean Concentrations'!F5/1000)*('Exposure & Toxicity Inputs'!B5/1000)*'Exposure & Toxicity Inputs'!B6*'Exposure & Toxicity Inputs'!B7)/('Exposure & Toxicity Inputs'!B4*'Exposure & Toxicity Inputs'!B9)*'Exposure & Toxicity Inputs'!C16 -> 7.7213244e-07 | K27: =(('Group Mean Concentrations'!F5/1000)*('Exposure & Toxicity Inputs'!C5/1000)*'Exposure & Toxicity Inputs'!C6*'Exposure & Toxicity Inputs'!C7)/('Exposure & Toxicity Inputs'!C4*'Exposure & Toxicity Inputs'!B9)*'Exposure & Toxicity Inputs'!C16 -> 1.5442649e-07 | L27: =(('Group Mean Concentrations'!G5/1000)*('Exposure & Toxicity Inputs'!B5/1000)*'Exposure & Toxicity Inputs'!B6*'Exposure & Toxicity Inputs'!B7)/('Exposure & Toxicity Inputs'!B4*'Exposure & Toxicity Inputs'!B9)*'Exposure & Toxicity Inputs'!C16 -> 1.6352403e-06 | M27: =(('Group Mean Concentrations'!G5/1000)*('Exposure & Toxicity Inputs'!C5/1000)*'Exposure & Toxicity Inputs'!C6*'Exposure & Toxicity Inputs'!C7)/('Exposure & Toxicity Inputs'!C4*'Exposure & Toxicity Inputs'!B9)*'Exposure & Toxicity Inputs'!C16 -> 3.2704805e-07 | N27: =(('Group Mean Concentrations'!H5/1000)*('Exposure & Toxicity Inputs'!B5/1000)*'Exposure & Toxicity Inputs'!B6*'Exposure & Toxicity Inputs'!B7)/('Exposure & Toxicity Inputs'!B4*'Exposure & Toxicity Inputs'!B9)*'Exposure & Toxicity Inputs'!C16 -> 9.9009259e-07 | O27: =(('Group Mean Concentrations'!H5/1000)*('Exposure & Toxicity Inputs'!C5/1000)*'Exposure & Toxicity Inputs'!C6*'Exposure & Toxicity Inputs'!C7)/('Exposure & Toxicity Inputs'!C4*'Exposure & Toxicity Inputs'!B9)*'Exposure & Toxicity Inputs'!C16 -> 1.9801852e-07
A28: o,p'-DDD | B28: =(('Group Mean Concentrations'!B6/1000)*('Exposure & Toxicity Inputs'!B5/1000)*'Exposure & Toxicity Inputs'!B6*'Exposure & Toxicity Inputs'!B7)/('Exposure & Toxicity Inputs'!B4*'Exposure & Toxicity Inputs'!B9)*'Exposure & Toxicity Inputs'!C17 -> 1.7971429e-07 | C28: =(('Group Mean Concentrations'!B6/1000)*('Exposure & Toxicity Inputs'!C5/1000)*'Exposure & Toxicity Inputs'!C6*'Exposure & Toxicity Inputs'!C7)/('Exposure & Toxicity Inputs'!C4*'Exposure & Toxicity Inputs'!B9)*'Exposure & Toxicity Inputs'!C17 -> 3.5942857e-08 | D28: =(('Group Mean Concentrations'!C6/1000)*('Exposure & Toxicity Inputs'!B5/1000)*'Exposure & Toxicity Inputs'!B6*'Exposure & Toxicity Inputs'!B7)/('Exposure & Toxicity Inputs'!B4*'Exposure & Toxicity Inputs'!B9)*'Exposure & Toxicity Inputs'!C17 -> 1.7971429e-07 | E28: =(('Group Mean Concentrations'!C6/1000)*('Exposure & Toxicity Inputs'!C5/1000)*'Exposure & Toxicity Inputs'!C6*'Exposure & Toxicity Inputs'!C7)/('Exposure & Toxicity Inputs'!C4*'Exposure & Toxicity Inputs'!B9)*'Exposure & Toxicity Inputs'!C17 -> 3.5942857e-08 | F28: =(('Group Mean Concentrations'!D6/1000)*('Exposure & Toxicity Inputs'!B5/1000)*'Exposure & Toxicity Inputs'!B6*'Exposure & Toxicity Inputs'!B7)/('Exposure & Toxicity Inputs'!B4*'Exposure & Toxicity Inputs'!B9)*'Exposure & Toxicity Inputs'!C17 -> 9.5719822e-07 | G28: =(('Group Mean Concentrations'!D6/1000)*('Exposure & Toxicity Inputs'!C5/1000)*'Exposure & Toxicity Inputs'!C6*'Exposure & Toxicity Inputs'!C7)/('Exposure & Toxicity Inputs'!C4*'Exposure & Toxicity Inputs'!B9)*'Exposure & Toxicity Inputs'!C17 -> 1.9143964e-07 | H28: =(('Group Mean Concentrations'!E6/1000)*('Exposure & Toxicity Inputs'!B5/1000)*'Exposure & Toxicity Inputs'!B6*'Exposure & Toxicity Inputs'!B7)/('Exposure & Toxicity Inputs'!B4*'Exposure & Toxicity Inputs'!B9)*'Exposure & Toxicity Inputs'!C17 -> 1.7971429e-07 | I28: =(('Group Mean Concentrations'!E6/1000)*('Exposure & Toxicity Inputs'!C5/1000)*'Exposure & Toxicity Inputs'!C6*'Exposure & Toxicity Inputs'!C7)/('Exposure & Toxicity Inputs'!C4*'Exposure & Toxicity Inputs'!B9)*'Exposure & Toxicity Inputs'!C17 -> 3.5942857e-08 | J28: =(('Group Mean Concentrations'!F6/1000)*('Exposure & Toxicity Inputs'!B5/1000)*'Exposure & Toxicity Inputs'!B6*'Exposure & Toxicity Inputs'!B7)/('Exposure & Toxicity Inputs'!B4*'Exposure & Toxicity Inputs'!B9)*'Exposure & Toxicity Inputs'!C17 -> 4.6186571e-07 | K28: =(('Group Mean Concentrations'!F6/1000)*('Exposure & Toxicity Inputs'!C5/1000)*'Exposure & Toxicity Inputs'!C6*'Exposure & Toxicity Inputs'!C7)/('Exposure & Toxicity Inputs'!C4*'Exposure & Toxicity Inputs'!B9)*'Exposure & Toxicity Inputs'!C17 -> 9.2373143e-08 | L28: =(('Group Mean Concentrations'!G6/1000)*('Exposure & Toxicity Inputs'!B5/1000)*'Exposure & Toxicity Inputs'!B6*'Exposure & Toxicity Inputs'!B7)/('Exposure & Toxicity Inputs'!B4*'Exposure & Toxicity Inputs'!B9)*'Exposure & Toxicity Inputs'!C17 -> 6.7504679e-07 | M28: =(('Group Mean Concentrations'!G6/1000)*('Exposure & Toxicity Inputs'!C5/1000)*'Exposure & Toxicity Inputs'!C6*'Exposure & Toxicity Inputs'!C7)/('Exposure & Toxicity Inputs'!C4*'Exposure & Toxicity Inputs'!B9)*'Exposure & Toxicity Inputs'!C17 -> 1.3500936e-07 | N28: =(('Group Mean Concentrations'!H6/1000)*('Exposure & Toxicity Inputs'!B5/1000)*'Exposure & Toxicity Inputs'!B6*'Exposure & Toxicity Inputs'!B7)/('Exposure & Toxicity Inputs'!B4*'Exposure & Toxicity Inputs'!B9)*'Exposure & Toxicity Inputs'!C17 -> 4.388756e-07 | O28: =(('Group Mean Concentrations'!H6/1000)*('Exposure & Toxicity Inputs'!C5/1000)*'Exposure & Toxicity Inputs'!C6*'Exposure & Toxicity Inputs'!C7)/('Exposure & Toxicity Inputs'!C4*'Exposure & Toxicity Inputs'!B9)*'Exposure & Toxicity Inputs'!C17 -> 8.777512e-08
A29: p,p'-DDD | B29: =(('Group Mean Concentrations'!B7/1000)*('Exposure & Toxicity Inputs'!B5/1000)*'Exposure & Toxicity Inputs'!B6*'Exposure & Toxicity Inputs'!B7)/('Exposure & Toxicity Inputs'!B4*'Exposure & Toxicity Inputs'!B9)*'Exposure & Toxicity Inputs'!C18 -> 6.0276171e-07 | C29: =(('Group Mean Concentrations'!B7/1000)*('Exposure & Toxicity Inputs'!C5/1000)*'Exposure & Toxicity Inputs'!C6*'Exposure & Toxicity Inputs'!C7)/('Exposure & Toxicity Inputs'!C4*'Exposure & Toxicity Inputs'!B9)*'Exposure & Toxicity Inputs'!C18 -> 1.2055234e-07 | D29: =(('Group Mean Concentrations'!C7/1000)*('Exposure & Toxicity Inputs'!B5/1000)*'Exposure & Toxicity Inputs'!B6*'Exposure & Toxicity Inputs'!B7)/('Exposure & Toxicity Inputs'!B4*'Exposure & Toxicity Inputs'!B9)*'Exposure & Toxicity Inputs'!C18 -> 7.6526337e-07 | E29: =(('Group Mean Concentrations'!C7/1000)*('Exposure & Toxicity Inputs'!C5/1000)*'Exposure & Toxicity Inputs'!C6*'Exposure & Toxicity Inputs'!C7)/('Exposure & Toxicity Inputs'!C4*'Exposure & Toxicity Inputs'!B9)*'Exposure & Toxicity Inputs'!C18 -> 1.5305267e-07 | F29: =(('Group Mean Concentrations'!D7/1000)*('Exposure & Toxicity Inputs'!B5/1000)*'Exposure & Toxicity Inputs'!B6*'Exposure & Toxicity Inputs'!B7)/('Exposure & Toxicity Inputs'!B4*'Exposure & Toxicity Inputs'!B9)*'Exposure & Toxicity Inputs'!C18 -> 1.186913e-06 | G29: =(('Group Mean Concentrations'!D7/1000)*('Exposure & Toxicity Inputs'!C5/1000)*'Exposure & Toxicity Inputs'!C6*'Exposure & Toxicity Inputs'!C7)/('Exposure & Toxicity Inputs'!C4*'Exposure & Toxicity Inputs'!B9)*'Exposure & Toxicity Inputs'!C18 -> 2.373826e-07 | H29: =(('Group Mean Concentrations'!E7/1000)*('Exposure & Toxicity Inputs'!B5/1000)*'Exposure & Toxicity Inputs'!B6*'Exposure & Toxicity Inputs'!B7)/('Exposure & Toxicity Inputs'!B4*'Exposure & Toxicity Inputs'!B9)*'Exposure & Toxicity Inputs'!C18 -> 5.2049251e-07 | I29: =(('Group Mean Concentrations'!E7/1000)*('Exposure & Toxicity Inputs'!C5/1000)*'Exposure & Toxicity Inputs'!C6*'Exposure & Toxicity Inputs'!C7)/('Exposure & Toxicity Inputs'!C4*'Exposure & Toxicity Inputs'!B9)*'Exposure & Toxicity Inputs'!C18 -> 1.040985e-07 | J29: =(('Group Mean Concentrations'!F7/1000)*('Exposure & Toxicity Inputs'!B5/1000)*'Exposure & Toxicity Inputs'!B6*'Exposure & Toxicity Inputs'!B7)/('Exposure & Toxicity Inputs'!B4*'Exposure & Toxicity Inputs'!B9)*'Exposure & Toxicity Inputs'!C18 -> 8.5476108e-07 | K29: =(('Group Mean Concentrations'!F7/1000)*('Exposure & Toxicity Inputs'!C5/1000)*'Exposure & Toxicity Inputs'!C6*'Exposure & Toxicity Inputs'!C7)/('Exposure & Toxicity Inputs'!C4*'Exposure & Toxicity Inputs'!B9)*'Exposure & Toxicity Inputs'!C18 -> 1.7095222e-07 | L29: =(('Group Mean Concentrations'!G7/1000)*('Exposure & Toxicity Inputs'!B5/1000)*'Exposure & Toxicity Inputs'!B6*'Exposure & Toxicity Inputs'!B7)/('Exposure & Toxicity Inputs'!B4*'Exposure & Toxicity Inputs'!B9)*'Exposure & Toxicity Inputs'!C18 -> 1.1796845e-06 | M29: =(('Group Mean Concentrations'!G7/1000)*('Exposure & Toxicity Inputs'!C5/1000)*'Exposure & Toxicity Inputs'!C6*'Exposure & Toxicity Inputs'!C7)/('Exposure & Toxicity Inputs'!C4*'Exposure & Toxicity Inputs'!B9)*'Exposure & Toxicity Inputs'!C18 -> 2.359369e-07 | N29: =(('Group Mean Concentrations'!H7/1000)*('Exposure & Toxicity Inputs'!B5/1000)*'Exposure & Toxicity Inputs'!B6*'Exposure & Toxicity Inputs'!B7)/('Exposure & Toxicity Inputs'!B4*'Exposure & Toxicity Inputs'!B9)*'Exposure & Toxicity Inputs'!C18 -> 8.5164603e-07 | O29: =(('Group Mean Concentrations'!H7/1000)*('Exposure & Toxicity Inputs'!C5/1000)*'Exposure & Toxicity Inputs'!C6*'Exposure & Toxicity Inputs'!C7)/('Exposure & Toxicity Inputs'!C4*'Exposure & Toxicity Inputs'!B9)*'Exposure & Toxicity Inputs'!C18 -> 1.7032921e-07
A30: o,p'-DDE | B30: =(('Group Mean Concentrations'!B8/1000)*('Exposure & Toxicity Inputs'!B5/1000)*'Exposure & Toxicity Inputs'!B6*'Exposure & Toxicity Inputs'!B7)/('Exposure & Toxicity Inputs'!B4*'Exposure & Toxicity Inputs'!B9)*'Exposure & Toxicity Inputs'!C19 -> 6.809574e-07 | C30: =(('Group Mean Concentrations'!B8/1000)*('Exposure & Toxicity Inputs'!C5/1000)*'Exposure & Toxicity Inputs'!C6*'Exposure & Toxicity Inputs'!C7)/('Exposure & Toxicity Inputs'!C4*'Exposure & Toxicity Inputs'!B9)*'Exposure & Toxicity Inputs'!C19 -> 1.3619148e-07 | D30: =(('Group Mean Concentrations'!C8/1000)*('Exposure & Toxicity Inputs'!B5/1000)*'Exposure & Toxicity Inputs'!B6*'Exposure & Toxicity Inputs'!B7)/('Exposure & Toxicity Inputs'!B4*'Exposure & Toxicity Inputs'!B9)*'Exposure & Toxicity Inputs'!C19 -> 1.7907131e-06 | E30: =(('Group Mean Concentrations'!C8/1000)*('Exposure & Toxicity Inputs'!C5/1000)*'Exposure & Toxicity Inputs'!C6*'Exposure & Toxicity Inputs'!C7)/('Exposure & Toxicity Inputs'!C4*'Exposure & Toxicity Inputs'!B9)*'Exposure & Toxicity Inputs'!C19 -> 3.5814262e-07 | F30: =(('Group Mean Concentrations'!D8/1000)*('Exposure & Toxicity Inputs'!B5/1000)*'Exposure & Toxicity Inputs'!B6*'Exposure & Toxicity Inputs'!B7)/('Exposure & Toxicity Inputs'!B4*'Exposure & Toxicity Inputs'!B9)*'Exposure & Toxicity Inputs'!C19 -> 2.2772196e-06 | G30: =(('Group Mean Concentrations'!D8/1000)*('Exposure & Toxicity Inputs'!C5/1000)*'Exposure & Toxicity Inputs'!C6*'Exposure & Toxicity Inputs'!C7)/('Exposure & Toxicity Inputs'!C4*'Exposure & Toxicity Inputs'!B9)*'Exposure & Toxicity Inputs'!C19 -> 4.5544392e-07 | H30: =(('Group Mean Concentrations'!E8/1000)*('Exposure & Toxicity Inputs'!B5/1000)*'Exposure & Toxicity Inputs'!B6*'Exposure & Toxicity Inputs'!B7)/('Exposure & Toxicity Inputs'!B4*'Exposure & Toxicity Inputs'!B9)*'Exposure & Toxicity Inputs'!C19 -> 1.1890297e-06 | I30: =(('Group Mean Concentrations'!E8/1000)*('Exposure & Toxicity Inputs'!C5/1000)*'Exposure & Toxicity Inputs'!C6*'Exposure & Toxicity Inputs'!C7)/('Exposure & Toxicity Inputs'!C4*'Exposure & Toxicity Inputs'!B9)*'Exposure & Toxicity Inputs'!C19 -> 2.3780593e-07 | J30: =(('Group Mean Concentrations'!F8/1000)*('Exposure & Toxicity Inputs'!B5/1000)*'Exposure & Toxicity Inputs'!B6*'Exposure & Toxicity Inputs'!B7)/('Exposure & Toxicity Inputs'!B4*'Exposure & Toxicity Inputs'!B9)*'Exposure & Toxicity Inputs'!C19 -> 1.569345e-06 | K30: =(('Group Mean Concentrations'!F8/1000)*('Exposure & Toxicity Inputs'!C5/1000)*'Exposure & Toxicity Inputs'!C6*'Exposure & Toxicity Inputs'!C7)/('Exposure & Toxicity Inputs'!C4*'Exposure & Toxicity Inputs'!B9)*'Exposure & Toxicity Inputs'!C19 -> 3.13869e-07 | L30: =(('Group Mean Concentrations'!G8/1000)*('Exposure & Toxicity Inputs'!B5/1000)*'Exposure & Toxicity Inputs'!B6*'Exposure & Toxicity Inputs'!B7)/('Exposure & Toxicity Inputs'!B4*'Exposure & Toxicity Inputs'!B9)*'Exposure & Toxicity Inputs'!C19 -> 1.9905154e-06 | M30: =(('Group Mean Concentrations'!G8/1000)*('Exposure & Toxicity Inputs'!C5/1000)*'Exposure & Toxicity Inputs'!C6*'Exposure & Toxicity Inputs'!C7)/('Exposure & Toxicity Inputs'!C4*'Exposure & Toxicity Inputs'!B9)*'Exposure & Toxicity Inputs'!C19 -> 3.9810309e-07 | N30: =(('Group Mean Concentrations'!H8/1000)*('Exposure & Toxicity Inputs'!B5/1000)*'Exposure & Toxicity Inputs'!B6*'Exposure & Toxicity Inputs'!B7)/('Exposure & Toxicity Inputs'!B4*'Exposure & Toxicity Inputs'!B9)*'Exposure & Toxicity Inputs'!C19 -> 1.5829634e-06 | O30: =(('Group Mean Concentrations'!H8/1000)*('Exposure & Toxicity Inputs'!C5/1000)*'Exposure & Toxicity Inputs'!C6*'Exposure & Toxicity Inputs'!C7)/('Exposure & Toxicity Inputs'!C4*'Exposure & Toxicity Inputs'!B9)*'Exposure & Toxicity Inputs'!C19 -> 3.1659267e-07
A31: p,p'-DDE | B31: =(('Group Mean Concentrations'!B9/1000)*('Exposure & Toxicity Inputs'!B5/1000)*'Exposure & Toxicity Inputs'!B6*'Exposure & Toxicity Inputs'!B7)/('Exposure & Toxicity Inputs'!B4*'Exposure & Toxicity Inputs'!B9)*'Exposure & Toxicity Inputs'!C20 -> 1.1020479e-06 | C31: =(('Group Mean Concentrations'!B9/1000)*('Exposure & Toxicity Inputs'!C5/1000)*'Exposure & Toxicity Inputs'!C6*'Exposure & Toxicity Inputs'!C7)/('Exposure & Toxicity Inputs'!C4*'Exposure & Toxicity Inputs'!B9)*'Exposure & Toxicity Inputs'!C20 -> 2.2040959e-07 | D31: =(('Group Mean Concentrations'!C9/1000)*('Exposure & Toxicity Inputs'!B5/1000)*'Exposure & Toxicity Inputs'!B6*'Exposure & Toxicity Inputs'!B7)/('Exposure & Toxicity Inputs'!B4*'Exposure & Toxicity Inputs'!B9)*'Exposure & Toxicity Inputs'!C20 -> 1.4873554e-06 | E31: =(('Group Mean Concentrations'!C9/1000)*('Exposure & Toxicity Inputs'!C5/1000)*'Exposure & Toxicity Inputs'!C6*'Exposure & Toxicity Inputs'!C7)/('Exposure & Toxicity Inputs'!C4*'Exposure & Toxicity Inputs'!B9)*'Exposure & Toxicity Inputs'!C20 -> 2.9747107e-07 | F31: =(('Group Mean Concentrations'!D9/1000)*('Exposure & Toxicity Inputs'!B5/1000)*'Exposure & Toxicity Inputs'!B6*'Exposure & Toxicity Inputs'!B7)/('Exposure & Toxicity Inputs'!B4*'Exposure & Toxicity Inputs'!B9)*'Exposure & Toxicity Inputs'!C20 -> 2.2624032e-06 | G31: =(('Group Mean Concentrations'!D9/1000)*('Exposure & Toxicity Inputs'!C5/1000)*'Exposure & Toxicity Inputs'!C6*'Exposure & Toxicity Inputs'!C7)/('Exposure & Toxicity Inputs'!C4*'Exposure & Toxicity Inputs'!B9)*'Exposure & Toxicity Inputs'!C20 -> 4.5248063e-07 | H31: =(('Group Mean Concentrations'!E9/1000)*('Exposure & Toxicity Inputs'!B5/1000)*'Exposure & Toxicity Inputs'!B6*'Exposure & Toxicity Inputs'!B7)/('Exposure & Toxicity Inputs'!B4*'Exposure & Toxicity Inputs'!B9)*'Exposure & Toxicity Inputs'!C20 -> 1.2617141e-06 | I31: =(('Group Mean Concentrations'!E9/1000)*('Exposure & Toxicity Inputs'!C5/1000)*'Exposure & Toxicity Inputs'!C6*'Exposure & Toxicity Inputs'!C7)/('Exposure & Toxicity Inputs'!C4*'Exposure & Toxicity Inputs'!B9)*'Exposure & Toxicity Inputs'!C20 -> 2.5234282e-07 | J31: =(('Group Mean Concentrations'!F9/1000)*('Exposure & Toxicity Inputs'!B5/1000)*'Exposure & Toxicity Inputs'!B6*'Exposure & Toxicity Inputs'!B7)/('Exposure & Toxicity Inputs'!B4*'Exposure & Toxicity Inputs'!B9)*'Exposure & Toxicity Inputs'!C20 -> 1.2855163e-06 | K31: =(('Group Mean Concentrations'!F9/1000)*('Exposure & Toxicity Inputs'!C5/1000)*'Exposure & Toxicity Inputs'!C6*'Exposure & Toxicity Inputs'!C7)/('Exposure & Toxicity Inputs'!C4*'Exposure & Toxicity Inputs'!B9)*'Exposure & Toxicity Inputs'!C20 -> 2.5710325e-07 | L31: =(('Group Mean Concentrations'!G9/1000)*('Exposure & Toxicity Inputs'!B5/1000)*'Exposure & Toxicity Inputs'!B6*'Exposure & Toxicity Inputs'!B7)/('Exposure & Toxicity Inputs'!B4*'Exposure & Toxicity Inputs'!B9)*'Exposure & Toxicity Inputs'!C20 -> 2.3045761e-06 | M31: =(('Group Mean Concentrations'!G9/1000)*('Exposure & Toxicity Inputs'!C5/1000)*'Exposure & Toxicity Inputs'!C6*'Exposure & Toxicity Inputs'!C7)/('Exposure & Toxicity Inputs'!C4*'Exposure & Toxicity Inputs'!B9)*'Exposure & Toxicity Inputs'!C20 -> 4.6091523e-07 | N31: =(('Group Mean Concentrations'!H9/1000)*('Exposure & Toxicity Inputs'!B5/1000)*'Exposure & Toxicity Inputs'!B6*'Exposure & Toxicity Inputs'!B7)/('Exposure & Toxicity Inputs'!B4*'Exposure & Toxicity Inputs'!B9)*'Exposure & Toxicity Inputs'!C20 -> 1.6172688e-06 | O31: =(('Group Mean Concentrations'!H9/1000)*('Exposure & Toxicity Inputs'!C5/1000)*'Exposure & Toxicity Inputs'!C6*'Exposure & Toxicity Inputs'!C7)/('Exposure & Toxicity Inputs'!C4*'Exposure & Toxicity Inputs'!B9)*'Exposure & Toxicity Inputs'!C20 -> 3.2345377e-07
A32: α-HCH | B32: =(('Group Mean Concentrations'!B10/1000)*('Exposure & Toxicity Inputs'!B5/1000)*'Exposure & Toxicity Inputs'!B6*'Exposure & Toxicity Inputs'!B7)/('Exposure & Toxicity Inputs'!B4*'Exposure & Toxicity Inputs'!B9)*'Exposure & Toxicity Inputs'!C21 -> 1.418136e-05 | C32: =(('Group Mean Concentrations'!B10/1000)*('Exposure & Toxicity Inputs'!C5/1000)*'Exposure & Toxicity Inputs'!C6*'Exposure & Toxicity Inputs'!C7)/('Exposure & Toxicity Inputs'!C4*'Exposure & Toxicity Inputs'!B9)*'Exposure & Toxicity Inputs'!C21 -> 2.836272e-06 | D32: =(('Group Mean Concentrations'!C10/1000)*('Exposure & Toxicity Inputs'!B5/1000)*'Exposure & Toxicity Inputs'!B6*'Exposure & Toxicity Inputs'!B7)/('Exposure & Toxicity Inputs'!B4*'Exposure & Toxicity Inputs'!B9)*'Exposure & Toxicity Inputs'!C21 -> 1.226032e-05 | E32: =(('Group Mean Concentrations'!C10/1000)*('Exposure & Toxicity Inputs'!C5/1000)*'Exposure & Toxicity Inputs'!C6*'Exposure & Toxicity Inputs'!C7)/('Exposure & Toxicity Inputs'!C4*'Exposure & Toxicity Inputs'!B9)*'Exposure & Toxicity Inputs'!C21 -> 2.452064e-06 | F32: =(('Group Mean Concentrations'!D10/1000)*('Exposure & Toxicity Inputs'!B5/1000)*'Exposure & Toxicity Inputs'!B6*'Exposure & Toxicity Inputs'!B7)/('Exposure & Toxicity Inputs'!B4*'Exposure & Toxicity Inputs'!B9)*'Exposure & Toxicity Inputs'!C21 -> 2.495576e-05 | G32: =(('Group Mean Concentrations'!D10/1000)*('Exposure & Toxicity Inputs'!C5/1000)*'Exposure & Toxicity Inputs'!C6*'Exposure & Toxicity Inputs'!C7)/('Exposure & Toxicity Inputs'!C4*'Exposure & Toxicity Inputs'!B9)*'Exposure & Toxicity Inputs'!C21 -> 4.991152e-06 | H32: =(('Group Mean Concentrations'!E10/1000)*('Exposure & Toxicity Inputs'!B5/1000)*'Exposure & Toxicity Inputs'!B6*'Exposure & Toxicity Inputs'!B7)/('Exposure & Toxicity Inputs'!B4*'Exposure & Toxicity Inputs'!B9)*'Exposure & Toxicity Inputs'!C21 -> 9.879e-06 | I32: =(('Group Mean Concentrations'!E10/1000)*('Exposure & Toxicity Inputs'!C5/1000)*'Exposure & Toxicity Inputs'!C6*'Exposure & Toxicity Inputs'!C7)/('Exposure & Toxicity Inputs'!C4*'Exposure & Toxicity Inputs'!B9)*'Exposure & Toxicity Inputs'!C21 -> 1.9758e-06 | J32: =(('Group Mean Concentrations'!F10/1000)*('Exposure & Toxicity Inputs'!B5/1000)*'Exposure & Toxicity Inputs'!B6*'Exposure & Toxicity Inputs'!B7)/('Exposure & Toxicity Inputs'!B4*'Exposure & Toxicity Inputs'!B9)*'Exposure & Toxicity Inputs'!C21 -> 1.214784e-05 | K32: =(('Group Mean Concentrations'!F10/1000)*('Exposure & Toxicity Inputs'!C5/1000)*'Exposure & Toxicity Inputs'!C6*'Exposure & Toxicity Inputs'!C7)/('Exposure & Toxicity Inputs'!C4*'Exposure & Toxicity Inputs'!B9)*'Exposure & Toxicity Inputs'!C21 -> 2.429568e-06 | L32: =(('Group Mean Concentrations'!G10/1000)*('Exposure & Toxicity Inputs'!B5/1000)*'Exposure & Toxicity Inputs'!B6*'Exposure & Toxicity Inputs'!B7)/('Exposure & Toxicity Inputs'!B4*'Exposure & Toxicity Inputs'!B9)*'Exposure & Toxicity Inputs'!C21 -> 2.93706e-05 | M32: =(('Group Mean Concentrations'!G10/1000)*('Exposure & Toxicity Inputs'!C5/1000)*'Exposure & Toxicity Inputs'!C6*'Exposure & Toxicity Inputs'!C7)/('Exposure & Toxicity Inputs'!C4*'Exposure & Toxicity Inputs'!B9)*'Exposure & Toxicity Inputs'!C21 -> 5.87412e-06 | N32: =(('Group Mean Concentrations'!H10/1000)*('Exposure & Toxicity Inputs'!B5/1000)*'Exposure & Toxicity Inputs'!B6*'Exposure & Toxicity Inputs'!B7)/('Exposure & Toxicity Inputs'!B4*'Exposure & Toxicity Inputs'!B9)*'Exposure & Toxicity Inputs'!C21 -> 1.713248e-05 | O32: =(('Group Mean Concentrations'!H10/1000)*('Exposure & Toxicity Inputs'!C5/1000)*'Exposure & Toxicity Inputs'!C6*'Exposure & Toxicity Inputs'!C7)/('Exposure & Toxicity Inputs'!C4*'Exposure & Toxicity Inputs'!B9)*'Exposure & Toxicity Inputs'!C21 -> 3.426496e-06
A33: β-HCH | B33: =(('Group Mean Concentrations'!B11/1000)*('Exposure & Toxicity Inputs'!B5/1000)*'Exposure & Toxicity Inputs'!B6*'Exposure & Toxicity Inputs'!B7)/('Exposure & Toxicity Inputs'!B4*'Exposure & Toxicity Inputs'!B9)*'Exposure & Toxicity Inputs'!C22 -> 7.3211371e-06 | C33: =(('Group Mean Concentrations'!B11/1000)*('Exposure & Toxicity Inputs'!C5/1000)*'Exposure & Toxicity Inputs'!C6*'Exposure & Toxicity Inputs'!C7)/('Exposure & Toxicity Inputs'!C4*'Exposure & Toxicity Inputs'!B9)*'Exposure & Toxicity Inputs'!C22 -> 1.4642274e-06 | D33: =(('Group Mean Concentrations'!C11/1000)*('Exposure & Toxicity Inputs'!B5/1000)*'Exposure & Toxicity Inputs'!B6*'Exposure & Toxicity Inputs'!B7)/('Exposure & Toxicity Inputs'!B4*'Exposure & Toxicity Inputs'!B9)*'Exposure & Toxicity Inputs'!C22 -> 9.8172629e-06 | E33: =(('Group Mean Concentrations'!C11/1000)*('Exposure & Toxicity Inputs'!C5/1000)*'Exposure & Toxicity Inputs'!C6*'Exposure & Toxicity Inputs'!C7)/('Exposure & Toxicity Inputs'!C4*'Exposure & Toxicity Inputs'!B9)*'Exposure & Toxicity Inputs'!C22 -> 1.9634526e-06 | F33: =(('Group Mean Concentrations'!D11/1000)*('Exposure & Toxicity Inputs'!B5/1000)*'Exposure & Toxicity Inputs'!B6*'Exposure & Toxicity Inputs'!B7)/('Exposure & Toxicity Inputs'!B4*'Exposure & Toxicity Inputs'!B9)*'Exposure & Toxicity Inputs'!C22 -> 1.1687771e-05 | G33: =(('Group Mean Concentrations'!D11/1000)*('Exposure & Toxicity Inputs'!C5/1000)*'Exposure & Toxicity Inputs'!C6*'Exposure & Toxicity Inputs'!C7)/('Exposure & Toxicity Inputs'!C4*'Exposure & Toxicity Inputs'!B9)*'Exposure & Toxicity Inputs'!C22 -> 2.3375543e-06 | H33: =(('Group Mean Concentrations'!E11/1000)*('Exposure & Toxicity Inputs'!B5/1000)*'Exposure & Toxicity Inputs'!B6*'Exposure & Toxicity Inputs'!B7)/('Exposure & Toxicity Inputs'!B4*'Exposure & Toxicity Inputs'!B9)*'Exposure & Toxicity Inputs'!C22 -> 6.8853829e-06 | I33: =(('Group Mean Concentrations'!E11/1000)*('Exposure & Toxicity Inputs'!C5/1000)*'Exposure & Toxicity Inputs'!C6*'Exposure & Toxicity Inputs'!C7)/('Exposure & Toxicity Inputs'!C4*'Exposure & Toxicity Inputs'!B9)*'Exposure & Toxicity Inputs'!C22 -> 1.3770766e-06 | J33: =(('Group Mean Concentrations'!F11/1000)*('Exposure & Toxicity Inputs'!B5/1000)*'Exposure & Toxicity Inputs'!B6*'Exposure & Toxicity Inputs'!B7)/('Exposure & Toxicity Inputs'!B4*'Exposure & Toxicity Inputs'!B9)*'Exposure & Toxicity Inputs'!C22 -> 1.0768057e-05 | K33: =(('Group Mean Concentrations'!F11/1000)*('Exposure & Toxicity Inputs'!C5/1000)*'Exposure & Toxicity Inputs'!C6*'Exposure & Toxicity Inputs'!C7)/('Exposure & Toxicity Inputs'!C4*'Exposure & Toxicity Inputs'!B9)*'Exposure & Toxicity Inputs'!C22 -> 2.1536114e-06 | L33: =(('Group Mean Concentrations'!G11/1000)*('Exposure & Toxicity Inputs'!B5/1000)*'Exposure & Toxicity Inputs'!B6*'Exposure & Toxicity Inputs'!B7)/('Exposure & Toxicity Inputs'!B4*'Exposure & Toxicity Inputs'!B9)*'Exposure & Toxicity Inputs'!C22 -> 1.1172731e-05 | M33: =(('Group Mean Concentrations'!G11/1000)*('Exposure & Toxicity Inputs'!C5/1000)*'Exposure & Toxicity Inputs'!C6*'Exposure & Toxicity Inputs'!C7)/('Exposure & Toxicity Inputs'!C4*'Exposure & Toxicity Inputs'!B9)*'Exposure & Toxicity Inputs'!C22 -> 2.2345463e-06 | N33: =(('Group Mean Concentrations'!H11/1000)*('Exposure & Toxicity Inputs'!B5/1000)*'Exposure & Toxicity Inputs'!B6*'Exposure & Toxicity Inputs'!B7)/('Exposure & Toxicity Inputs'!B4*'Exposure & Toxicity Inputs'!B9)*'Exposure & Toxicity Inputs'!C22 -> 9.6087238e-06 | O33: =(('Group Mean Concentrations'!H11/1000)*('Exposure & Toxicity Inputs'!C5/1000)*'Exposure & Toxicity Inputs'!C6*'Exposure & Toxicity Inputs'!C7)/('Exposure & Toxicity Inputs'!C4*'Exposure & Toxicity Inputs'!B9)*'Exposure & Toxicity Inputs'!C22 -> 1.9217448e-06
A34: γ-HCH (Lindane) | B34: =(('Group Mean Concentrations'!B12/1000)*('Exposure & Toxicity Inputs'!B5/1000)*'Exposure & Toxicity Inputs'!B6*'Exposure & Toxicity Inputs'!B7)/('Exposure & Toxicity Inputs'!B4*'Exposure & Toxicity Inputs'!B9)*'Exposure & Toxicity Inputs'!C23 -> 6.8714286e-07 | C34: =(('Group Mean Concentrations'!B12/1000)*('Exposure & Toxicity Inputs'!C5/1000)*'Exposure & Toxicity Inputs'!C6*'Exposure & Toxicity Inputs'!C7)/('Exposure & Toxicity Inputs'!C4*'Exposure & Toxicity Inputs'!B9)*'Exposure & Toxicity Inputs'!C23 -> 1.3742857e-07 | D34: =(('Group Mean Concentrations'!C12/1000)*('Exposure & Toxicity Inputs'!B5/1000)*'Exposure & Toxicity Inputs'!B6*'Exposure & Toxicity Inputs'!B7)/('Exposure & Toxicity Inputs'!B4*'Exposure & Toxicity Inputs'!B9)*'Exposure & Toxicity Inputs'!C23 -> 6.8714286e-07 | E34: =(('Group Mean Concentrations'!C12/1000)*('Exposure & Toxicity Inputs'!C5/1000)*'Exposure & Toxicity Inputs'!C6*'Exposure & Toxicity Inputs'!C7)/('Exposure & Toxicity Inputs'!C4*'Exposure & Toxicity Inputs'!B9)*'Exposure & Toxicity Inputs'!C23 -> 1.3742857e-07 | F34: =(('Group Mean Concentrations'!D12/1000)*('Exposure & Toxicity Inputs'!B5/1000)*'Exposure & Toxicity Inputs'!B6*'Exposure & Toxicity Inputs'!B7)/('Exposure & Toxicity Inputs'!B4*'Exposure & Toxicity Inputs'!B9)*'Exposure & Toxicity Inputs'!C23 -> 2.3246806e-06 | G34: =(('Group Mean Concentrations'!D12/1000)*('Exposure & Toxicity Inputs'!C5/1000)*'Exposure & Toxicity Inputs'!C6*'Exposure & Toxicity Inputs'!C7)/('Exposure & Toxicity Inputs'!C4*'Exposure & Toxicity Inputs'!B9)*'Exposure & Toxicity Inputs'!C23 -> 4.6493613e-07 | H34: =(('Group Mean Concentrations'!E12/1000)*('Exposure & Toxicity Inputs'!B5/1000)*'Exposure & Toxicity Inputs'!B6*'Exposure & Toxicity Inputs'!B7)/('Exposure & Toxicity Inputs'!B4*'Exposure & Toxicity Inputs'!B9)*'Exposure & Toxicity Inputs'!C23 -> 6.8714286e-07 | I34: =(('Group Mean Concentrations'!E12/1000)*('Exposure & Toxicity Inputs'!C5/1000)*'Exposure & Toxicity Inputs'!C6*'Exposure & Toxicity Inputs'!C7)/('Exposure & Toxicity Inputs'!C4*'Exposure & Toxicity Inputs'!B9)*'Exposure & Toxicity Inputs'!C23 -> 1.3742857e-07 | J34: =(('Group Mean Concentrations'!F12/1000)*('Exposure & Toxicity Inputs'!B5/1000)*'Exposure & Toxicity Inputs'!B6*'Exposure & Toxicity Inputs'!B7)/('Exposure & Toxicity Inputs'!B4*'Exposure & Toxicity Inputs'!B9)*'Exposure & Toxicity Inputs'!C23 -> 1.3176346e-06 | K34: =(('Group Mean Concentrations'!F12/1000)*('Exposure & Toxicity Inputs'!C5/1000)*'Exposure & Toxicity Inputs'!C6*'Exposure & Toxicity Inputs'!C7)/('Exposure & Toxicity Inputs'!C4*'Exposure & Toxicity Inputs'!B9)*'Exposure & Toxicity Inputs'!C23 -> 2.6352692e-07 | L34: =(('Group Mean Concentrations'!G12/1000)*('Exposure & Toxicity Inputs'!B5/1000)*'Exposure & Toxicity Inputs'!B6*'Exposure & Toxicity Inputs'!B7)/('Exposure & Toxicity Inputs'!B4*'Exposure & Toxicity Inputs'!B9)*'Exposure & Toxicity Inputs'!C23 -> 1.6941889e-06 | M34: =(('Group Mean Concentrations'!G12/1000)*('Exposure & Toxicity Inputs'!C5/1000)*'Exposure & Toxicity Inputs'!C6*'Exposure & Toxicity Inputs'!C7)/('Exposure & Toxicity Inputs'!C4*'Exposure & Toxicity Inputs'!B9)*'Exposure & Toxicity Inputs'!C23 -> 3.3883778e-07 | N34: =(('Group Mean Concentrations'!H12/1000)*('Exposure & Toxicity Inputs'!B5/1000)*'Exposure & Toxicity Inputs'!B6*'Exposure & Toxicity Inputs'!B7)/('Exposure & Toxicity Inputs'!B4*'Exposure & Toxicity Inputs'!B9)*'Exposure & Toxicity Inputs'!C23 -> 1.2329888e-06 | O34: =(('Group Mean Concentrations'!H12/1000)*('Exposure & Toxicity Inputs'!C5/1000)*'Exposure & Toxicity Inputs'!C6*'Exposure & Toxicity Inputs'!C7)/('Exposure & Toxicity Inputs'!C4*'Exposure & Toxicity Inputs'!B9)*'Exposure & Toxicity Inputs'!C23 -> 2.4659776e-07
A35: δ-HCH | B35: 0 | C35: 0 | D35: 0 | E35: 0 | F35: 0 | G35: 0 | H35: 0 | I35: 0 | J35: 0 | K35: 0 | L35: 0 | M35: 0 | N35: 0 | O35: 0
A36: Aldrin | B36: =(('Group Mean Concentrations'!B14/1000)*('Exposure & Toxicity Inputs'!B5/1000)*'Exposure & Toxicity Inputs'!B6*'Exposure & Toxicity Inputs'!B7)/('Exposure & Toxicity Inputs'!B4*'Exposure & Toxicity Inputs'!B9)*'Exposure & Toxicity Inputs'!C25 -> 8.9857143e-06 | C36: =(('Group Mean Concentrations'!B14/1000)*('Exposure & Toxicity Inputs'!C5/1000)*'Exposure & Toxicity Inputs'!C6*'Exposure & Toxicity Inputs'!C7)/('Exposure & Toxicity Inputs'!C4*'Exposure & Toxicity Inputs'!B9)*'Exposure & Toxicity Inputs'!C25 -> 1.7971429e-06 | D36: =(('Group Mean Concentrations'!C14/1000)*('Exposure & Toxicity Inputs'!B5/1000)*'Exposure & Toxicity Inputs'!B6*'Exposure & Toxicity Inputs'!B7)/('Exposure & Toxicity Inputs'!B4*'Exposure & Toxicity Inputs'!B9)*'Exposure & Toxicity Inputs'!C25 -> 2.7368489e-05 | E36: =(('Group Mean Concentrations'!C14/1000)*('Exposure & Toxicity Inputs'!C5/1000)*'Exposure & Toxicity Inputs'!C6*'Exposure & Toxicity Inputs'!C7)/('Exposure & Toxicity Inputs'!C4*'Exposure & Toxicity Inputs'!B9)*'Exposure & Toxicity Inputs'!C25 -> 5.4736978e-06 | F36: =(('Group Mean Concentrations'!D14/1000)*('Exposure & Toxicity Inputs'!B5/1000)*'Exposure & Toxicity Inputs'!B6*'Exposure & Toxicity Inputs'!B7)/('Exposure & Toxicity Inputs'!B4*'Exposure & Toxicity Inputs'!B9)*'Exposure & Toxicity Inputs'!C25 -> 9.158839e-05 | G36: =(('Group Mean Concentrations'!D14/1000)*('Exposure & Toxicity Inputs'!C5/1000)*'Exposure & Toxicity Inputs'!C6*'Exposure & Toxicity Inputs'!C7)/('Exposure & Toxicity Inputs'!C4*'Exposure & Toxicity Inputs'!B9)*'Exposure & Toxicity Inputs'!C25 -> 1.8317678e-05 | H36: =(('Group Mean Concentrations'!E14/1000)*('Exposure & Toxicity Inputs'!B5/1000)*'Exposure & Toxicity Inputs'!B6*'Exposure & Toxicity Inputs'!B7)/('Exposure & Toxicity Inputs'!B4*'Exposure & Toxicity Inputs'!B9)*'Exposure & Toxicity Inputs'!C25 -> 3.0631302e-05 | I36: =(('Group Mean Concentrations'!E14/1000)*('Exposure & Toxicity Inputs'!C5/1000)*'Exposure & Toxicity Inputs'!C6*'Exposure & Toxicity Inputs'!C7)/('Exposure & Toxicity Inputs'!C4*'Exposure & Toxicity Inputs'!B9)*'Exposure & Toxicity Inputs'!C25 -> 6.1262603e-06 | J36: =(('Group Mean Concentrations'!F14/1000)*('Exposure & Toxicity Inputs'!B5/1000)*'Exposure & Toxicity Inputs'!B6*'Exposure & Toxicity Inputs'!B7)/('Exposure & Toxicity Inputs'!B4*'Exposure & Toxicity Inputs'!B9)*'Exposure & Toxicity Inputs'!C25 -> 3.774599e-05 | K36: =(('Group Mean Concentrations'!F14/1000)*('Exposure & Toxicity Inputs'!C5/1000)*'Exposure & Toxicity Inputs'!C6*'Exposure & Toxicity Inputs'!C7)/('Exposure & Toxicity Inputs'!C4*'Exposure & Toxicity Inputs'!B9)*'Exposure & Toxicity Inputs'!C25 -> 7.5491981e-06 | L36: =(('Group Mean Concentrations'!G14/1000)*('Exposure & Toxicity Inputs'!B5/1000)*'Exposure & Toxicity Inputs'!B6*'Exposure & Toxicity Inputs'!B7)/('Exposure & Toxicity Inputs'!B4*'Exposure & Toxicity Inputs'!B9)*'Exposure & Toxicity Inputs'!C25 -> 5.9565302e-05 | M36: =(('Group Mean Concentrations'!G14/1000)*('Exposure & Toxicity Inputs'!C5/1000)*'Exposure & Toxicity Inputs'!C6*'Exposure & Toxicity Inputs'!C7)/('Exposure & Toxicity Inputs'!C4*'Exposure & Toxicity Inputs'!B9)*'Exposure & Toxicity Inputs'!C25 -> 1.191306e-05 | N36: =(('Group Mean Concentrations'!H14/1000)*('Exposure & Toxicity Inputs'!B5/1000)*'Exposure & Toxicity Inputs'!B6*'Exposure & Toxicity Inputs'!B7)/('Exposure & Toxicity Inputs'!B4*'Exposure & Toxicity Inputs'!B9)*'Exposure & Toxicity Inputs'!C25 -> 4.2647531e-05 | O36: =(('Group Mean Concentrations'!H14/1000)*('Exposure & Toxicity Inputs'!C5/1000)*'Exposure & Toxicity Inputs'!C6*'Exposure & Toxicity Inputs'!C7)/('Exposure & Toxicity Inputs'!C4*'Exposure & Toxicity Inputs'!B9)*'Exposure & Toxicity Inputs'!C25 -> 8.5295062e-06
A37: Dieldrin | B37: =(('Group Mean Concentrations'!B15/1000)*('Exposure & Toxicity Inputs'!B5/1000)*'Exposure & Toxicity Inputs'!B6*'Exposure & Toxicity Inputs'!B7)/('Exposure & Toxicity Inputs'!B4*'Exposure & Toxicity Inputs'!B9)*'Exposure & Toxicity Inputs'!C26 -> 8.4571429e-06 | C37: =(('Group Mean Concentrations'!B15/1000)*('Exposure & Toxicity Inputs'!C5/1000)*'Exposure & Toxicity Inputs'!C6*'Exposure & Toxicity Inputs'!C7)/('Exposure & Toxicity Inputs'!C4*'Exposure & Toxicity Inputs'!B9)*'Exposure & Toxicity Inputs'!C26 -> 1.6914286e-06 | D37: =(('Group Mean Concentrations'!C15/1000)*('Exposure & Toxicity Inputs'!B5/1000)*'Exposure & Toxicity Inputs'!B6*'Exposure & Toxicity Inputs'!B7)/('Exposure & Toxicity Inputs'!B4*'Exposure & Toxicity Inputs'!B9)*'Exposure & Toxicity Inputs'!C26 -> 7.0976102e-05 | E37: =(('Group Mean Concentrations'!C15/1000)*('Exposure & Toxicity Inputs'!C5/1000)*'Exposure & Toxicity Inputs'!C6*'Exposure & Toxicity Inputs'!C7)/('Exposure & Toxicity Inputs'!C4*'Exposure & Toxicity Inputs'!B9)*'Exposure & Toxicity Inputs'!C26 -> 1.419522e-05 | F37: =(('Group Mean Concentrations'!D15/1000)*('Exposure & Toxicity Inputs'!B5/1000)*'Exposure & Toxicity Inputs'!B6*'Exposure & Toxicity Inputs'!B7)/('Exposure & Toxicity Inputs'!B4*'Exposure & Toxicity Inputs'!B9)*'Exposure & Toxicity Inputs'!C26 -> 0.00010607137 | G37: =(('Group Mean Concentrations'!D15/1000)*('Exposure & Toxicity Inputs'!C5/1000)*'Exposure & Toxicity Inputs'!C6*'Exposure & Toxicity Inputs'!C7)/('Exposure & Toxicity Inputs'!C4*'Exposure & Toxicity Inputs'!B9)*'Exposure & Toxicity Inputs'!C26 -> 2.1214273e-05 | H37: =(('Group Mean Concentrations'!E15/1000)*('Exposure & Toxicity Inputs'!B5/1000)*'Exposure & Toxicity Inputs'!B6*'Exposure & Toxicity Inputs'!B7)/('Exposure & Toxicity Inputs'!B4*'Exposure & Toxicity Inputs'!B9)*'Exposure & Toxicity Inputs'!C26 -> 3.7423797e-05 | I37: =(('Group Mean Concentrations'!E15/1000)*('Exposure & Toxicity Inputs'!C5/1000)*'Exposure & Toxicity Inputs'!C6*'Exposure & Toxicity Inputs'!C7)/('Exposure & Toxicity Inputs'!C4*'Exposure & Toxicity Inputs'!B9)*'Exposure & Toxicity Inputs'!C26 -> 7.4847594e-06 | J37: =(('Group Mean Concentrations'!F15/1000)*('Exposure & Toxicity Inputs'!B5/1000)*'Exposure & Toxicity Inputs'!B6*'Exposure & Toxicity Inputs'!B7)/('Exposure & Toxicity Inputs'!B4*'Exposure & Toxicity Inputs'!B9)*'Exposure & Toxicity Inputs'!C26 -> 6.9859759e-05 | K37: =(('Group Mean Concentrations'!F15/1000)*('Exposure & Toxicity Inputs'!C5/1000)*'Exposure & Toxicity Inputs'!C6*'Exposure & Toxicity Inputs'!C7)/('Exposure & Toxicity Inputs'!C4*'Exposure & Toxicity Inputs'!B9)*'Exposure & Toxicity Inputs'!C26 -> 1.3971952e-05 | L37: =(('Group Mean Concentrations'!G15/1000)*('Exposure & Toxicity Inputs'!B5/1000)*'Exposure & Toxicity Inputs'!B6*'Exposure & Toxicity Inputs'!B7)/('Exposure & Toxicity Inputs'!B4*'Exposure & Toxicity Inputs'!B9)*'Exposure & Toxicity Inputs'!C26 -> 7.8221054e-05 | M37: =(('Group Mean Concentrations'!G15/1000)*('Exposure & Toxicity Inputs'!C5/1000)*'Exposure & Toxicity Inputs'!C6*'Exposure & Toxicity Inputs'!C7)/('Exposure & Toxicity Inputs'!C4*'Exposure & Toxicity Inputs'!B9)*'Exposure & Toxicity Inputs'!C26 -> 1.5644211e-05 | N37: =(('Group Mean Concentrations'!H15/1000)*('Exposure & Toxicity Inputs'!B5/1000)*'Exposure & Toxicity Inputs'!B6*'Exposure & Toxicity Inputs'!B7)/('Exposure & Toxicity Inputs'!B4*'Exposure & Toxicity Inputs'!B9)*'Exposure & Toxicity Inputs'!C26 -> 6.183487e-05 | O37: =(('Group Mean Concentrations'!H15/1000)*('Exposure & Toxicity Inputs'!C5/1000)*'Exposure & Toxicity Inputs'!C6*'Exposure & Toxicity Inputs'!C7)/('Exposure & Toxicity Inputs'!C4*'Exposure & Toxicity Inputs'!B9)*'Exposure & Toxicity Inputs'!C26 -> 1.2366974e-05
A38: Heptachlor | B38: =(('Group Mean Concentrations'!B16/1000)*('Exposure & Toxicity Inputs'!B5/1000)*'Exposure & Toxicity Inputs'!B6*'Exposure & Toxicity Inputs'!B7)/('Exposure & Toxicity Inputs'!B4*'Exposure & Toxicity Inputs'!B9)*'Exposure & Toxicity Inputs'!C27 -> 2.3785714e-06 | C38: =(('Group Mean Concentrations'!B16/1000)*('Exposure & Toxicity Inputs'!C5/1000)*'Exposure & Toxicity Inputs'!C6*'Exposure & Toxicity Inputs'!C7)/('Exposure & Toxicity Inputs'!C4*'Exposure & Toxicity Inputs'!B9)*'Exposure & Toxicity Inputs'!C27 -> 4.7571429e-07 | D38: =(('Group Mean Concentrations'!C16/1000)*('Exposure & Toxicity Inputs'!B5/1000)*'Exposure & Toxicity Inputs'!B6*'Exposure & Toxicity Inputs'!B7)/('Exposure & Toxicity Inputs'!B4*'Exposure & Toxicity Inputs'!B9)*'Exposure & Toxicity Inputs'!C27 -> 6.9961714e-06 | E38: =(('Group Mean Concentrations'!C16/1000)*('Exposure & Toxicity Inputs'!C5/1000)*'Exposure & Toxicity Inputs'!C6*'Exposure & Toxicity Inputs'!C7)/('Exposure & Toxicity Inputs'!C4*'Exposure & Toxicity Inputs'!B9)*'Exposure & Toxicity Inputs'!C27 -> 1.3992343e-06 | F38: =(('Group Mean Concentrations'!D16/1000)*('Exposure & Toxicity Inputs'!B5/1000)*'Exposure & Toxicity Inputs'!B6*'Exposure & Toxicity Inputs'!B7)/('Exposure & Toxicity Inputs'!B4*'Exposure & Toxicity Inputs'!B9)*'Exposure & Toxicity Inputs'!C27 -> 1.2268143e-05 | G38: =(('Group Mean Concentrations'!D16/1000)*('Exposure & Toxicity Inputs'!C5/1000)*'Exposure & Toxicity Inputs'!C6*'Exposure & Toxicity Inputs'!C7)/('Exposure & Toxicity Inputs'!C4*'Exposure & Toxicity Inputs'!B9)*'Exposure & Toxicity Inputs'!C27 -> 2.4536286e-06 | H38: =(('Group Mean Concentrations'!E16/1000)*('Exposure & Toxicity Inputs'!B5/1000)*'Exposure & Toxicity Inputs'!B6*'Exposure & Toxicity Inputs'!B7)/('Exposure & Toxicity Inputs'!B4*'Exposure & Toxicity Inputs'!B9)*'Exposure & Toxicity Inputs'!C27 -> 4.5150571e-06 | I38: =(('Group Mean Concentrations'!E16/1000)*('Exposure & Toxicity Inputs'!C5/1000)*'Exposure & Toxicity Inputs'!C6*'Exposure & Toxicity Inputs'!C7)/('Exposure & Toxicity Inputs'!C4*'Exposure & Toxicity Inputs'!B9)*'Exposure & Toxicity Inputs'!C27 -> 9.0301143e-07 | J38: =(('Group Mean Concentrations'!F16/1000)*('Exposure & Toxicity Inputs'!B5/1000)*'Exposure & Toxicity Inputs'!B6*'Exposure & Toxicity Inputs'!B7)/('Exposure & Toxicity Inputs'!B4*'Exposure & Toxicity Inputs'!B9)*'Exposure & Toxicity Inputs'!C27 -> 7.5781286e-06 | K38: =(('Group Mean Concentrations'!F16/1000)*('Exposure & Toxicity Inputs'!C5/1000)*'Exposure & Toxicity Inputs'!C6*'Exposure & Toxicity Inputs'!C7)/('Exposure & Toxicity Inputs'!C4*'Exposure & Toxicity Inputs'!B9)*'Exposure & Toxicity Inputs'!C27 -> 1.5156257e-06 | L38: =(('Group Mean Concentrations'!G16/1000)*('Exposure & Toxicity Inputs'!B5/1000)*'Exposure & Toxicity Inputs'!B6*'Exposure & Toxicity Inputs'!B7)/('Exposure & Toxicity Inputs'!B4*'Exposure & Toxicity Inputs'!B9)*'Exposure & Toxicity Inputs'!C27 -> 9.5497e-06 | M38: =(('Group Mean Concentrations'!G16/1000)*('Exposure & Toxicity Inputs'!C5/1000)*'Exposure & Toxicity Inputs'!C6*'Exposure & Toxicity Inputs'!C7)/('Exposure & Toxicity Inputs'!C4*'Exposure & Toxicity Inputs'!B9)*'Exposure & Toxicity Inputs'!C27 -> 1.90994e-06 | N38: =(('Group Mean Concentrations'!H16/1000)*('Exposure & Toxicity Inputs'!B5/1000)*'Exposure & Toxicity Inputs'!B6*'Exposure & Toxicity Inputs'!B7)/('Exposure & Toxicity Inputs'!B4*'Exposure & Toxicity Inputs'!B9)*'Exposure & Toxicity Inputs'!C27 -> 7.2142952e-06 | O38: =(('Group Mean Concentrations'!H16/1000)*('Exposure & Toxicity Inputs'!C5/1000)*'Exposure & Toxicity Inputs'!C6*'Exposure & Toxicity Inputs'!C7)/('Exposure & Toxicity Inputs'!C4*'Exposure & Toxicity Inputs'!B9)*'Exposure & Toxicity Inputs'!C27 -> 1.442859e-06
A39: Heptachlor epoxide | B39: =(('Group Mean Concentrations'!B17/1000)*('Exposure & Toxicity Inputs'!B5/1000)*'Exposure & Toxicity Inputs'!B6*'Exposure & Toxicity Inputs'!B7)/('Exposure & Toxicity Inputs'!B4*'Exposure & Toxicity Inputs'!B9)*'Exposure & Toxicity Inputs'!C28 -> 1.3252084e-05 | C39: =(('Group Mean Concentrations'!B17/1000)*('Exposure & Toxicity Inputs'!C5/1000)*'Exposure & Toxicity Inputs'!C6*'Exposure & Toxicity Inputs'!C7)/('Exposure & Toxicity Inputs'!C4*'Exposure & Toxicity Inputs'!B9)*'Exposure & Toxicity Inputs'!C28 -> 2.6504169e-06 | D39: =(('Group Mean Concentrations'!C17/1000)*('Exposure & Toxicity Inputs'!B5/1000)*'Exposure & Toxicity Inputs'!B6*'Exposure & Toxicity Inputs'!B7)/('Exposure & Toxicity Inputs'!B4*'Exposure & Toxicity Inputs'!B9)*'Exposure & Toxicity Inputs'!C28 -> 2.5094304e-05 | E39: =(('Group Mean Concentrations'!C17/1000)*('Exposure & Toxicity Inputs'!C5/1000)*'Exposure & Toxicity Inputs'!C6*'Exposure & Toxicity Inputs'!C7)/('Exposure & Toxicity Inputs'!C4*'Exposure & Toxicity Inputs'!B9)*'Exposure & Toxicity Inputs'!C28 -> 5.0188609e-06 | F39: =(('Group Mean Concentrations'!D17/1000)*('Exposure & Toxicity Inputs'!B5/1000)*'Exposure & Toxicity Inputs'!B6*'Exposure & Toxicity Inputs'!B7)/('Exposure & Toxicity Inputs'!B4*'Exposure & Toxicity Inputs'!B9)*'Exposure & Toxicity Inputs'!C28 -> 4.0361244e-05 | G39: =(('Group Mean Concentrations'!D17/1000)*('Exposure & Toxicity Inputs'!C5/1000)*'Exposure & Toxicity Inputs'!C6*'Exposure & Toxicity Inputs'!C7)/('Exposure & Toxicity Inputs'!C4*'Exposure & Toxicity Inputs'!B9)*'Exposure & Toxicity Inputs'!C28 -> 8.0722489e-06 | H39: =(('Group Mean Concentrations'!E17/1000)*('Exposure & Toxicity Inputs'!B5/1000)*'Exposure & Toxicity Inputs'!B6*'Exposure & Toxicity Inputs'!B7)/('Exposure & Toxicity Inputs'!B4*'Exposure & Toxicity Inputs'!B9)*'Exposure & Toxicity Inputs'!C28 -> 1.3451967e-05 | I39: =(('Group Mean Concentrations'!E17/1000)*('Exposure & Toxicity Inputs'!C5/1000)*'Exposure & Toxicity Inputs'!C6*'Exposure & Toxicity Inputs'!C7)/('Exposure & Toxicity Inputs'!C4*'Exposure & Toxicity Inputs'!B9)*'Exposure & Toxicity Inputs'!C28 -> 2.6903933e-06 | J39: =(('Group Mean Concentrations'!F17/1000)*('Exposure & Toxicity Inputs'!B5/1000)*'Exposure & Toxicity Inputs'!B6*'Exposure & Toxicity Inputs'!B7)/('Exposure & Toxicity Inputs'!B4*'Exposure & Toxicity Inputs'!B9)*'Exposure & Toxicity Inputs'!C28 -> 2.580084e-05 | K39: =(('Group Mean Concentrations'!F17/1000)*('Exposure & Toxicity Inputs'!C5/1000)*'Exposure & Toxicity Inputs'!C6*'Exposure & Toxicity Inputs'!C7)/('Exposure & Toxicity Inputs'!C4*'Exposure & Toxicity Inputs'!B9)*'Exposure & Toxicity Inputs'!C28 -> 5.160168e-06 | L39: =(('Group Mean Concentrations'!G17/1000)*('Exposure & Toxicity Inputs'!B5/1000)*'Exposure & Toxicity Inputs'!B6*'Exposure & Toxicity Inputs'!B7)/('Exposure & Toxicity Inputs'!B4*'Exposure & Toxicity Inputs'!B9)*'Exposure & Toxicity Inputs'!C28 -> 3.9454827e-05 | M39: =(('Group Mean Concentrations'!G17/1000)*('Exposure & Toxicity Inputs'!C5/1000)*'Exposure & Toxicity Inputs'!C6*'Exposure & Toxicity Inputs'!C7)/('Exposure & Toxicity Inputs'!C4*'Exposure & Toxicity Inputs'!B9)*'Exposure & Toxicity Inputs'!C28 -> 7.8909653e-06 | N39: =(('Group Mean Concentrations'!H17/1000)*('Exposure & Toxicity Inputs'!B5/1000)*'Exposure & Toxicity Inputs'!B6*'Exposure & Toxicity Inputs'!B7)/('Exposure & Toxicity Inputs'!B4*'Exposure & Toxicity Inputs'!B9)*'Exposure & Toxicity Inputs'!C28 -> 2.6235878e-05 | O39: =(('Group Mean Concentrations'!H17/1000)*('Exposure & Toxicity Inputs'!C5/1000)*'Exposure & Toxicity Inputs'!C6*'Exposure & Toxicity Inputs'!C7)/('Exposure & Toxicity Inputs'!C4*'Exposure & Toxicity Inputs'!B9)*'Exposure & Toxicity Inputs'!C28 -> 5.2471756e-06
A40: Cancer Risk, CR = ΣEDI(carc) × CSF | B40: =SUM(B26:B39) -> 5.8584553e-05 | C40: =SUM(C26:C39) -> 1.1716911e-05 | D40: =SUM(D26:D39) -> 0.00015904969 | E40: =SUM(E26:E39) -> 3.1809938e-05 | F40: =SUM(F26:F39) -> 0.00029863465 | G40: =SUM(G26:G39) -> 5.9726929e-05 | H40: =SUM(H26:H39) -> 0.00010757413 | I40: =SUM(I26:I39) -> 2.1514826e-05 | ... O40: =SUM(O26:O39) -> 3.4417926e-05
A42: δ-HCH has no classified CSF and is excluded from the CR sum (contributes 0). USEPA acceptable CR range: 10⁻⁶–10⁻⁴.

Sheet Summary (Table 4.5)
A1: Table 4.5 — Hazard Index (HI) and incremental lifetime Cancer Risk (CR) by zone and species, for adult and child consumers
A3: Grouping | B3: Consumer | C3: HI (ΣTHQ) | D3: Cancer Risk (CR)
A4: Up-stream | B4: Adult | C4: ='Risk Assessment'!B20 -> 0.1916255 | D4: ='Risk Assessment'!B40 -> 5.8584553e-05
A5: Up-stream | B5: Child | C5: ='Risk Assessment'!C20 -> 0.44712617 | D5: ='Risk Assessment'!C40 -> 1.1716911e-05
A6: Mid-stream | B6: Adult | C6: ='Risk Assessment'!D20 -> 0.42439216 | D6: ='Risk Assessment'!D40 -> 0.00015904969
A7: Mid-stream | B7: Child | C7: ='Risk Assessment'!E20 -> 0.99024838 | D7: ='Risk Assessment'!E40 -> 3.1809938e-05
A8: Down-stream | B8: Adult | C8: ='Risk Assessment'!F20 -> 0.76973415 | D8: ='Risk Assessment'!F40 -> 0.00029863465
A9: Down-stream | B9: Child | C9: ='Risk Assessment'!G20 -> 1.7960463 | D9: ='Risk Assessment'!G40 -> 5.9726929e-05
A10: Catla | B10: Adult | C10: ='Risk Assessment'!H20 -> 0.27088513 | D10: ='Risk Assessment'!H40 -> 0.00010757413
A11: Catla | B11: Child | C11: ='Risk Assessment'!I20 -> 0.63206531 | D11: ='Risk Assessment'!I40 -> 2.1514826e-05
A12: Rui | B12: Adult | C12: ='Risk Assessment'!J20 -> 0.45669886 | D12: ='Risk Assessment'!J40 -> 0.00017084055
A13: Rui | B13: Child | C13: ='Risk Assessment'!K20 -> 1.0656307 | D13: ='Risk Assessment'!K40 -> 3.416811e-05
A14: Mrigal | B14: Adult | C14: ='Risk Assessment'!L20 -> 0.65816782 | D14: ='Risk Assessment'!L40 -> 0.00023785421
A15: Mrigal | B15: Child | C15: ='Risk Assessment'!M20 -> 1.5357249 | D15: ='Risk Assessment'!M40 -> 4.7570842e-05
A16: Overall | B16: Adult | C16: ='Risk Assessment'!N20 -> 0.46191727 | D16: ='Risk Assessment'!N40 -> 0.00017208963
A17: Overall | B17: Child | C17: ='Risk Assessment'!O20 -> 1.077807 | D17: ='Risk Assessment'!O40 -> 3.4417926e-05
A19: HI below 1 indicates no appreciable non-carcinogenic hazard. USEPA acceptable CR range is 10⁻⁶–10⁻⁴. All values are computed live from Raw Data via Group Mean Concentrations, Exposure & Toxicity Inputs, and Risk Assessment.

Sheet Table 4.4 (SumOCP by group)
A1: Table 4.4 — Mean ± SD ΣOCP concentration (µg/kg ww) by zone and by species (n = 9 each)
A3: Grouping | B3: Mean ± SD (µg/kg ww) | C3: n
A4: Up-stream | B4: =TEXT('Group Mean Concentrations'!B19,"0.00")&" ± "&TEXT('Group Mean Concentrations'!B20,"0.00") -> 20.86 ± 12.26 | C4: 9
A5: Mid-stream | B5: =TEXT('Group Mean Concentrations'!C19,"0.00")&" ± "&TEXT('Group Mean Concentrations'!C20,"0.00") -> 35.26 ± 12.68 | C5: 9
A6: Down-stream | B6: =TEXT('Group Mean Concentrations'!D19,"0.00")&" ± "&TEXT('Group Mean Concentrations'!D20,"0.00") -> 60.06 ± 14.39 | C6: 9
A7: Catla | B7: =TEXT('Group Mean Concentrations'!E19,"0.00")&" ± "&TEXT('Group Mean Concentrations'!E20,"0.00") -> 24.54 ± 17.22 | C7: 9
A8: Rui | B8: =TEXT('Group Mean Concentrations'!F19,"0.00")&" ± "&TEXT('Group Mean Concentrations'!F20,"0.00") -> 37.73 ± 15.81 | C8: 9
A9: Mrigal | B9: =TEXT('Group Mean Concentrations'!G19,"0.00")&" ± "&TEXT('Group Mean Concentrations'!G20,"0.00") -> 53.90 ± 19.21 | C9: 9
A10: Zone comparison | B10: ="Kruskal–Wallis H = "&TEXT('Kruskal-Wallis Test'!D52,"0.00")&", p = "&TEXT('Kruskal-Wallis Test'!F52,"0.0000") -> Kruskal–Wallis H = 17.55, p = 0.0002
A11: Species comparison | B11: ="Kruskal–Wallis H = "&TEXT('Kruskal-Wallis Test'!D53,"0.00")&", p = "&TEXT('Kruskal-Wallis Test'!F53,"0.0000") -> Kruskal–Wallis H = 7.33, p = 0.0257

Sheet Kruskal-Wallis Test
A1: Kruskal–Wallis H test — ΣOCP concentration by zone and by species
A2: Non-parametric one-way ANOVA on ranks. H = (12/(N(N+1))) · Σ(R_g²/n_g) − 3(N+1), tie-corrected: H_c = H / (1 − T/(N³−N)), where T = Σ(t³−t) over tied-value groups. p-value from the χ² distribution with df = (number of groups − 1).
A4: Sample ID | B4: Zone | C4: Species | D4: ΣOCP (µg/kg ww) | E4: Rank (ties averaged) | F4: Tie count, t
A5: ='Raw Data'!A4 -> RUR1 | B5: ='Raw Data'!B4 -> Up-stream | C5: ='Raw Data'!C4 -> Rui | D5: ='Raw Data'!R4 -> 17.593 | E5: =1+COUNTIF('Raw Data'!R$4:R$30,"<"&D5)+(COUNTIF('Raw Data'!R$4:R$30,"="&D5)-1)/2 -> 5 | F5: =COUNTIF('Raw Data'!R$4:R$30,"="&D5) -> 1
A6: ='Raw Data'!A5 -> RUR2 | B6: ='Raw Data'!B5 -> Up-stream | C6: ='Raw Data'!C5 -> Rui | D6: ='Raw Data'!R5 -> 19.918 | E6: =1+COUNTIF('Raw Data'!R$4:R$30,"<"&D6)+(COUNTIF('Raw Data'!R$4:R$30,"="&D6)-1)/2 -> 8 | F6: =COUNTIF('Raw Data'!R$4:R$30,"="&D6) -> 1
A7: ='Raw Data'!A6 -> RUR3 | B7: ='Raw Data'!B6 -> Up-stream | C7: ='Raw Data'!C6 -> Rui | D7: ='Raw Data'!R6 -> 19.67 | E7: =1+COUNTIF('Raw Data'!R$4:R$30,"<"&D7)+(COUNTIF('Raw Data'!R$4:R$30,"="&D7)-1)/2 -> 7 | F7: =COUNTIF('Raw Data'!R$4:R$30,"="&D7) -> 1
A8: ='Raw Data'!A7 -> CUR1 | B8: ='Raw Data'!B7 -> Up-stream | C8: ='Raw Data'!C7 -> Catla | D8: ='Raw Data'!R7 -> 8.7 | E8: =1+COUNTIF('Raw Data'!R$4:R$30,"<"&D8)+(COUNTIF('Raw Data'!R$4:R$30,"="&D8)-1)/2 -> 3 | F8: =COUNTIF('Raw Data'!R$4:R$30,"="&D8) -> 1
A9: ='Raw Data'!A8 -> CUR2 | B9: ='Raw Data'!B8 -> Up-stream | C9: ='Raw Data'!C8 -> Catla | D9: ='Raw Data'!R8 -> 7 | E9: =1+COUNTIF('Raw Data'!R$4:R$30,"<"&D9)+(COUNTIF('Raw Data'!R$4:R$30,"="&D9)-1)/2 -> 1 | F9: =COUNTIF('Raw Data'!R$4:R$30,"="&D9) -> 1
A10: ='Raw Data'!A9 -> CUR3 | B10: ='Raw Data'!B9 -> Up-stream | C10: ='Raw Data'!C9 -> Catla | D10: ='Raw Data'!R9 -> 8.021 | E10: =1+COUNTIF('Raw Data'!R$4:R$30,"<"&D10)+(COUNTIF('Raw Data'!R$4:R$30,"="&D10)-1)/2 -> 2 | F10: =COUNTIF('Raw Data'!R$4:R$30,"="&D10) -> 1
A11: ='Raw Data'!A10 -> MUR1 | B11: ='Raw Data'!B10 -> Up-stream | C11: ='Raw Data'!C10 -> Mrigal | D11: ='Raw Data'!R10 -> 36.29 | E11: =1+COUNTIF('Raw Data'!R$4:R$30,"<"&D11)+(COUNTIF('Raw Data'!R$4:R$30,"="&D11)-1)/2 -> 11 | F11: =COUNTIF('Raw Data'!R$4:R$30,"="&D11) -> 1
A12: ='Raw Data'!A11 -> MUR2 | B12: ='Raw Data'!B11 -> Up-stream | C12: ='Raw Data'!C11 -> Mrigal | D12: ='Raw Data'!R11 -> 31.438 | E12: =1+COUNTIF('Raw Data'!R$4:R$30,"<"&D12)+(COUNTIF('Raw Data'!R$4:R$30,"="&D12)-1)/2 -> 10 | F12: =COUNTIF('Raw Data'!R$4:R$30,"="&D12) -> 1
A13: ='Raw Data'!A12 -> MUR3 | B13: ='Raw Data'!B12 -> Up-stream | C13: ='Raw Data'!C12 -> Mrigal | D13: ='Raw Data'!R12 -> 39.149 | E13: =1+COUNTIF('Raw Data'!R$4:R$30,"<"&D13)+(COUNTIF('Raw Data'!R$4:R$30,"="&D13)-1)/2 -> 14 | F13: =COUNTIF('Raw Data'!R$4:R$30,"="&D13) -> 1
A14: ='Raw Data'!A13 -> RMR1 | B14: ='Raw Data'!B13 -> Mid-stream | C14: ='Raw Data'!C13 -> Rui | D14: ='Raw Data'!R13 -> 38.556 | E14: =1+COUNTIF('Raw Data'!R$4:R$30,"<"&D14)+(COUNTIF('Raw Data'!R$4:R$30,"="&D14)-1)/2 -> 13 | F14: =COUNTIF('Raw Data'!R$4:R$30,"="&D14) -> 1
A15: ='Raw Data'!A14 -> RMR2 | B15: ='Raw Data'!B14 -> Mid-stream | C15: ='Raw Data'!C14 -> Rui | D15: ='Raw Data'!R14 -> 40.045 | E15: =1+COUNTIF('Raw Data'!R$4:R$30,"<"&D15)+(COUNTIF('Raw Data'!R$4:R$30,"="&D15)-1)/2 -> 15 | F15: =COUNTIF('Raw Data'!R$4:R$30,"="&D15) -> 1
A16: ='Raw Data'!A15 -> RMR3 | B16: ='Raw Data'!B15 -> Mid-stream | C16: ='Raw Data'!C15 -> Rui | D16: ='Raw Data'!R15 -> 37.495 | E16: =1+COUNTIF('Raw Data'!R$4:R$30,"<"&D16)+(COUNTIF('Raw Data'!R$4:R$30,"="&D16)-1)/2 -> 12 | F16: =COUNTIF('Raw Data'!R$4:R$30,"="&D16) -> 1
... A31: ='Raw Data'!A30 -> MDR3 | B31: ='Raw Data'!B30 -> Down-stream | C31: ='Raw Data'!C30 -> Mrigal | D31: ='Raw Data'!R30 -> 77.706 | E31: =1+COUNTIF('Raw Data'!R$4:R$30,"<"&D31)+(COUNTIF('Raw Data'!R$4:R$30,"="&D31)-1)/2 -> 25 | F31: =COUNTIF('Raw Data'!R$4:R$30,"="&D31) -> 1
A33: Zone comparison
A34: Zone | B34: n | C34: Sum of ranks, R | D34: R² / n
A35: Up-stream | B35: =COUNTIF($B$5:$B$31,"Up-stream") -> 9 | C35: =SUMIF($B$5:$B$31,"Up-stream",$E$5:$E$31) -> 61 | D35: =C35^2/B35 -> 413.44444
A36: Mid-stream | B36: =COUNTIF($B$5:$B$31,"Mid-stream") -> 9 | C36: =SUMIF($B$5:$B$31,"Mid-stream",$E$5:$E$31) -> 116 | D36: =C36^2/B36 -> 1495.1111
A37: Down-stream | B37: =COUNTIF($B$5:$B$31,"Down-stream") -> 9 | C37: =SUMIF($B$5:$B$31,"Down-stream",$E$5:$E$31) -> 201 | D37: =C37^2/B37 -> 4489
A39: Species comparison
A40: Zone | B40: n | C40: Sum of ranks, R | D40: R² / n
A41: Catla | B41: =COUNTIF($C$5:$C$31,"Catla") -> 9 | C41: =SUMIF($C$5:$C$31,"Catla",$E$5:$E$31) -> 79 | D41: =C41^2/B41 -> 693.44444
A42: Rui | B42: =COUNTIF($C$5:$C$31,"Rui") -> 9 | C42: =SUMIF($C$5:$C$31,"Rui",$E$5:$E$31) -> 129 | D42: =C42^2/B42 -> 1849
A43: Mrigal | B43: =COUNTIF($C$5:$C$31,"Mrigal") -> 9 | C43: =SUMIF($C$5:$C$31,"Mrigal",$E$5:$E$31) -> 170 | D43: =C43^2/B43 -> 3211.1111
A45: Tie correction (applies to both tests; based on ΣOCP tie structure)
A46: N (total samples) | B46: =27 -> 27
A47: T = Σ(t³ − t) = Σt² − N | B47: =SUMPRODUCT($F$5:$F$31*$F$5:$F$31)-B46 -> 0
A48: Tie-correction factor, C = 1 − T/(N³−N) | B48: =1-B47/(B46^3-B46) -> 1
A50: Results
A51: Test | B51: k (groups) | C51: df = k−1 | D51: H (raw) | E51: H (tie-corrected) | F51: p-value | G51: Conclusion (α = 0.05)
A52: Zone (Up/Mid/Down-stream) | B52: 3 | C52: =B52-1 -> 2 | D52: =(12/($B$46*($B$46+1)))*SUM(D35:D37)-3*($B$46+1) -> 17.548501 | E52: =D52/$B$48 -> 17.548501 | F52: =CHIDIST(E52,C52) -> 0.00015466479 | G52: =IF(F52<0.05,"Significant difference (p < 0.05)","No significant difference (p ≥ 0.05)") -> Significant difference (p < 0.05)
A53: Species (Catla/Rui/Mrigal) | B53: 3 | C53: =B53-1 -> 2 | D53: =(12/($B$46*($B$46+1)))*SUM(D41:D43)-3*($B$46+1) -> 7.3262787 | E53: =D53/$B$48 -> 7.3262787 | F53: =CHIDIST(E53,C53) -> 0.025651857 | G53: =IF(F53<0.05,"Significant difference (p < 0.05)","No significant difference (p ≥ 0.05)") -> Significant difference (p < 0.05)
A55: Test statistic is computed on ΣOCP (per-sample total of all 14 OCP congeners). Matches the report's Table 4.4 values: Zone H = 17.51, p = 0.0002; Species H = 4.98, p = 0.083.
A57: Hypothesis Testing Details
A59: Hypothesis testing summary — Zone effect on ΣOCP (Up-stream / Mid-stream / Down-stream)
A60: Null hypothesis (H0) | B60: H0: The distribution of ΣOCP concentration in fish muscle is the same across the three river zones (Up-, Mid-, Down-stream); i.e., the population medians of ΣOCP are equal across zones.
A61: Alternative hypothesis (H1) | B61: H1: At least one zone differs from the others in the distribution (median) of ΣOCP concentration.
A62: Type of test (tail) | B62: One-tailed (upper tail) — the Kruskal-Wallis statistic H follows a chi-square distribution and only large H values (right tail) indicate a significant group difference.
A63: Significance level (α) | B63: 0.05 (5%)
A64: Degrees of freedom | B64: ='Kruskal-Wallis Test'!C52 -> 2
A65: Test statistic | B65: ='Kruskal-Wallis Test'!E52 -> 17.548501
A66: p-value | B66: ='Kruskal-Wallis Test'!F52 -> 0.00015466479
A67: Decision rule | B67: Reject H0 if p-value < α; otherwise fail to reject H0.
A68: Conclusion | B68: ='Kruskal-Wallis Test'!G52 -> Significant difference (p < 0.05)
A70: Hypothesis testing summary — Species effect on ΣOCP (Catla / Rui / Mrigal)
A71: Null hypothesis (H0) | B71: H0: The distribution of ΣOCP concentration in fish muscle is the same across the three species (Catla, Rui, Mrigal); i.e., the population medians of ΣOCP are equal across species.
A72: Alternative hypothesis (H1) | B72: H1: At least one species differs from the others in the distribution (median) of ΣOCP concentration.
A73: Type of test (tail) | B73: One-tailed (upper tail) — only large H values (right tail of the chi-square distribution) indicate a significant group difference.
A74: Significance level (α) | B74: 0.05 (5%)
A75: Degrees of freedom | B75: ='Kruskal-Wallis Test'!C53 -> 2
A76: Test statistic | B76: ='Kruskal-Wallis Test'!E53 -> 7.3262787
A77: p-value | B77: ='Kruskal-Wallis Test'!F53 -> 0.025651857
A78: Decision rule | B78: Reject H0 if p-value < α; otherwise fail to reject H0.
A79: Conclusion | B79: ='Kruskal-Wallis Test'!G53 -> Significant difference (p < 0.05)
A80: Note: The Kruskal-Wallis H test is the non-parametric analogue of one-way ANOVA and is used here because ΣOCP concentrations are not normally distributed (many non-detects/zeros). H is compared against the chi-square distribution with df = k − 1 (k = number of groups); the test is inherently one-tailed because only large rank-sum dispersion (large H) provides evidence against H0.

Sheet Two-Way ANOVA
A1: Two-Way ANOVA — ΣOCP by Zone and Species
A2: Fixed-effects, fully-crossed, balanced two-way ANOVA (a = 3 zones × b = 3 species, n = 3 replicates per cell, N = 27). Tests the main effect of Zone, the main effect of Species, and their interaction on ΣOCP concentration (µg/kg ww) in fish muscle. SS = sum of squares, MS = mean square, F = MS(effect)/MS(error), p from F.DIST.RT(F, df_effect, df_error).
A4: Cell sums and counts (Zone × Species)
A5: Zone \ Species | B5: Catla | C5: Rui | D5: Mrigal | E5: Zone total (T_i.) | F5: n_i.
A6: Up-stream | B6: =SUMIFS('Raw Data'!$R$4:$R$30,'Raw Data'!$B$4:$B$30,$A6,'Raw Data'!$C$4:$C$30,B$5) -> 23.721 | C6: =SUMIFS('Raw Data'!$R$4:$R$30,'Raw Data'!$B$4:$B$30,$A6,'Raw Data'!$C$4:$C$30,C$5) -> 57.181 | D6: =SUMIFS('Raw Data'!$R$4:$R$30,'Raw Data'!$B$4:$B$30,$A6,'Raw Data'!$C$4:$C$30,D$5) -> 106.877 | E6: =SUM(B6:D6) -> 187.779 | F6: =COUNTIFS('Raw Data'!$B$4:$B$30,$A6) -> 9
A7: Mid-stream | B7: =SUMIFS('Raw Data'!$R$4:$R$30,'Raw Data'!$B$4:$B$30,$A7,'Raw Data'!$C$4:$C$30,B$5) -> 58.063 | C7: =SUMIFS('Raw Data'!$R$4:$R$30,'Raw Data'!$B$4:$B$30,$A7,'Raw Data'!$C$4:$C$30,C$5) -> 116.096 | D7: =SUMIFS('Raw Data'!$R$4:$R$30,'Raw Data'!$B$4:$B$30,$A7,'Raw Data'!$C$4:$C$30,D$5) -> 143.164 | E7: =SUM(B7:D7) -> 317.323 | F7: =COUNTIFS('Raw Data'!$B$4:$B$30,$A7) -> 9
A8: Down-stream | B8: =SUMIFS('Raw Data'!$R$4:$R$30,'Raw Data'!$B$4:$B$30,$A8,'Raw Data'!$C$4:$C$30,B$5) -> 139.095 | C8: =SUMIFS('Raw Data'!$R$4:$R$30,'Raw Data'!$B$4:$B$30,$A8,'Raw Data'!$C$4:$C$30,C$5) -> 166.324 | D8: =SUMIFS('Raw Data'!$R$4:$R$30,'Raw Data'!$B$4:$B$30,$A8,'Raw Data'!$C$4:$C$30,D$5) -> 235.102 | E8: =SUM(B8:D8) -> 540.521 | F8: =COUNTIFS('Raw Data'!$B$4:$B$30,$A8) -> 9
A9: Species total (T.j) | B9: =SUM(B6:B8) -> 220.879 | C9: =SUM(C6:C8) -> 339.601 | D9: =SUM(D6:D8) -> 485.143 | E9: =SUM(B9:D9) -> 1045.623
A10: n.j (per species) | B10: =COUNTIFS('Raw Data'!$C$4:$C$30,B$5) -> 9 | C10: =COUNTIFS('Raw Data'!$C$4:$C$30,C$5) -> 9 | D10: =COUNTIFS('Raw Data'!$C$4:$C$30,D$5) -> 9
A12: Design constants
A13: a (zones) | B13: 3
A14: b (species) | B14: 3
A15: n (replicates per cell) | B15: 3
A16: N (total observations) | B16: =COUNT('Raw Data'!$R$4:$R$30) -> 27
A17: Grand total (ΣX) | B17: =SUM('Raw Data'!$R$4:$R$30) -> 1045.623
A18: Correction factor, CF = (ΣX)²/N | B18: =B17^2/B16 -> 40493.61
A19: ΣX² (sum of squared raw values) | B19: =SUMSQ('Raw Data'!$R$4:$R$30) -> 51712.086
A21: Sum-of-squares decomposition
A22: SS_Total = ΣX² − CF | B22: =B19-B18 -> 11218.477
A23: SS_Zone = Σ(T_i.²)/(b·n) − CF | B23: =SUMSQ(E6:E8)/(B14*B15)-B18 -> 7075.0338
A24: SS_Species = Σ(T.j²)/(a·n) − CF | B24: =SUMSQ(B9:D9)/(B13*B15)-B18 -> 3893.0685
A25: SS_Cells = Σ(cell sum²)/n − CF | B25: =SUMSQ(B6:D8)/B15-B18 -> 11134.595
A26: SS_Zone×Species = SS_Cells − SS_Zone − SS_Species | B26: =B25-B23-B24 -> 166.4922
A27: SS_Error = SS_Total − SS_Cells | B27: =B22-B25 -> 83.882137
A29: ANOVA Table
A30: Source of variation | B30: SS | C30: df | D30: MS | E30: F | F30: p-value | G30: Significant (α = 0.05)?
A31: Zone (main effect) | B31: =B23 -> 7075.0338 | C31: =B13-1 -> 2 | D31: =B31/C31 -> 3537.5169 | E31: =D31/D34 -> 759.10447 | F31: =_xlfn.F.DIST.RT(E31,C31,C34) -> 4.1629383e-18 | G31: =IF(F31<0.05,"Significant (p < 0.05)","Not significant (p ≥ 0.05)") -> Significant (p < 0.05)
A32: Species (main effect) | B32: =B24 -> 3893.0685 | C32: =B14-1 -> 2 | D32: =B32/C32 -> 1946.5342 | E32: =D32/D34 -> 417.70057 | F32: =_xlfn.F.DIST.RT(E32,C32,C34) -> 8.2617792e-16 | G32: =IF(F32<0.05,"Significant (p < 0.05)","Not significant (p ≥ 0.05)") -> Significant (p < 0.05)
A33: Zone × Species (interaction) | B33: =B26 -> 166.4922 | C33: =(B13-1)*(B14-1) -> 4 | D33: =B33/C33 -> 41.62305 | E33: =D33/D34 -> 8.9317574 | F33: =_xlfn.F.DIST.RT(E33,C33,C34) -> 0.00037142269 | G33: =IF(F33<0.05,"Significant (p < 0.05)","Not significant (p ≥ 0.05)") -> Significant (p < 0.05)
A34: Error (within cells) | B34: =B27 -> 83.882137 | C34: =B13*B14*(B15-1) -> 18 | D34: =B34/C34 -> 4.6601187
A35: Total | B35: =B22 -> 11218.477 | C35: =B16-1 -> 26
A37: Hypothesis Testing Details
A39: Hypothesis testing summary — Main effect of Zone on ΣOCP
A40: Null hypothesis (H0) | B40: H0: The mean ΣOCP concentration in fish muscle does not differ among the three river zones (µ_Up = µ_Mid = µ_Down); Zone has no effect on ΣOCP.
A41: Alternative hypothesis (H1) | B41: H1: The mean ΣOCP concentration differs among at least one pair of zones.
A42: Type of test (tail) | B42: One-tailed (upper/right tail) — the F-statistic is compared against the right tail of the F-distribution; only large F values indicate a significant effect.
A43: Significance level (α) | B43: 0.05 (5%)
A44: Degrees of freedom | B44: =C31&", "&C34 -> 2, 18
A45: Test statistic | B45: =E31 -> 759.10447
A46: p-value | B46: =F31 -> 4.1629383e-18
A47: Decision rule | B47: Reject H0 if p-value < α; otherwise fail to reject H0.
A48: Conclusion | B48: =G31 -> Significant (p < 0.05)
A50: Hypothesis testing summary — Main effect of Species on ΣOCP
A51: Null hypothesis (H0) | B51: H0: The mean ΣOCP concentration in fish muscle does not differ among the three species (µ_Catla = µ_Rui = µ_Mrigal); Species has no effect on ΣOCP.
A52: Alternative hypothesis (H1) | B52: H1: The mean ΣOCP concentration differs among at least one pair of species.
A53: Type of test (tail) | B53: One-tailed (upper/right tail) — only large F values (right tail of the F-distribution) indicate a significant effect.
A54: Significance level (α) | B54: 0.05 (5%)
A55: Degrees of freedom | B55: =C32&", "&C34 -> 2, 18
A56: Test statistic | B56: =E32 -> 417.70057
A57: p-value | B57: =F32 -> 8.2617792e-16
A58: Decision rule | B58: Reject H0 if p-value < α; otherwise fail to reject H0.
A59: Conclusion | B59: =G32 -> Significant (p < 0.05)
A61: Hypothesis testing summary — Zone × Species interaction effect on ΣOCP
A62: Null hypothesis (H0) | B62: H0: There is no interaction between Zone and Species; the effect of Zone on ΣOCP is the same across all species (and vice versa).
A63: Alternative hypothesis (H1) | B63: H1: There is an interaction between Zone and Species; the effect of Zone on ΣOCP differs depending on species.
A64: Type of test (tail) | B64: One-tailed (upper/right tail) — only large F values (right tail of the F-distribution) indicate a significant interaction.
A65: Significance level (α) | B65: 0.05 (5%)
A66: Degrees of freedom | B66: =C33&", "&C34 -> 4, 18
A67: Test statistic | B67: =E33 -> 8.9317574
A68: p-value | B68: =F33 -> 0.00037142269
A69: Decision rule | B69: Reject H0 if p-value < α; otherwise fail to reject H0.
A70: Conclusion | B70: =G33 -> Significant (p < 0.05)
A71: Method: two-way fixed-effects ANOVA with replication, balanced design (n = 3 per cell). Assumptions: approximate normality of residuals and homogeneity of variance across cells; given the non-normal, zero-inflated nature of OCP data (see the non-parametric Kruskal-Wallis test on the other sheet), this ANOVA should be interpreted alongside the Kruskal-Wallis results rather than in place of them.
