Workbook

Sheet README
A1: Halda River — Organochlorine pesticides (OCPs) in surface water: full calculation workbook
A3: Purpose: every number in the thesis chapter 'OCP residues in surface water' is reproduced here with live Excel formulas so that it recalculates if any input changes.
A4: Unit assumption: raw concentrations (sheet Raw_Data) are in ng/L. Cell Parameters!B4 converts ng/L → µg/L; change it if the laboratory reported another unit.
A5: Colour code: blue text = hard-coded inputs (measured data, exposure parameters, toxicity values, guideline values); black text = formulas.
A7: Sheets:
A8: Raw_Data — 33 samples × 14 OCPs (from Water.xlsx) with ΣOCP and class sums.
A9: Descriptive_Stats — mean, SD, min, max, detection frequency per compound; class contribution (%).
A10: Zone_Site_Means — mean and SD of each compound and ΣOCP by zone and by site (AVERAGEIFS / SUMPRODUCT formulas).
A11: Diagnostic_Ratios — DDT/(DDD+DDE), (DDD+DDE)/ΣDDT, α- and β-HCH share of ΣHCH per site.
A12: Parameters — exposure factors (adult/child), RfD, CSF, log Kow, MW, Potts–Guy Kp, PNEC and guideline values.
A13: Health_Risk — CDI (ingestion), DAD (dermal), THQ, LADD and CR per compound for every grouping (overall, zones, sites) and receptor.
A14: Health_Summary — HI (ΣTHQ) and ΣCR by grouping and receptor (SUMIFS over Health_Risk).
... A20: Sources: USEPA (1989) RAGS Part A; USEPA (2004) RAGS Part E; USEPA (2011) Exposure Factors Handbook; USEPA IRIS; USEPA National Recommended Water Quality Criteria; EU Directive 2013/39/EU; CCME (1999, updated) CEQGs; WHO (2017) Guidelines for Drinking-water Quality; Hernando et al. (2006) Talanta 69:334–342.

Sheet Raw_Data
A1: Sample ID | B1: Zone | C1: Site | D1: o,p'-DDT | E1: p,p'-DDT | F1: o,p'-DDD | G1: p,p'-DDD | H1: o,p'-DDE | I1: p,p'-DDE | J1: α-HCH | K1: β-HCH | L1: γ-HCH (Lindane) | M1: δ-HCH | N1: Aldrin | O1: Dieldrin | P1: Heptachlor | Q1: Heptachlor epoxide | R1: ΣOCP | S1: ΣDDT | T1: ΣHCH | U1: ΣDRN | V1: ΣHPT
A2: BWR1 | B2: Up-stream | C2: Bhujpur Dam | D2: 2.136 | E2: 2.656 | F2: 1.643 | G2: 1.796 | H2: 5.134 | I2: 8.059 | J2: 2.708 | K2: 5.329 | L2: 0.5 | M2: 0.5 | N2: 0.5 | O2: 1.453 | P2: 0.5 | Q2: 1.639 | R2: =SUM(D2:Q2) -> 34.553 | S2: =SUM(D2:I2) -> 21.424 | T2: =SUM(J2:M2) -> 9.037 | U2: =SUM(N2:O2) -> 1.953 | V2: =SUM(P2:Q2) -> 2.139
A3: BWR2 | B3: Up-stream | C3: Bhujpur Dam | D3: 1.083 | E3: 1.854 | F3: 1.863 | G3: 3.489 | H3: 3.712 | I3: 6.426 | J3: 2.739 | K3: 3.467 | L3: 0.5 | M3: 0.5 | N3: 0.5 | O3: 1.542 | P3: 0.5 | Q3: 2.216 | R3: =SUM(D3:Q3) -> 30.391 | S3: =SUM(D3:I3) -> 18.427 | T3: =SUM(J3:M3) -> 7.206 | U3: =SUM(N3:O3) -> 2.042 | V3: =SUM(P3:Q3) -> 2.716
A4: BWR3 | B4: Up-stream | C4: Bhujpur Dam | D4: 2.271 | E4: 2.887 | F4: 2.213 | G4: 3.813 | H4: 4.623 | I4: 8.543 | J4: 2.809 | K4: 3.566 | L4: 0.5 | M4: 0.5 | N4: 0.5 | O4: 1.295 | P4: 0.5 | Q4: 2.035 | R4: =SUM(D4:Q4) -> 36.055 | S4: =SUM(D4:I4) -> 24.35 | T4: =SUM(J4:M4) -> 7.375 | U4: =SUM(N4:O4) -> 1.795 | V4: =SUM(P4:Q4) -> 2.535
A5: EWR1 | B5: Up-stream | C5: Ekkhuliya | D5: 0.5 | E5: 0.5 | F5: 0.5 | G5: 0.5 | H5: 2.822 | I5: 5.909 | J5: 1.416 | K5: 2.936 | L5: 0.5 | M5: 0.5 | N5: 0.5 | O5: 0.5 | P5: 0.5 | Q5: 0.5 | R5: =SUM(D5:Q5) -> 18.083 | S5: =SUM(D5:I5) -> 10.731 | T5: =SUM(J5:M5) -> 5.352 | U5: =SUM(N5:O5) -> 1 | V5: =SUM(P5:Q5) -> 1
A6: EWR2 | B6: Up-stream | C6: Ekkhuliya | D6: 0.5 | E6: 0.5 | F6: 0.5 | G6: 0.5 | H6: 2.959 | I6: 5.601 | J6: 1.471 | K6: 1.993 | L6: 0.5 | M6: 0.5 | N6: 0.5 | O6: 0.5 | P6: 0.5 | Q6: 0.5 | R6: =SUM(D6:Q6) -> 17.024 | S6: =SUM(D6:I6) -> 10.56 | T6: =SUM(J6:M6) -> 4.464 | U6: =SUM(N6:O6) -> 1 | V6: =SUM(P6:Q6) -> 1
A7: EWR3 | B7: Up-stream | C7: Ekkhuliya | D7: 0.5 | E7: 0.5 | F7: 0.5 | G7: 0.5 | H7: 2.7 | I7: 6.138 | J7: 1.376 | K7: 2.384 | L7: 0.5 | M7: 0.5 | N7: 0.5 | O7: 0.5 | P7: 0.5 | Q7: 0.5 | R7: =SUM(D7:Q7) -> 17.598 | S7: =SUM(D7:I7) -> 10.838 | T7: =SUM(J7:M7) -> 4.76 | U7: =SUM(N7:O7) -> 1 | V7: =SUM(P7:Q7) -> 1
A8: NZWR1 | B8: Up-stream | C8: Nazirhat | D8: 5.253 | E8: 4.991 | F8: 3.133 | G8: 3.967 | H8: 7.431 | I8: 12.636 | J8: 6.47 | K8: 12.711 | L8: 2.528 | M8: 3.696 | N8: 3.574 | O8: 5.374 | P8: 5.387 | Q8: 7.339 | R8: =SUM(D8:Q8) -> 84.49 | S8: =SUM(D8:I8) -> 37.411 | T8: =SUM(J8:M8) -> 25.405 | U8: =SUM(N8:O8) -> 8.948 | V8: =SUM(P8:Q8) -> 12.726
A9: NZWR2 | B9: Up-stream | C9: Nazirhat | D9: 5.836 | E9: 7.991 | F9: 4.067 | G9: 5.272 | H9: 7.345 | I9: 13.504 | J9: 6.162 | K9: 12.133 | L9: 3.287 | M9: 3.825 | N9: 3.631 | O9: 7.463 | P9: 5.382 | Q9: 7.141 | R9: =SUM(D9:Q9) -> 93.039 | S9: =SUM(D9:I9) -> 44.015 | T9: =SUM(J9:M9) -> 25.407 | U9: =SUM(N9:O9) -> 11.094 | V9: =SUM(P9:Q9) -> 12.523
A10: NZWR3 | B10: Up-stream | C10: Nazirhat | D10: 6.098 | E10: 7.439 | F10: 3.073 | G10: 3.459 | H10: 7.426 | I10: 13.556 | J10: 5.665 | K10: 11.169 | L10: 2.546 | M10: 3.832 | N10: 4.316 | O10: 7.748 | P10: 5.298 | Q10: 7.203 | R10: =SUM(D10:Q10) -> 88.828 | S10: =SUM(D10:I10) -> 41.051 | T10: =SUM(J10:M10) -> 23.212 | U10: =SUM(N10:O10) -> 12.064 | V10: =SUM(P10:Q10) -> 12.501
A11: SWR1 | B11: Mid-stream | C11: Sekandar Para | D11: 2.936 | E11: 3.026 | F11: 0.5 | G11: 3.18 | H11: 5.101 | I11: 8.767 | J11: 2.157 | K11: 4.246 | L11: 0.5 | M11: 0.5 | N11: 1.7149201 | O11: 3.647 | P11: 0.5 | Q11: 0.5 | R11: =SUM(D11:Q11) -> 37.27492 | S11: =SUM(D11:I11) -> 23.51 | T11: =SUM(J11:M11) -> 7.403 | U11: =SUM(N11:O11) -> 5.3619201 | V11: =SUM(P11:Q11) -> 1
A12: SWR2 | B12: Mid-stream | C12: Sekandar Para | D12: 2.946 | E12: 4.043 | F12: 0.5 | G12: 6.148 | H12: 5.107 | I12: 11.814 | J12: 2.174 | K12: 4.158 | L12: 0.5 | M12: 0.5 | N12: 1.916 | O12: 2.914 | P12: 0.5 | Q12: 0.5 | R12: =SUM(D12:Q12) -> 43.72 | S12: =SUM(D12:I12) -> 30.558 | T12: =SUM(J12:M12) -> 7.332 | U12: =SUM(N12:O12) -> 4.83 | V12: =SUM(P12:Q12) -> 1
A13: SWR3 | B13: Mid-stream | C13: Sekandar Para | D13: 3.453 | E13: 3.911 | F13: 0.5 | G13: 3.813 | H13: 5.556 | I13: 7.144 | J13: 3.392 | K13: 6.601 | L13: 0.5 | M13: 0.5 | N13: 0.5 | O13: 3.263 | P13: 0.5 | Q13: 0.5 | R13: =SUM(D13:Q13) -> 40.133 | S13: =SUM(D13:I13) -> 24.377 | T13: =SUM(J13:M13) -> 10.993 | U13: =SUM(N13:O13) -> 3.763 | V13: =SUM(P13:Q13) -> 1
... A34: KWR3 | B34: Down-stream | C34: Kalurghat | D34: 11.138 | E34: 10.056 | F34: 9.325 | G34: 10.611 | H34: 9.983 | I34: 23.15 | J34: 7.921 | K34: 14.478 | L34: 5.286 | M34: 13.217 | N34: 6.749 | O34: 9.478 | P34: 5.547 | Q34: 8.234 | R34: =SUM(D34:Q34) -> 145.173 | S34: =SUM(D34:I34) -> 74.263 | T34: =SUM(J34:M34) -> 40.902 | U34: =SUM(N34:O34) -> 16.227 | V34: =SUM(P34:Q34) -> 13.781

Sheet Descriptive_Stats
A1: Descriptive statistics of OCPs in Halda River water (ng/L, n = 33)
A3: Compound | B3: n | C3: Mean | D3: SD | E3: Min | F3: Max | G3: Detections (>0) | H3: Detection frequency (%) | I3: Mean ± SD (text) | J3: Range (text)
A4: o,p'-DDT | B4: =COUNT(Raw_Data!$D$2:$D$34) -> 33 | C4: =AVERAGE(Raw_Data!$D$2:$D$34) -> 4.4101515 | D4: =STDEV(Raw_Data!$D$2:$D$34) -> 2.4156279 | E4: =MIN(Raw_Data!$D$2:$D$34) -> 0.5 | F4: =MAX(Raw_Data!$D$2:$D$34) -> 11.138 | G4: =COUNTIF(Raw_Data!$D$2:$D$34,">0") -> 33 | H4: =G4/B4*100 -> 100 | I4: =IF(G4=0,"nd",TEXT(C4,"0.00")&" ± "&TEXT(D4,"0.00")) -> 4.41 ± 2.42 | J4: =IF(G4=0,"nd",IF(E4=0,"nd","" & TEXT(E4,"0.00"))&"–"&TEXT(F4,"0.00")) -> 0.50–11.14
A5: p,p'-DDT | B5: =COUNT(Raw_Data!$E$2:$E$34) -> 33 | C5: =AVERAGE(Raw_Data!$E$2:$E$34) -> 5.2184 | D5: =STDEV(Raw_Data!$E$2:$E$34) -> 3.4028986 | E5: =MIN(Raw_Data!$E$2:$E$34) -> 0.5 | F5: =MAX(Raw_Data!$E$2:$E$34) -> 15.7972 | G5: =COUNTIF(Raw_Data!$E$2:$E$34,">0") -> 33 | H5: =G5/B5*100 -> 100 | I5: =IF(G5=0,"nd",TEXT(C5,"0.00")&" ± "&TEXT(D5,"0.00")) -> 5.22 ± 3.40 | J5: =IF(G5=0,"nd",IF(E5=0,"nd","" & TEXT(E5,"0.00"))&"–"&TEXT(F5,"0.00")) -> 0.50–15.80
A6: o,p'-DDD | B6: =COUNT(Raw_Data!$F$2:$F$34) -> 33 | C6: =AVERAGE(Raw_Data!$F$2:$F$34) -> 3.7881515 | D6: =STDEV(Raw_Data!$F$2:$F$34) -> 2.4956825 | E6: =MIN(Raw_Data!$F$2:$F$34) -> 0.5 | F6: =MAX(Raw_Data!$F$2:$F$34) -> 9.546 | G6: =COUNTIF(Raw_Data!$F$2:$F$34,">0") -> 33 | H6: =G6/B6*100 -> 100 | I6: =IF(G6=0,"nd",TEXT(C6,"0.00")&" ± "&TEXT(D6,"0.00")) -> 3.79 ± 2.50 | J6: =IF(G6=0,"nd",IF(E6=0,"nd","" & TEXT(E6,"0.00"))&"–"&TEXT(F6,"0.00")) -> 0.50–9.55
A7: p,p'-DDD | B7: =COUNT(Raw_Data!$G$2:$G$34) -> 33 | C7: =AVERAGE(Raw_Data!$G$2:$G$34) -> 4.7992424 | D7: =STDEV(Raw_Data!$G$2:$G$34) -> 2.7944567 | E7: =MIN(Raw_Data!$G$2:$G$34) -> 0.5 | F7: =MAX(Raw_Data!$G$2:$G$34) -> 10.612 | G7: =COUNTIF(Raw_Data!$G$2:$G$34,">0") -> 33 | H7: =G7/B7*100 -> 100 | I7: =IF(G7=0,"nd",TEXT(C7,"0.00")&" ± "&TEXT(D7,"0.00")) -> 4.80 ± 2.79 | J7: =IF(G7=0,"nd",IF(E7=0,"nd","" & TEXT(E7,"0.00"))&"–"&TEXT(F7,"0.00")) -> 0.50–10.61
A8: o,p'-DDE | B8: =COUNT(Raw_Data!$H$2:$H$34) -> 33 | C8: =AVERAGE(Raw_Data!$H$2:$H$34) -> 6.2361212 | D8: =STDEV(Raw_Data!$H$2:$H$34) -> 1.7665886 | E8: =MIN(Raw_Data!$H$2:$H$34) -> 2.7 | F8: =MAX(Raw_Data!$H$2:$H$34) -> 9.983 | G8: =COUNTIF(Raw_Data!$H$2:$H$34,">0") -> 33 | H8: =G8/B8*100 -> 100 | I8: =IF(G8=0,"nd",TEXT(C8,"0.00")&" ± "&TEXT(D8,"0.00")) -> 6.24 ± 1.77 | J8: =IF(G8=0,"nd",IF(E8=0,"nd","" & TEXT(E8,"0.00"))&"–"&TEXT(F8,"0.00")) -> 2.70–9.98
A9: p,p'-DDE | B9: =COUNT(Raw_Data!$I$2:$I$34) -> 33 | C9: =AVERAGE(Raw_Data!$I$2:$I$34) -> 13.251939 | D9: =STDEV(Raw_Data!$I$2:$I$34) -> 4.3157645 | E9: =MIN(Raw_Data!$I$2:$I$34) -> 5.601 | F9: =MAX(Raw_Data!$I$2:$I$34) -> 23.15 | G9: =COUNTIF(Raw_Data!$I$2:$I$34,">0") -> 33 | H9: =G9/B9*100 -> 100 | I9: =IF(G9=0,"nd",TEXT(C9,"0.00")&" ± "&TEXT(D9,"0.00")) -> 13.25 ± 4.32 | J9: =IF(G9=0,"nd",IF(E9=0,"nd","" & TEXT(E9,"0.00"))&"–"&TEXT(F9,"0.00")) -> 5.60–23.15
A10: α-HCH | B10: =COUNT(Raw_Data!$J$2:$J$34) -> 33 | C10: =AVERAGE(Raw_Data!$J$2:$J$34) -> 4.7611364 | D10: =STDEV(Raw_Data!$J$2:$J$34) -> 2.1584912 | E10: =MIN(Raw_Data!$J$2:$J$34) -> 1.376 | F10: =MAX(Raw_Data!$J$2:$J$34) -> 9.437 | G10: =COUNTIF(Raw_Data!$J$2:$J$34,">0") -> 33 | H10: =G10/B10*100 -> 100 | I10: =IF(G10=0,"nd",TEXT(C10,"0.00")&" ± "&TEXT(D10,"0.00")) -> 4.76 ± 2.16 | J10: =IF(G10=0,"nd",IF(E10=0,"nd","" & TEXT(E10,"0.00"))&"–"&TEXT(F10,"0.00")) -> 1.38–9.44
A11: β-HCH | B11: =COUNT(Raw_Data!$K$2:$K$34) -> 33 | C11: =AVERAGE(Raw_Data!$K$2:$K$34) -> 8.6328182 | D11: =STDEV(Raw_Data!$K$2:$K$34) -> 3.7915793 | E11: =MIN(Raw_Data!$K$2:$K$34) -> 1.993 | F11: =MAX(Raw_Data!$K$2:$K$34) -> 14.618 | G11: =COUNTIF(Raw_Data!$K$2:$K$34,">0") -> 33 | H11: =G11/B11*100 -> 100 | I11: =IF(G11=0,"nd",TEXT(C11,"0.00")&" ± "&TEXT(D11,"0.00")) -> 8.63 ± 3.79 | J11: =IF(G11=0,"nd",IF(E11=0,"nd","" & TEXT(E11,"0.00"))&"–"&TEXT(F11,"0.00")) -> 1.99–14.62
A12: γ-HCH (Lindane) | B12: =COUNT(Raw_Data!$L$2:$L$34) -> 33 | C12: =AVERAGE(Raw_Data!$L$2:$L$34) -> 2.0428485 | D12: =STDEV(Raw_Data!$L$2:$L$34) -> 1.5272575 | E12: =MIN(Raw_Data!$L$2:$L$34) -> 0.5 | F12: =MAX(Raw_Data!$L$2:$L$34) -> 5.476 | G12: =COUNTIF(Raw_Data!$L$2:$L$34,">0") -> 33 | H12: =G12/B12*100 -> 100 | I12: =IF(G12=0,"nd",TEXT(C12,"0.00")&" ± "&TEXT(D12,"0.00")) -> 2.04 ± 1.53 | J12: =IF(G12=0,"nd",IF(E12=0,"nd","" & TEXT(E12,"0.00"))&"–"&TEXT(F12,"0.00")) -> 0.50–5.48
A13: δ-HCH | B13: =COUNT(Raw_Data!$M$2:$M$34) -> 33 | C13: =AVERAGE(Raw_Data!$M$2:$M$34) -> 4.0948091 | D13: =STDEV(Raw_Data!$M$2:$M$34) -> 3.6984503 | E13: =MIN(Raw_Data!$M$2:$M$34) -> 0.5 | F13: =MAX(Raw_Data!$M$2:$M$34) -> 14.612 | G13: =COUNTIF(Raw_Data!$M$2:$M$34,">0") -> 33 | H13: =G13/B13*100 -> 100 | I13: =IF(G13=0,"nd",TEXT(C13,"0.00")&" ± "&TEXT(D13,"0.00")) -> 4.09 ± 3.70 | J13: =IF(G13=0,"nd",IF(E13=0,"nd","" & TEXT(E13,"0.00"))&"–"&TEXT(F13,"0.00")) -> 0.50–14.61
A14: Aldrin | B14: =COUNT(Raw_Data!$N$2:$N$34) -> 33 | C14: =AVERAGE(Raw_Data!$N$2:$N$34) -> 2.2773006 | D14: =STDEV(Raw_Data!$N$2:$N$34) -> 1.8628537 | E14: =MIN(Raw_Data!$N$2:$N$34) -> 0.5 | F14: =MAX(Raw_Data!$N$2:$N$34) -> 6.749 | G14: =COUNTIF(Raw_Data!$N$2:$N$34,">0") -> 33 | H14: =G14/B14*100 -> 100 | I14: =IF(G14=0,"nd",TEXT(C14,"0.00")&" ± "&TEXT(D14,"0.00")) -> 2.28 ± 1.86 | J14: =IF(G14=0,"nd",IF(E14=0,"nd","" & TEXT(E14,"0.00"))&"–"&TEXT(F14,"0.00")) -> 0.50–6.75
A15: Dieldrin | B15: =COUNT(Raw_Data!$O$2:$O$34) -> 33 | C15: =AVERAGE(Raw_Data!$O$2:$O$34) -> 3.9256061 | D15: =STDEV(Raw_Data!$O$2:$O$34) -> 2.423572 | E15: =MIN(Raw_Data!$O$2:$O$34) -> 0.5 | F15: =MAX(Raw_Data!$O$2:$O$34) -> 9.478 | G15: =COUNTIF(Raw_Data!$O$2:$O$34,">0") -> 33 | H15: =G15/B15*100 -> 100 | I15: =IF(G15=0,"nd",TEXT(C15,"0.00")&" ± "&TEXT(D15,"0.00")) -> 3.93 ± 2.42 | J15: =IF(G15=0,"nd",IF(E15=0,"nd","" & TEXT(E15,"0.00"))&"–"&TEXT(F15,"0.00")) -> 0.50–9.48
A16: Heptachlor | B16: =COUNT(Raw_Data!$P$2:$P$34) -> 33 | C16: =AVERAGE(Raw_Data!$P$2:$P$34) -> 2.5017576 | D16: =STDEV(Raw_Data!$P$2:$P$34) -> 2.0489792 | E16: =MIN(Raw_Data!$P$2:$P$34) -> 0.5 | F16: =MAX(Raw_Data!$P$2:$P$34) -> 6.846 | G16: =COUNTIF(Raw_Data!$P$2:$P$34,">0") -> 33 | H16: =G16/B16*100 -> 100 | I16: =IF(G16=0,"nd",TEXT(C16,"0.00")&" ± "&TEXT(D16,"0.00")) -> 2.50 ± 2.05 | J16: =IF(G16=0,"nd",IF(E16=0,"nd","" & TEXT(E16,"0.00"))&"–"&TEXT(F16,"0.00")) -> 0.50–6.85
A17: Heptachlor epoxide | B17: =COUNT(Raw_Data!$Q$2:$Q$34) -> 33 | C17: =AVERAGE(Raw_Data!$Q$2:$Q$34) -> 4.0036667 | D17: =STDEV(Raw_Data!$Q$2:$Q$34) -> 2.5960437 | E17: =MIN(Raw_Data!$Q$2:$Q$34) -> 0.5 | F17: =MAX(Raw_Data!$Q$2:$Q$34) -> 10.176 | G17: =COUNTIF(Raw_Data!$Q$2:$Q$34,">0") -> 33 | H17: =G17/B17*100 -> 100 | I17: =IF(G17=0,"nd",TEXT(C17,"0.00")&" ± "&TEXT(D17,"0.00")) -> 4.00 ± 2.60 | J17: =IF(G17=0,"nd",IF(E17=0,"nd","" & TEXT(E17,"0.00"))&"–"&TEXT(F17,"0.00")) -> 0.50–10.18
A18: ΣOCP | B18: =COUNT(Raw_Data!$R$2:$R$34) -> 33 | C18: =AVERAGE(Raw_Data!$R$2:$R$34) -> 69.943949 | D18: =STDEV(Raw_Data!$R$2:$R$34) -> 34.218848 | E18: =MIN(Raw_Data!$R$2:$R$34) -> 17.024 | F18: =MAX(Raw_Data!$R$2:$R$34) -> 145.173 | G18: =COUNTIF(Raw_Data!$R$2:$R$34,">0") -> 33 | H18: =G18/B18*100 -> 100 | I18: =IF(G18=0,"nd",TEXT(C18,"0.00")&" ± "&TEXT(D18,"0.00")) -> 69.94 ± 34.22 | J18: =IF(G18=0,"nd",IF(E18=0,"nd","" & TEXT(E18,"0.00"))&"–"&TEXT(F18,"0.00")) -> 17.02–145.17
A20: Class contribution to ΣOCP (%)
A21: Class | B21: Sum of concentrations (all samples) | C21: Share of ΣOCP (%)
A22: ΣDDT | B22: =SUM(Raw_Data!$S$2:$S$34) -> 1244.2322 | C22: =B22/SUM(Raw_Data!$R$2:$R$34)*100 -> 53.90603
A23: ΣHCH | B23: =SUM(Raw_Data!$T$2:$T$34) -> 644.5432 | C23: =B23/SUM(Raw_Data!$R$2:$R$34)*100 -> 27.924663
A24: ΣDRN | B24: =SUM(Raw_Data!$U$2:$U$34) -> 204.69592 | C24: =B24/SUM(Raw_Data!$R$2:$R$34)*100 -> 8.8683964
A25: ΣHPT | B25: =SUM(Raw_Data!$V$2:$V$34) -> 214.679 | C25: =B25/SUM(Raw_Data!$R$2:$R$34)*100 -> 9.3009107

Sheet Zone_Site_Means
A1: Mean and SD of each OCP and ΣOCP by zone and by site (ng/L)
A3: Group | B3: Type | C3: n | D3: Mean o,p'-DDT | E3: Mean p,p'-DDT | F3: Mean o,p'-DDD | G3: Mean p,p'-DDD | H3: Mean o,p'-DDE | I3: Mean p,p'-DDE | J3: Mean α-HCH | K3: Mean β-HCH | L3: Mean γ-HCH (Lindane) | M3: Mean δ-HCH | N3: Mean Aldrin | O3: Mean Dieldrin | P3: Mean Heptachlor | Q3: Mean Heptachlor epoxide | R3: Mean ΣOCP | S3: SD o,p'-DDT | T3: SD p,p'-DDT | U3: SD o,p'-DDD | V3: SD p,p'-DDD | W3: SD o,p'-DDE | X3: SD p,p'-DDE | Y3: SD α-HCH | Z3: SD β-HCH | AA3: SD γ-HCH (Lindane) | AB3: SD δ-HCH | AC3: SD Aldrin | AD3: SD Dieldrin | AE3: SD Heptachlor | AF3: SD Heptachlor epoxide | AG3: SD ΣOCP | AH3: Max o,p'-DDT | AI3: Max p,p'-DDT | AJ3: Max o,p'-DDD | AK3: Max p,p'-DDD | AL3: Max o,p'-DDE | AM3: Max p,p'-DDE | AN3: Max α-HCH | AO3: Max β-HCH | AP3: Max γ-HCH (Lindane) | AQ3: Max δ-HCH | AR3: Max Aldrin | AS3: Max Dieldrin | AT3: Max Heptachlor | AU3: Max Heptachlor epoxide | AV3: Max ΣOCP
A4: Overall | B4: All | C4: =COUNT(Raw_Data!$R$2:$R$34) -> 33 | D4: =AVERAGE(Raw_Data!$D$2:$D$34) -> 4.4101515 | E4: =AVERAGE(Raw_Data!$E$2:$E$34) -> 5.2184 | F4: =AVERAGE(Raw_Data!$F$2:$F$34) -> 3.7881515 | G4: =AVERAGE(Raw_Data!$G$2:$G$34) -> 4.7992424 | H4: =AVERAGE(Raw_Data!$H$2:$H$34) -> 6.2361212 | I4: =AVERAGE(Raw_Data!$I$2:$I$34) -> 13.251939 | J4: =AVERAGE(Raw_Data!$J$2:$J$34) -> 4.7611364 | K4: =AVERAGE(Raw_Data!$K$2:$K$34) -> 8.6328182 | L4: =AVERAGE(Raw_Data!$L$2:$L$34) -> 2.0428485 | M4: =AVERAGE(Raw_Data!$M$2:$M$34) -> 4.0948091 | N4: =AVERAGE(Raw_Data!$N$2:$N$34) -> 2.2773006 | O4: =AVERAGE(Raw_Data!$O$2:$O$34) -> 3.9256061 | P4: =AVERAGE(Raw_Data!$P$2:$P$34) -> 2.5017576 | Q4: =AVERAGE(Raw_Data!$Q$2:$Q$34) -> 4.0036667 | R4: =AVERAGE(Raw_Data!$R$2:$R$34) -> 69.943949 | S4: =STDEV(Raw_Data!$D$2:$D$34) -> 2.4156279 | T4: =STDEV(Raw_Data!$E$2:$E$34) -> 3.4028986 | U4: =STDEV(Raw_Data!$F$2:$F$34) -> 2.4956825 | V4: =STDEV(Raw_Data!$G$2:$G$34) -> 2.7944567 | W4: =STDEV(Raw_Data!$H$2:$H$34) -> 1.7665886 | X4: =STDEV(Raw_Data!$I$2:$I$34) -> 4.3157645 | Y4: =STDEV(Raw_Data!$J$2:$J$34) -> 2.1584912 | Z4: =STDEV(Raw_Data!$K$2:$K$34) -> 3.7915793 | AA4: =STDEV(Raw_Data!$L$2:$L$34) -> 1.5272575 | AB4: =STDEV(Raw_Data!$M$2:$M$34) -> 3.6984503 | AC4: =STDEV(Raw_Data!$N$2:$N$34) -> 1.8628537 | AD4: =STDEV(Raw_Data!$O$2:$O$34) -> 2.423572 | AE4: =STDEV(Raw_Data!$P$2:$P$34) -> 2.0489792 | AF4: =STDEV(Raw_Data!$Q$2:$Q$34) -> 2.5960437 | AG4: =STDEV(Raw_Data!$R$2:$R$34) -> 34.218848 | AH4: =MAX(Raw_Data!$D$2:$D$34) -> 11.138 | AI4: =MAX(Raw_Data!$E$2:$E$34) -> 15.7972 | AJ4: =MAX(Raw_Data!$F$2:$F$34) -> 9.546 | AK4: =MAX(Raw_Data!$G$2:$G$34) -> 10.612 | AL4: =MAX(Raw_Data!$H$2:$H$34) -> 9.983 | AM4: =MAX(Raw_Data!$I$2:$I$34) -> 23.15 | AN4: =MAX(Raw_Data!$J$2:$J$34) -> 9.437 | AO4: =MAX(Raw_Data!$K$2:$K$34) -> 14.618 | AP4: =MAX(Raw_Data!$L$2:$L$34) -> 5.476 | AQ4: =MAX(Raw_Data!$M$2:$M$34) -> 14.612 | AR4: =MAX(Raw_Data!$N$2:$N$34) -> 6.749 | AS4: =MAX(Raw_Data!$O$2:$O$34) -> 9.478 | AT4: =MAX(Raw_Data!$P$2:$P$34) -> 6.846 | AU4: =MAX(Raw_Data!$Q$2:$Q$34) -> 10.176 | AV4: =MAX(Raw_Data!$R$2:$R$34) -> 145.173
A5: Up-stream | B5: Zone | C5: =COUNTIF(Raw_Data!$B$2:$B$34,$A5) -> 9 | D5: =AVERAGEIF(Raw_Data!$B$2:$B$34,$A5,Raw_Data!$D$2:$D$34) -> 2.6863333 | E5: =AVERAGEIF(Raw_Data!$B$2:$B$34,$A5,Raw_Data!$E$2:$E$34) -> 3.2575556 | F5: =AVERAGEIF(Raw_Data!$B$2:$B$34,$A5,Raw_Data!$F$2:$F$34) -> 1.9435556 | G5: =AVERAGEIF(Raw_Data!$B$2:$B$34,$A5,Raw_Data!$G$2:$G$34) -> 2.5884444 | H5: =AVERAGEIF(Raw_Data!$B$2:$B$34,$A5,Raw_Data!$H$2:$H$34) -> 4.9057778 | I5: =AVERAGEIF(Raw_Data!$B$2:$B$34,$A5,Raw_Data!$I$2:$I$34) -> 8.9302222 | J5: =AVERAGEIF(Raw_Data!$B$2:$B$34,$A5,Raw_Data!$J$2:$J$34) -> 3.424 | K5: =AVERAGEIF(Raw_Data!$B$2:$B$34,$A5,Raw_Data!$K$2:$K$34) -> 6.1875556 | L5: =AVERAGEIF(Raw_Data!$B$2:$B$34,$A5,Raw_Data!$L$2:$L$34) -> 1.2623333 | M5: =AVERAGEIF(Raw_Data!$B$2:$B$34,$A5,Raw_Data!$M$2:$M$34) -> 1.5947778 | N5: =AVERAGEIF(Raw_Data!$B$2:$B$34,$A5,Raw_Data!$N$2:$N$34) -> 1.6134444 | O5: =AVERAGEIF(Raw_Data!$B$2:$B$34,$A5,Raw_Data!$O$2:$O$34) -> 2.9305556 | P5: =AVERAGEIF(Raw_Data!$B$2:$B$34,$A5,Raw_Data!$P$2:$P$34) -> 2.1185556 | Q5: =AVERAGEIF(Raw_Data!$B$2:$B$34,$A5,Raw_Data!$Q$2:$Q$34) -> 3.2303333 | R5: =AVERAGEIF(Raw_Data!$B$2:$B$34,$A5,Raw_Data!$R$2:$R$34) -> 46.673444 | S5: =SQRT(SUMPRODUCT((Raw_Data!$B$2:$B$34=$A5)*(Raw_Data!$D$2:$D$34-D5)^2)/($C5-1)) -> 2.3857351 | T5: =SQRT(SUMPRODUCT((Raw_Data!$B$2:$B$34=$A5)*(Raw_Data!$E$2:$E$34-E5)^2)/($C5-1)) -> 2.9192527 | U5: =SQRT(SUMPRODUCT((Raw_Data!$B$2:$B$34=$A5)*(Raw_Data!$F$2:$F$34-F5)^2)/($C5-1)) -> 1.304819 | V5: =SQRT(SUMPRODUCT((Raw_Data!$B$2:$B$34=$A5)*(Raw_Data!$G$2:$G$34-G5)^2)/($C5-1)) -> 1.7987168 | W5: =SQRT(SUMPRODUCT((Raw_Data!$B$2:$B$34=$A5)*(Raw_Data!$H$2:$H$34-H5)^2)/($C5-1)) -> 2.0381596 | X5: =SQRT(SUMPRODUCT((Raw_Data!$B$2:$B$34=$A5)*(Raw_Data!$I$2:$I$34-I5)^2)/($C5-1)) -> 3.3770949 | Y5: =SQRT(SUMPRODUCT((Raw_Data!$B$2:$B$34=$A5)*(Raw_Data!$J$2:$J$34-J5)^2)/($C5-1)) -> 2.0975439 | Z5: =SQRT(SUMPRODUCT((Raw_Data!$B$2:$B$34=$A5)*(Raw_Data!$K$2:$K$34-K5)^2)/($C5-1)) -> 4.4772126 | AA5: =SQRT(SUMPRODUCT((Raw_Data!$B$2:$B$34=$A5)*(Raw_Data!$L$2:$L$34-L5)^2)/($C5-1)) -> 1.1638245 | AB5: =SQRT(SUMPRODUCT((Raw_Data!$B$2:$B$34=$A5)*(Raw_Data!$M$2:$M$34-M5)^2)/($C5-1)) -> 1.642613 | AC5: =SQRT(SUMPRODUCT((Raw_Data!$B$2:$B$34=$A5)*(Raw_Data!$N$2:$N$34-N5)^2)/($C5-1)) -> 1.6828795 | AD5: =SQRT(SUMPRODUCT((Raw_Data!$B$2:$B$34=$A5)*(Raw_Data!$O$2:$O$34-O5)^2)/($C5-1)) -> 3.0461111 | AE5: =SQRT(SUMPRODUCT((Raw_Data!$B$2:$B$34=$A5)*(Raw_Data!$P$2:$P$34-P5)^2)/($C5-1)) -> 2.4279621 | AF5: =SQRT(SUMPRODUCT((Raw_Data!$B$2:$B$34=$A5)*(Raw_Data!$Q$2:$Q$34-Q5)^2)/($C5-1)) -> 3.0681984 | AG5: =SQRT(SUMPRODUCT((Raw_Data!$B$2:$B$34=$A5)*(Raw_Data!$R$2:$R$34-R5)^2)/($C5-1)) -> 32.449041 | AH5: =SUMPRODUCT(MAX((Raw_Data!$B$2:$B$34=$A5)*Raw_Data!$D$2:$D$34)) -> 6.098 | AI5: =SUMPRODUCT(MAX((Raw_Data!$B$2:$B$34=$A5)*Raw_Data!$E$2:$E$34)) -> 7.991 | AJ5: =SUMPRODUCT(MAX((Raw_Data!$B$2:$B$34=$A5)*Raw_Data!$F$2:$F$34)) -> 4.067 | AK5: =SUMPRODUCT(MAX((Raw_Data!$B$2:$B$34=$A5)*Raw_Data!$G$2:$G$34)) -> 5.272 | AL5: =SUMPRODUCT(MAX((Raw_Data!$B$2:$B$34=$A5)*Raw_Data!$H$2:$H$34)) -> 7.431 | AM5: =SUMPRODUCT(MAX((Raw_Data!$B$2:$B$34=$A5)*Raw_Data!$I$2:$I$34)) -> 13.556 | AN5: =SUMPRODUCT(MAX((Raw_Data!$B$2:$B$34=$A5)*Raw_Data!$J$2:$J$34)) -> 6.47 | AO5: =SUMPRODUCT(MAX((Raw_Data!$B$2:$B$34=$A5)*Raw_Data!$K$2:$K$34)) -> 12.711 | AP5: =SUMPRODUCT(MAX((Raw_Data!$B$2:$B$34=$A5)*Raw_Data!$L$2:$L$34)) -> 3.287 | AQ5: =SUMPRODUCT(MAX((Raw_Data!$B$2:$B$34=$A5)*Raw_Data!$M$2:$M$34)) -> 3.832 | AR5: =SUMPRODUCT(MAX((Raw_Data!$B$2:$B$34=$A5)*Raw_Data!$N$2:$N$34)) -> 4.316 | AS5: =SUMPRODUCT(MAX((Raw_Data!$B$2:$B$34=$A5)*Raw_Data!$O$2:$O$34)) -> 7.748 | AT5: =SUMPRODUCT(MAX((Raw_Data!$B$2:$B$34=$A5)*Raw_Data!$P$2:$P$34)) -> 5.387 | AU5: =SUMPRODUCT(MAX((Raw_Data!$B$2:$B$34=$A5)*Raw_Data!$Q$2:$Q$34)) -> 7.339 | AV5: =SUMPRODUCT(MAX((Raw_Data!$B$2:$B$34=$A5)*Raw_Data!$R$2:$R$34)) -> 93.039
A6: Mid-stream | B6: Zone | C6: =COUNTIF(Raw_Data!$B$2:$B$34,$A6) -> 9 | D6: =AVERAGEIF(Raw_Data!$B$2:$B$34,$A6,Raw_Data!$D$2:$D$34) -> 3.3127778 | E6: =AVERAGEIF(Raw_Data!$B$2:$B$34,$A6,Raw_Data!$E$2:$E$34) -> 3.6304444 | F6: =AVERAGEIF(Raw_Data!$B$2:$B$34,$A6,Raw_Data!$F$2:$F$34) -> 2.05 | G6: =AVERAGEIF(Raw_Data!$B$2:$B$34,$A6,Raw_Data!$G$2:$G$34) -> 3.7487778 | H6: =AVERAGEIF(Raw_Data!$B$2:$B$34,$A6,Raw_Data!$H$2:$H$34) -> 5.7722222 | I6: =AVERAGEIF(Raw_Data!$B$2:$B$34,$A6,Raw_Data!$I$2:$I$34) -> 12.331778 | J6: =AVERAGEIF(Raw_Data!$B$2:$B$34,$A6,Raw_Data!$J$2:$J$34) -> 3.4182222 | K6: =AVERAGEIF(Raw_Data!$B$2:$B$34,$A6,Raw_Data!$K$2:$K$34) -> 6.392 | L6: =AVERAGEIF(Raw_Data!$B$2:$B$34,$A6,Raw_Data!$L$2:$L$34) -> 0.87033333 | M6: =AVERAGEIF(Raw_Data!$B$2:$B$34,$A6,Raw_Data!$M$2:$M$34) -> 2.0175222 | N6: =AVERAGEIF(Raw_Data!$B$2:$B$34,$A6,Raw_Data!$N$2:$N$34) -> 1.1774356 | O6: =AVERAGEIF(Raw_Data!$B$2:$B$34,$A6,Raw_Data!$O$2:$O$34) -> 2.8312222 | P6: =AVERAGEIF(Raw_Data!$B$2:$B$34,$A6,Raw_Data!$P$2:$P$34) -> 1.2031111 | Q6: =AVERAGEIF(Raw_Data!$B$2:$B$34,$A6,Raw_Data!$Q$2:$Q$34) -> 2.3713333 | R6: =AVERAGEIF(Raw_Data!$B$2:$B$34,$A6,Raw_Data!$R$2:$R$34) -> 51.12718 | S6: =SQRT(SUMPRODUCT((Raw_Data!$B$2:$B$34=$A6)*(Raw_Data!$D$2:$D$34-D6)^2)/($C6-1)) -> 0.58939774 | T6: =SQRT(SUMPRODUCT((Raw_Data!$B$2:$B$34=$A6)*(Raw_Data!$E$2:$E$34-E6)^2)/($C6-1)) -> 0.7184092 | U6: =SQRT(SUMPRODUCT((Raw_Data!$B$2:$B$34=$A6)*(Raw_Data!$F$2:$F$34-F6)^2)/($C6-1)) -> 1.286073 | V6: =SQRT(SUMPRODUCT((Raw_Data!$B$2:$B$34=$A6)*(Raw_Data!$G$2:$G$34-G6)^2)/($C6-1)) -> 1.0552047 | W6: =SQRT(SUMPRODUCT((Raw_Data!$B$2:$B$34=$A6)*(Raw_Data!$H$2:$H$34-H6)^2)/($C6-1)) -> 0.93336472 | X6: =SQRT(SUMPRODUCT((Raw_Data!$B$2:$B$34=$A6)*(Raw_Data!$I$2:$I$34-I6)^2)/($C6-1)) -> 2.7005909 | Y6: =SQRT(SUMPRODUCT((Raw_Data!$B$2:$B$34=$A6)*(Raw_Data!$J$2:$J$34-J6)^2)/($C6-1)) -> 1.0810243 | Z6: =SQRT(SUMPRODUCT((Raw_Data!$B$2:$B$34=$A6)*(Raw_Data!$K$2:$K$34-K6)^2)/($C6-1)) -> 1.5949177 | AA6: =SQRT(SUMPRODUCT((Raw_Data!$B$2:$B$34=$A6)*(Raw_Data!$L$2:$L$34-L6)^2)/($C6-1)) -> 0.57456766 | AB6: =SQRT(SUMPRODUCT((Raw_Data!$B$2:$B$34=$A6)*(Raw_Data!$M$2:$M$34-M6)^2)/($C6-1)) -> 1.1582429 | AC6: =SQRT(SUMPRODUCT((Raw_Data!$B$2:$B$34=$A6)*(Raw_Data!$N$2:$N$34-N6)^2)/($C6-1)) -> 0.6654031 | AD6: =SQRT(SUMPRODUCT((Raw_Data!$B$2:$B$34=$A6)*(Raw_Data!$O$2:$O$34-O6)^2)/($C6-1)) -> 0.76687446 | AE6: =SQRT(SUMPRODUCT((Raw_Data!$B$2:$B$34=$A6)*(Raw_Data!$P$2:$P$34-P6)^2)/($C6-1)) -> 0.66208127 | AF6: =SQRT(SUMPRODUCT((Raw_Data!$B$2:$B$34=$A6)*(Raw_Data!$Q$2:$Q$34-Q6)^2)/($C6-1)) -> 1.4356599 | AG6: =SQRT(SUMPRODUCT((Raw_Data!$B$2:$B$34=$A6)*(Raw_Data!$R$2:$R$34-R6)^2)/($C6-1)) -> 9.7203091 | AH6: =SUMPRODUCT(MAX((Raw_Data!$B$2:$B$34=$A6)*Raw_Data!$D$2:$D$34)) -> 4.352 | AI6: =SUMPRODUCT(MAX((Raw_Data!$B$2:$B$34=$A6)*Raw_Data!$E$2:$E$34)) -> 4.354 | AJ6: =SUMPRODUCT(MAX((Raw_Data!$B$2:$B$34=$A6)*Raw_Data!$F$2:$F$34)) -> 3.733 | AK6: =SUMPRODUCT(MAX((Raw_Data!$B$2:$B$34=$A6)*Raw_Data!$G$2:$G$34)) -> 6.148 | AL6: =SUMPRODUCT(MAX((Raw_Data!$B$2:$B$34=$A6)*Raw_Data!$H$2:$H$34)) -> 7.447 | AM6: =SUMPRODUCT(MAX((Raw_Data!$B$2:$B$34=$A6)*Raw_Data!$I$2:$I$34)) -> 14.781 | AN6: =SUMPRODUCT(MAX((Raw_Data!$B$2:$B$34=$A6)*Raw_Data!$J$2:$J$34)) -> 5.52 | AO6: =SUMPRODUCT(MAX((Raw_Data!$B$2:$B$34=$A6)*Raw_Data!$K$2:$K$34)) -> 8.312 | AP6: =SUMPRODUCT(MAX((Raw_Data!$B$2:$B$34=$A6)*Raw_Data!$L$2:$L$34)) -> 1.936 | AQ6: =SUMPRODUCT(MAX((Raw_Data!$B$2:$B$34=$A6)*Raw_Data!$M$2:$M$34)) -> 3.307 | AR6: =SUMPRODUCT(MAX((Raw_Data!$B$2:$B$34=$A6)*Raw_Data!$N$2:$N$34)) -> 1.967 | AS6: =SUMPRODUCT(MAX((Raw_Data!$B$2:$B$34=$A6)*Raw_Data!$O$2:$O$34)) -> 3.647 | AT6: =SUMPRODUCT(MAX((Raw_Data!$B$2:$B$34=$A6)*Raw_Data!$P$2:$P$34)) -> 2.273 | AU6: =SUMPRODUCT(MAX((Raw_Data!$B$2:$B$34=$A6)*Raw_Data!$Q$2:$Q$34)) -> 3.884 | AV6: =SUMPRODUCT(MAX((Raw_Data!$B$2:$B$34=$A6)*Raw_Data!$R$2:$R$34)) -> 64.309
A7: Down-stream | B7: Zone | C7: =COUNTIF(Raw_Data!$B$2:$B$34,$A7) -> 15 | D7: =AVERAGEIF(Raw_Data!$B$2:$B$34,$A7,Raw_Data!$D$2:$D$34) -> 6.1028667 | E7: =AVERAGEIF(Raw_Data!$B$2:$B$34,$A7,Raw_Data!$E$2:$E$34) -> 7.34768 | F7: =AVERAGEIF(Raw_Data!$B$2:$B$34,$A7,Raw_Data!$F$2:$F$34) -> 5.9378 | G7: =AVERAGEIF(Raw_Data!$B$2:$B$34,$A7,Raw_Data!$G$2:$G$34) -> 6.756 | H7: =AVERAGEIF(Raw_Data!$B$2:$B$34,$A7,Raw_Data!$H$2:$H$34) -> 7.3126667 | I7: =AVERAGEIF(Raw_Data!$B$2:$B$34,$A7,Raw_Data!$I$2:$I$34) -> 16.397067 | J7: =AVERAGEIF(Raw_Data!$B$2:$B$34,$A7,Raw_Data!$J$2:$J$34) -> 6.3691667 | K7: =AVERAGEIF(Raw_Data!$B$2:$B$34,$A7,Raw_Data!$K$2:$K$34) -> 11.444467 | L7: =AVERAGEIF(Raw_Data!$B$2:$B$34,$A7,Raw_Data!$L$2:$L$34) -> 3.2146667 | M7: =AVERAGEIF(Raw_Data!$B$2:$B$34,$A7,Raw_Data!$M$2:$M$34) -> 6.8412 | N7: =AVERAGEIF(Raw_Data!$B$2:$B$34,$A7,Raw_Data!$N$2:$N$34) -> 3.3355333 | O7: =AVERAGEIF(Raw_Data!$B$2:$B$34,$A7,Raw_Data!$O$2:$O$34) -> 5.1792667 | P7: =AVERAGEIF(Raw_Data!$B$2:$B$34,$A7,Raw_Data!$P$2:$P$34) -> 3.5108667 | Q7: =AVERAGEIF(Raw_Data!$B$2:$B$34,$A7,Raw_Data!$Q$2:$Q$34) -> 5.4470667 | R7: =AVERAGEIF(Raw_Data!$B$2:$B$34,$A7,Raw_Data!$R$2:$R$34) -> 95.196313 | S7: =SQRT(SUMPRODUCT((Raw_Data!$B$2:$B$34=$A7)*(Raw_Data!$D$2:$D$34-D7)^2)/($C7-1)) -> 2.0328379 | T7: =SQRT(SUMPRODUCT((Raw_Data!$B$2:$B$34=$A7)*(Raw_Data!$E$2:$E$34-E7)^2)/($C7-1)) -> 3.5146601 | U7: =SQRT(SUMPRODUCT((Raw_Data!$B$2:$B$34=$A7)*(Raw_Data!$F$2:$F$34-F7)^2)/($C7-1)) -> 1.7993915 | V7: =SQRT(SUMPRODUCT((Raw_Data!$B$2:$B$34=$A7)*(Raw_Data!$G$2:$G$34-G7)^2)/($C7-1)) -> 2.7221772 | W7: =SQRT(SUMPRODUCT((Raw_Data!$B$2:$B$34=$A7)*(Raw_Data!$H$2:$H$34-H7)^2)/($C7-1)) -> 1.3205848 | X7: =SQRT(SUMPRODUCT((Raw_Data!$B$2:$B$34=$A7)*(Raw_Data!$I$2:$I$34-I7)^2)/($C7-1)) -> 2.9562262 | Y7: =SQRT(SUMPRODUCT((Raw_Data!$B$2:$B$34=$A7)*(Raw_Data!$J$2:$J$34-J7)^2)/($C7-1)) -> 1.5454004 | Z7: =SQRT(SUMPRODUCT((Raw_Data!$B$2:$B$34=$A7)*(Raw_Data!$K$2:$K$34-K7)^2)/($C7-1)) -> 2.0999168 | AA7: =SQRT(SUMPRODUCT((Raw_Data!$B$2:$B$34=$A7)*(Raw_Data!$L$2:$L$34-L7)^2)/($C7-1)) -> 1.2736406 | AB7: =SQRT(SUMPRODUCT((Raw_Data!$B$2:$B$34=$A7)*(Raw_Data!$M$2:$M$34-M7)^2)/($C7-1)) -> 3.7527897 | AC7: =SQRT(SUMPRODUCT((Raw_Data!$B$2:$B$34=$A7)*(Raw_Data!$N$2:$N$34-N7)^2)/($C7-1)) -> 1.9493018 | AD7: =SQRT(SUMPRODUCT((Raw_Data!$B$2:$B$34=$A7)*(Raw_Data!$O$2:$O$34-O7)^2)/($C7-1)) -> 2.1672586 | AE7: =SQRT(SUMPRODUCT((Raw_Data!$B$2:$B$34=$A7)*(Raw_Data!$P$2:$P$34-P7)^2)/($C7-1)) -> 1.925484 | AF7: =SQRT(SUMPRODUCT((Raw_Data!$B$2:$B$34=$A7)*(Raw_Data!$Q$2:$Q$34-Q7)^2)/($C7-1)) -> 2.1254988 | AG7: =SQRT(SUMPRODUCT((Raw_Data!$B$2:$B$34=$A7)*(Raw_Data!$R$2:$R$34-R7)^2)/($C7-1)) -> 27.600253 | AH7: =SUMPRODUCT(MAX((Raw_Data!$B$2:$B$34=$A7)*Raw_Data!$D$2:$D$34)) -> 11.138 | AI7: =SUMPRODUCT(MAX((Raw_Data!$B$2:$B$34=$A7)*Raw_Data!$E$2:$E$34)) -> 15.7972 | AJ7: =SUMPRODUCT(MAX((Raw_Data!$B$2:$B$34=$A7)*Raw_Data!$F$2:$F$34)) -> 9.546 | AK7: =SUMPRODUCT(MAX((Raw_Data!$B$2:$B$34=$A7)*Raw_Data!$G$2:$G$34)) -> 10.612 | AL7: =SUMPRODUCT(MAX((Raw_Data!$B$2:$B$34=$A7)*Raw_Data!$H$2:$H$34)) -> 9.983 | AM7: =SUMPRODUCT(MAX((Raw_Data!$B$2:$B$34=$A7)*Raw_Data!$I$2:$I$34)) -> 23.15 | AN7: =SUMPRODUCT(MAX((Raw_Data!$B$2:$B$34=$A7)*Raw_Data!$J$2:$J$34)) -> 9.437 | AO7: =SUMPRODUCT(MAX((Raw_Data!$B$2:$B$34=$A7)*Raw_Data!$K$2:$K$34)) -> 14.618 | AP7: =SUMPRODUCT(MAX((Raw_Data!$B$2:$B$34=$A7)*Raw_Data!$L$2:$L$34)) -> 5.476 | AQ7: =SUMPRODUCT(MAX((Raw_Data!$B$2:$B$34=$A7)*Raw_Data!$M$2:$M$34)) -> 14.612 | AR7: =SUMPRODUCT(MAX((Raw_Data!$B$2:$B$34=$A7)*Raw_Data!$N$2:$N$34)) -> 6.749 | AS7: =SUMPRODUCT(MAX((Raw_Data!$B$2:$B$34=$A7)*Raw_Data!$O$2:$O$34)) -> 9.478 | AT7: =SUMPRODUCT(MAX((Raw_Data!$B$2:$B$34=$A7)*Raw_Data!$P$2:$P$34)) -> 6.846 | AU7: =SUMPRODUCT(MAX((Raw_Data!$B$2:$B$34=$A7)*Raw_Data!$Q$2:$Q$34)) -> 10.176 | AV7: =SUMPRODUCT(MAX((Raw_Data!$B$2:$B$34=$A7)*Raw_Data!$R$2:$R$34)) -> 145.173
A8: Bhujpur Dam | B8: Site | C8: =COUNTIF(Raw_Data!$C$2:$C$34,$A8) -> 3 | D8: =AVERAGEIF(Raw_Data!$C$2:$C$34,$A8,Raw_Data!$D$2:$D$34) -> 1.83 | E8: =AVERAGEIF(Raw_Data!$C$2:$C$34,$A8,Raw_Data!$E$2:$E$34) -> 2.4656667 | F8: =AVERAGEIF(Raw_Data!$C$2:$C$34,$A8,Raw_Data!$F$2:$F$34) -> 1.9063333 | G8: =AVERAGEIF(Raw_Data!$C$2:$C$34,$A8,Raw_Data!$G$2:$G$34) -> 3.0326667 | H8: =AVERAGEIF(Raw_Data!$C$2:$C$34,$A8,Raw_Data!$H$2:$H$34) -> 4.4896667 | I8: =AVERAGEIF(Raw_Data!$C$2:$C$34,$A8,Raw_Data!$I$2:$I$34) -> 7.676 | J8: =AVERAGEIF(Raw_Data!$C$2:$C$34,$A8,Raw_Data!$J$2:$J$34) -> 2.752 | K8: =AVERAGEIF(Raw_Data!$C$2:$C$34,$A8,Raw_Data!$K$2:$K$34) -> 4.1206667 | L8: =AVERAGEIF(Raw_Data!$C$2:$C$34,$A8,Raw_Data!$L$2:$L$34) -> 0.5 | M8: =AVERAGEIF(Raw_Data!$C$2:$C$34,$A8,Raw_Data!$M$2:$M$34) -> 0.5 | N8: =AVERAGEIF(Raw_Data!$C$2:$C$34,$A8,Raw_Data!$N$2:$N$34) -> 0.5 | O8: =AVERAGEIF(Raw_Data!$C$2:$C$34,$A8,Raw_Data!$O$2:$O$34) -> 1.43 | P8: =AVERAGEIF(Raw_Data!$C$2:$C$34,$A8,Raw_Data!$P$2:$P$34) -> 0.5 | Q8: =AVERAGEIF(Raw_Data!$C$2:$C$34,$A8,Raw_Data!$Q$2:$Q$34) -> 1.9633333 | R8: =AVERAGEIF(Raw_Data!$C$2:$C$34,$A8,Raw_Data!$R$2:$R$34) -> 33.666333 | S8: =SQRT(SUMPRODUCT((Raw_Data!$C$2:$C$34=$A8)*(Raw_Data!$D$2:$D$34-D8)^2)/($C8-1)) -> 0.65043293 | T8: =SQRT(SUMPRODUCT((Raw_Data!$C$2:$C$34=$A8)*(Raw_Data!$E$2:$E$34-E8)^2)/($C8-1)) -> 0.54216449 | U8: =SQRT(SUMPRODUCT((Raw_Data!$C$2:$C$34=$A8)*(Raw_Data!$F$2:$F$34-F8)^2)/($C8-1)) -> 0.28746014 | V8: =SQRT(SUMPRODUCT((Raw_Data!$C$2:$C$34=$A8)*(Raw_Data!$G$2:$G$34-G8)^2)/($C8-1)) -> 1.0831677 | W8: =SQRT(SUMPRODUCT((Raw_Data!$C$2:$C$34=$A8)*(Raw_Data!$H$2:$H$34-H8)^2)/($C8-1)) -> 0.72031544 | X8: =SQRT(SUMPRODUCT((Raw_Data!$C$2:$C$34=$A8)*(Raw_Data!$I$2:$I$34-I8)^2)/($C8-1)) -> 1.1092515 | Y8: =SQRT(SUMPRODUCT((Raw_Data!$C$2:$C$34=$A8)*(Raw_Data!$J$2:$J$34-J8)^2)/($C8-1)) -> 0.051739733 | Z8: =SQRT(SUMPRODUCT((Raw_Data!$C$2:$C$34=$A8)*(Raw_Data!$K$2:$K$34-K8)^2)/($C8-1)) -> 1.0476175 | AA8: =SQRT(SUMPRODUCT((Raw_Data!$C$2:$C$34=$A8)*(Raw_Data!$L$2:$L$34-L8)^2)/($C8-1)) -> 0 | AB8: =SQRT(SUMPRODUCT((Raw_Data!$C$2:$C$34=$A8)*(Raw_Data!$M$2:$M$34-M8)^2)/($C8-1)) -> 0 | AC8: =SQRT(SUMPRODUCT((Raw_Data!$C$2:$C$34=$A8)*(Raw_Data!$N$2:$N$34-N8)^2)/($C8-1)) -> 0 | AD8: =SQRT(SUMPRODUCT((Raw_Data!$C$2:$C$34=$A8)*(Raw_Data!$O$2:$O$34-O8)^2)/($C8-1)) -> 0.12509596 | AE8: =SQRT(SUMPRODUCT((Raw_Data!$C$2:$C$34=$A8)*(Raw_Data!$P$2:$P$34-P8)^2)/($C8-1)) -> 0 | AF8: =SQRT(SUMPRODUCT((Raw_Data!$C$2:$C$34=$A8)*(Raw_Data!$Q$2:$Q$34-Q8)^2)/($C8-1)) -> 0.29510055 | AG8: =SQRT(SUMPRODUCT((Raw_Data!$C$2:$C$34=$A8)*(Raw_Data!$R$2:$R$34-R8)^2)/($C8-1)) -> 2.9342558 | AH8: =SUMPRODUCT(MAX((Raw_Data!$C$2:$C$34=$A8)*Raw_Data!$D$2:$D$34)) -> 2.271 | AI8: =SUMPRODUCT(MAX((Raw_Data!$C$2:$C$34=$A8)*Raw_Data!$E$2:$E$34)) -> 2.887 | AJ8: =SUMPRODUCT(MAX((Raw_Data!$C$2:$C$34=$A8)*Raw_Data!$F$2:$F$34)) -> 2.213 | AK8: =SUMPRODUCT(MAX((Raw_Data!$C$2:$C$34=$A8)*Raw_Data!$G$2:$G$34)) -> 3.813 | AL8: =SUMPRODUCT(MAX((Raw_Data!$C$2:$C$34=$A8)*Raw_Data!$H$2:$H$34)) -> 5.134 | AM8: =SUMPRODUCT(MAX((Raw_Data!$C$2:$C$34=$A8)*Raw_Data!$I$2:$I$34)) -> 8.543 | AN8: =SUMPRODUCT(MAX((Raw_Data!$C$2:$C$34=$A8)*Raw_Data!$J$2:$J$34)) -> 2.809 | AO8: =SUMPRODUCT(MAX((Raw_Data!$C$2:$C$34=$A8)*Raw_Data!$K$2:$K$34)) -> 5.329 | AP8: =SUMPRODUCT(MAX((Raw_Data!$C$2:$C$34=$A8)*Raw_Data!$L$2:$L$34)) -> 0.5 | AQ8: =SUMPRODUCT(MAX((Raw_Data!$C$2:$C$34=$A8)*Raw_Data!$M$2:$M$34)) -> 0.5 | AR8: =SUMPRODUCT(MAX((Raw_Data!$C$2:$C$34=$A8)*Raw_Data!$N$2:$N$34)) -> 0.5 | AS8: =SUMPRODUCT(MAX((Raw_Data!$C$2:$C$34=$A8)*Raw_Data!$O$2:$O$34)) -> 1.542 | AT8: =SUMPRODUCT(MAX((Raw_Data!$C$2:$C$34=$A8)*Raw_Data!$P$2:$P$34)) -> 0.5 | AU8: =SUMPRODUCT(MAX((Raw_Data!$C$2:$C$34=$A8)*Raw_Data!$Q$2:$Q$34)) -> 2.216 | AV8: =SUMPRODUCT(MAX((Raw_Data!$C$2:$C$34=$A8)*Raw_Data!$R$2:$R$34)) -> 36.055
A9: Ekkhuliya | B9: Site | C9: =COUNTIF(Raw_Data!$C$2:$C$34,$A9) -> 3 | D9: =AVERAGEIF(Raw_Data!$C$2:$C$34,$A9,Raw_Data!$D$2:$D$34) -> 0.5 | E9: =AVERAGEIF(Raw_Data!$C$2:$C$34,$A9,Raw_Data!$E$2:$E$34) -> 0.5 | F9: =AVERAGEIF(Raw_Data!$C$2:$C$34,$A9,Raw_Data!$F$2:$F$34) -> 0.5 | G9: =AVERAGEIF(Raw_Data!$C$2:$C$34,$A9,Raw_Data!$G$2:$G$34) -> 0.5 | H9: =AVERAGEIF(Raw_Data!$C$2:$C$34,$A9,Raw_Data!$H$2:$H$34) -> 2.827 | I9: =AVERAGEIF(Raw_Data!$C$2:$C$34,$A9,Raw_Data!$I$2:$I$34) -> 5.8826667 | J9: =AVERAGEIF(Raw_Data!$C$2:$C$34,$A9,Raw_Data!$J$2:$J$34) -> 1.421 | K9: =AVERAGEIF(Raw_Data!$C$2:$C$34,$A9,Raw_Data!$K$2:$K$34) -> 2.4376667 | L9: =AVERAGEIF(Raw_Data!$C$2:$C$34,$A9,Raw_Data!$L$2:$L$34) -> 0.5 | M9: =AVERAGEIF(Raw_Data!$C$2:$C$34,$A9,Raw_Data!$M$2:$M$34) -> 0.5 | N9: =AVERAGEIF(Raw_Data!$C$2:$C$34,$A9,Raw_Data!$N$2:$N$34) -> 0.5 | O9: =AVERAGEIF(Raw_Data!$C$2:$C$34,$A9,Raw_Data!$O$2:$O$34) -> 0.5 | P9: =AVERAGEIF(Raw_Data!$C$2:$C$34,$A9,Raw_Data!$P$2:$P$34) -> 0.5 | Q9: =AVERAGEIF(Raw_Data!$C$2:$C$34,$A9,Raw_Data!$Q$2:$Q$34) -> 0.5 | R9: =AVERAGEIF(Raw_Data!$C$2:$C$34,$A9,Raw_Data!$R$2:$R$34) -> 17.568333 | S9: =SQRT(SUMPRODUCT((Raw_Data!$C$2:$C$34=$A9)*(Raw_Data!$D$2:$D$34-D9)^2)/($C9-1)) -> 0 | T9: =SQRT(SUMPRODUCT((Raw_Data!$C$2:$C$34=$A9)*(Raw_Data!$E$2:$E$34-E9)^2)/($C9-1)) -> 0 | U9: =SQRT(SUMPRODUCT((Raw_Data!$C$2:$C$34=$A9)*(Raw_Data!$F$2:$F$34-F9)^2)/($C9-1)) -> 0 | V9: =SQRT(SUMPRODUCT((Raw_Data!$C$2:$C$34=$A9)*(Raw_Data!$G$2:$G$34-G9)^2)/($C9-1)) -> 0 | W9: =SQRT(SUMPRODUCT((Raw_Data!$C$2:$C$34=$A9)*(Raw_Data!$H$2:$H$34-H9)^2)/($C9-1)) -> 0.12957237 | X9: =SQRT(SUMPRODUCT((Raw_Data!$C$2:$C$34=$A9)*(Raw_Data!$I$2:$I$34-I9)^2)/($C9-1)) -> 0.26946676 | Y9: =SQRT(SUMPRODUCT((Raw_Data!$C$2:$C$34=$A9)*(Raw_Data!$J$2:$J$34-J9)^2)/($C9-1)) -> 0.04769696 | Z9: =SQRT(SUMPRODUCT((Raw_Data!$C$2:$C$34=$A9)*(Raw_Data!$K$2:$K$34-K9)^2)/($C9-1)) -> 0.47378511 | AA9: =SQRT(SUMPRODUCT((Raw_Data!$C$2:$C$34=$A9)*(Raw_Data!$L$2:$L$34-L9)^2)/($C9-1)) -> 0 | AB9: =SQRT(SUMPRODUCT((Raw_Data!$C$2:$C$34=$A9)*(Raw_Data!$M$2:$M$34-M9)^2)/($C9-1)) -> 0 | AC9: =SQRT(SUMPRODUCT((Raw_Data!$C$2:$C$34=$A9)*(Raw_Data!$N$2:$N$34-N9)^2)/($C9-1)) -> 0 | AD9: =SQRT(SUMPRODUCT((Raw_Data!$C$2:$C$34=$A9)*(Raw_Data!$O$2:$O$34-O9)^2)/($C9-1)) -> 0 | AE9: =SQRT(SUMPRODUCT((Raw_Data!$C$2:$C$34=$A9)*(Raw_Data!$P$2:$P$34-P9)^2)/($C9-1)) -> 0 | AF9: =SQRT(SUMPRODUCT((Raw_Data!$C$2:$C$34=$A9)*(Raw_Data!$Q$2:$Q$34-Q9)^2)/($C9-1)) -> 0 | AG9: =SQRT(SUMPRODUCT((Raw_Data!$C$2:$C$34=$A9)*(Raw_Data!$R$2:$R$34-R9)^2)/($C9-1)) -> 0.53012294 | AH9: =SUMPRODUCT(MAX((Raw_Data!$C$2:$C$34=$A9)*Raw_Data!$D$2:$D$34)) -> 0.5 | AI9: =SUMPRODUCT(MAX((Raw_Data!$C$2:$C$34=$A9)*Raw_Data!$E$2:$E$34)) -> 0.5 | AJ9: =SUMPRODUCT(MAX((Raw_Data!$C$2:$C$34=$A9)*Raw_Data!$F$2:$F$34)) -> 0.5 | AK9: =SUMPRODUCT(MAX((Raw_Data!$C$2:$C$34=$A9)*Raw_Data!$G$2:$G$34)) -> 0.5 | AL9: =SUMPRODUCT(MAX((Raw_Data!$C$2:$C$34=$A9)*Raw_Data!$H$2:$H$34)) -> 2.959 | AM9: =SUMPRODUCT(MAX((Raw_Data!$C$2:$C$34=$A9)*Raw_Data!$I$2:$I$34)) -> 6.138 | AN9: =SUMPRODUCT(MAX((Raw_Data!$C$2:$C$34=$A9)*Raw_Data!$J$2:$J$34)) -> 1.471 | AO9: =SUMPRODUCT(MAX((Raw_Data!$C$2:$C$34=$A9)*Raw_Data!$K$2:$K$34)) -> 2.936 | AP9: =SUMPRODUCT(MAX((Raw_Data!$C$2:$C$34=$A9)*Raw_Data!$L$2:$L$34)) -> 0.5 | AQ9: =SUMPRODUCT(MAX((Raw_Data!$C$2:$C$34=$A9)*Raw_Data!$M$2:$M$34)) -> 0.5 | AR9: =SUMPRODUCT(MAX((Raw_Data!$C$2:$C$34=$A9)*Raw_Data!$N$2:$N$34)) -> 0.5 | AS9: =SUMPRODUCT(MAX((Raw_Data!$C$2:$C$34=$A9)*Raw_Data!$O$2:$O$34)) -> 0.5 | AT9: =SUMPRODUCT(MAX((Raw_Data!$C$2:$C$34=$A9)*Raw_Data!$P$2:$P$34)) -> 0.5 | AU9: =SUMPRODUCT(MAX((Raw_Data!$C$2:$C$34=$A9)*Raw_Data!$Q$2:$Q$34)) -> 0.5 | AV9: =SUMPRODUCT(MAX((Raw_Data!$C$2:$C$34=$A9)*Raw_Data!$R$2:$R$34)) -> 18.083
A10: Nazirhat | B10: Site | C10: =COUNTIF(Raw_Data!$C$2:$C$34,$A10) -> 3 | D10: =AVERAGEIF(Raw_Data!$C$2:$C$34,$A10,Raw_Data!$D$2:$D$34) -> 5.729 | E10: =AVERAGEIF(Raw_Data!$C$2:$C$34,$A10,Raw_Data!$E$2:$E$34) -> 6.807 | F10: =AVERAGEIF(Raw_Data!$C$2:$C$34,$A10,Raw_Data!$F$2:$F$34) -> 3.4243333 | G10: =AVERAGEIF(Raw_Data!$C$2:$C$34,$A10,Raw_Data!$G$2:$G$34) -> 4.2326667 | H10: =AVERAGEIF(Raw_Data!$C$2:$C$34,$A10,Raw_Data!$H$2:$H$34) -> 7.4006667 | I10: =AVERAGEIF(Raw_Data!$C$2:$C$34,$A10,Raw_Data!$I$2:$I$34) -> 13.232 | J10: =AVERAGEIF(Raw_Data!$C$2:$C$34,$A10,Raw_Data!$J$2:$J$34) -> 6.099 | K10: =AVERAGEIF(Raw_Data!$C$2:$C$34,$A10,Raw_Data!$K$2:$K$34) -> 12.004333 | L10: =AVERAGEIF(Raw_Data!$C$2:$C$34,$A10,Raw_Data!$L$2:$L$34) -> 2.787 | M10: =AVERAGEIF(Raw_Data!$C$2:$C$34,$A10,Raw_Data!$M$2:$M$34) -> 3.7843333 | N10: =AVERAGEIF(Raw_Data!$C$2:$C$34,$A10,Raw_Data!$N$2:$N$34) -> 3.8403333 | O10: =AVERAGEIF(Raw_Data!$C$2:$C$34,$A10,Raw_Data!$O$2:$O$34) -> 6.8616667 | P10: =AVERAGEIF(Raw_Data!$C$2:$C$34,$A10,Raw_Data!$P$2:$P$34) -> 5.3556667 | Q10: =AVERAGEIF(Raw_Data!$C$2:$C$34,$A10,Raw_Data!$Q$2:$Q$34) -> 7.2276667 | R10: =AVERAGEIF(Raw_Data!$C$2:$C$34,$A10,Raw_Data!$R$2:$R$34) -> 88.785667 | S10: =SQRT(SUMPRODUCT((Raw_Data!$C$2:$C$34=$A10)*(Raw_Data!$D$2:$D$34-D10)^2)/($C10-1)) -> 0.43254248 | T10: =SQRT(SUMPRODUCT((Raw_Data!$C$2:$C$34=$A10)*(Raw_Data!$E$2:$E$34-E10)^2)/($C10-1)) -> 1.5967367 | U10: =SQRT(SUMPRODUCT((Raw_Data!$C$2:$C$34=$A10)*(Raw_Data!$F$2:$F$34-F10)^2)/($C10-1)) -> 0.5573736 | V10: =SQRT(SUMPRODUCT((Raw_Data!$C$2:$C$34=$A10)*(Raw_Data!$G$2:$G$34-G10)^2)/($C10-1)) -> 0.93524132 | W10: =SQRT(SUMPRODUCT((Raw_Data!$C$2:$C$34=$A10)*(Raw_Data!$H$2:$H$34-H10)^2)/($C10-1)) -> 0.048273526 | X10: =SQRT(SUMPRODUCT((Raw_Data!$C$2:$C$34=$A10)*(Raw_Data!$I$2:$I$34-I10)^2)/($C10-1)) -> 0.51680557 | Y10: =SQRT(SUMPRODUCT((Raw_Data!$C$2:$C$34=$A10)*(Raw_Data!$J$2:$J$34-J10)^2)/($C10-1)) -> 0.40618099 | Z10: =SQRT(SUMPRODUCT((Raw_Data!$C$2:$C$34=$A10)*(Raw_Data!$K$2:$K$34-K10)^2)/($C10-1)) -> 0.77901048 | AA10: =SQRT(SUMPRODUCT((Raw_Data!$C$2:$C$34=$A10)*(Raw_Data!$L$2:$L$34-L10)^2)/($C10-1)) -> 0.43310622 | AB10: =SQRT(SUMPRODUCT((Raw_Data!$C$2:$C$34=$A10)*(Raw_Data!$M$2:$M$34-M10)^2)/($C10-1)) -> 0.076578935 | AC10: =SQRT(SUMPRODUCT((Raw_Data!$C$2:$C$34=$A10)*(Raw_Data!$N$2:$N$34-N10)^2)/($C10-1)) -> 0.41292413 | AD10: =SQRT(SUMPRODUCT((Raw_Data!$C$2:$C$34=$A10)*(Raw_Data!$O$2:$O$34-O10)^2)/($C10-1)) -> 1.2962138 | AE10: =SQRT(SUMPRODUCT((Raw_Data!$C$2:$C$34=$A10)*(Raw_Data!$P$2:$P$34-P10)^2)/($C10-1)) -> 0.050003333 | AF10: =SQRT(SUMPRODUCT((Raw_Data!$C$2:$C$34=$A10)*(Raw_Data!$Q$2:$Q$34-Q10)^2)/($C10-1)) -> 0.10127849 | AG10: =SQRT(SUMPRODUCT((Raw_Data!$C$2:$C$34=$A10)*(Raw_Data!$R$2:$R$34-R10)^2)/($C10-1)) -> 4.2746572 | AH10: =SUMPRODUCT(MAX((Raw_Data!$C$2:$C$34=$A10)*Raw_Data!$D$2:$D$34)) -> 6.098 | AI10: =SUMPRODUCT(MAX((Raw_Data!$C$2:$C$34=$A10)*Raw_Data!$E$2:$E$34)) -> 7.991 | AJ10: =SUMPRODUCT(MAX((Raw_Data!$C$2:$C$34=$A10)*Raw_Data!$F$2:$F$34)) -> 4.067 | AK10: =SUMPRODUCT(MAX((Raw_Data!$C$2:$C$34=$A10)*Raw_Data!$G$2:$G$34)) -> 5.272 | AL10: =SUMPRODUCT(MAX((Raw_Data!$C$2:$C$34=$A10)*Raw_Data!$H$2:$H$34)) -> 7.431 | AM10: =SUMPRODUCT(MAX((Raw_Data!$C$2:$C$34=$A10)*Raw_Data!$I$2:$I$34)) -> 13.556 | AN10: =SUMPRODUCT(MAX((Raw_Data!$C$2:$C$34=$A10)*Raw_Data!$J$2:$J$34)) -> 6.47 | AO10: =SUMPRODUCT(MAX((Raw_Data!$C$2:$C$34=$A10)*Raw_Data!$K$2:$K$34)) -> 12.711 | AP10: =SUMPRODUCT(MAX((Raw_Data!$C$2:$C$34=$A10)*Raw_Data!$L$2:$L$34)) -> 3.287 | AQ10: =SUMPRODUCT(MAX((Raw_Data!$C$2:$C$34=$A10)*Raw_Data!$M$2:$M$34)) -> 3.832 | AR10: =SUMPRODUCT(MAX((Raw_Data!$C$2:$C$34=$A10)*Raw_Data!$N$2:$N$34)) -> 4.316 | AS10: =SUMPRODUCT(MAX((Raw_Data!$C$2:$C$34=$A10)*Raw_Data!$O$2:$O$34)) -> 7.748 | AT10: =SUMPRODUCT(MAX((Raw_Data!$C$2:$C$34=$A10)*Raw_Data!$P$2:$P$34)) -> 5.387 | AU10: =SUMPRODUCT(MAX((Raw_Data!$C$2:$C$34=$A10)*Raw_Data!$Q$2:$Q$34)) -> 7.339 | AV10: =SUMPRODUCT(MAX((Raw_Data!$C$2:$C$34=$A10)*Raw_Data!$R$2:$R$34)) -> 93.039
A11: Sekandar Para | B11: Site | C11: =COUNTIF(Raw_Data!$C$2:$C$34,$A11) -> 3 | D11: =AVERAGEIF(Raw_Data!$C$2:$C$34,$A11,Raw_Data!$D$2:$D$34) -> 3.1116667 | E11: =AVERAGEIF(Raw_Data!$C$2:$C$34,$A11,Raw_Data!$E$2:$E$34) -> 3.66 | F11: =AVERAGEIF(Raw_Data!$C$2:$C$34,$A11,Raw_Data!$F$2:$F$34) -> 0.5 | G11: =AVERAGEIF(Raw_Data!$C$2:$C$34,$A11,Raw_Data!$G$2:$G$34) -> 4.3803333 | H11: =AVERAGEIF(Raw_Data!$C$2:$C$34,$A11,Raw_Data!$H$2:$H$34) -> 5.2546667 | I11: =AVERAGEIF(Raw_Data!$C$2:$C$34,$A11,Raw_Data!$I$2:$I$34) -> 9.2416667 | J11: =AVERAGEIF(Raw_Data!$C$2:$C$34,$A11,Raw_Data!$J$2:$J$34) -> 2.5743333 | K11: =AVERAGEIF(Raw_Data!$C$2:$C$34,$A11,Raw_Data!$K$2:$K$34) -> 5.0016667 | L11: =AVERAGEIF(Raw_Data!$C$2:$C$34,$A11,Raw_Data!$L$2:$L$34) -> 0.5 | M11: =AVERAGEIF(Raw_Data!$C$2:$C$34,$A11,Raw_Data!$M$2:$M$34) -> 0.5 | N11: =AVERAGEIF(Raw_Data!$C$2:$C$34,$A11,Raw_Data!$N$2:$N$34) -> 1.3769734 | O11: =AVERAGEIF(Raw_Data!$C$2:$C$34,$A11,Raw_Data!$O$2:$O$34) -> 3.2746667 | P11: =AVERAGEIF(Raw_Data!$C$2:$C$34,$A11,Raw_Data!$P$2:$P$34) -> 0.5 | Q11: =AVERAGEIF(Raw_Data!$C$2:$C$34,$A11,Raw_Data!$Q$2:$Q$34) -> 0.5 | R11: =AVERAGEIF(Raw_Data!$C$2:$C$34,$A11,Raw_Data!$R$2:$R$34) -> 40.375973 | S11: =SQRT(SUMPRODUCT((Raw_Data!$C$2:$C$34=$A11)*(Raw_Data!$D$2:$D$34-D11)^2)/($C11-1)) -> 0.29564562 | T11: =SQRT(SUMPRODUCT((Raw_Data!$C$2:$C$34=$A11)*(Raw_Data!$E$2:$E$34-E11)^2)/($C11-1)) -> 0.55301266 | U11: =SQRT(SUMPRODUCT((Raw_Data!$C$2:$C$34=$A11)*(Raw_Data!$F$2:$F$34-F11)^2)/($C11-1)) -> 0 | V11: =SQRT(SUMPRODUCT((Raw_Data!$C$2:$C$34=$A11)*(Raw_Data!$G$2:$G$34-G11)^2)/($C11-1)) -> 1.5632199 | W11: =SQRT(SUMPRODUCT((Raw_Data!$C$2:$C$34=$A11)*(Raw_Data!$H$2:$H$34-H11)^2)/($C11-1)) -> 0.26097956 | X11: =SQRT(SUMPRODUCT((Raw_Data!$C$2:$C$34=$A11)*(Raw_Data!$I$2:$I$34-I11)^2)/($C11-1)) -> 2.3709083 | Y11: =SQRT(SUMPRODUCT((Raw_Data!$C$2:$C$34=$A11)*(Raw_Data!$J$2:$J$34-J11)^2)/($C11-1)) -> 0.70817112 | Z11: =SQRT(SUMPRODUCT((Raw_Data!$C$2:$C$34=$A11)*(Raw_Data!$K$2:$K$34-K11)^2)/($C11-1)) -> 1.385762 | AA11: =SQRT(SUMPRODUCT((Raw_Data!$C$2:$C$34=$A11)*(Raw_Data!$L$2:$L$34-L11)^2)/($C11-1)) -> 0 | AB11: =SQRT(SUMPRODUCT((Raw_Data!$C$2:$C$34=$A11)*(Raw_Data!$M$2:$M$34-M11)^2)/($C11-1)) -> 0 | AC11: =SQRT(SUMPRODUCT((Raw_Data!$C$2:$C$34=$A11)*(Raw_Data!$N$2:$N$34-N11)^2)/($C11-1)) -> 0.76610703 | AD11: =SQRT(SUMPRODUCT((Raw_Data!$C$2:$C$34=$A11)*(Raw_Data!$O$2:$O$34-O11)^2)/($C11-1)) -> 0.36663924 | AE11: =SQRT(SUMPRODUCT((Raw_Data!$C$2:$C$34=$A11)*(Raw_Data!$P$2:$P$34-P11)^2)/($C11-1)) -> 0 | AF11: =SQRT(SUMPRODUCT((Raw_Data!$C$2:$C$34=$A11)*(Raw_Data!$Q$2:$Q$34-Q11)^2)/($C11-1)) -> 0 | AG11: =SQRT(SUMPRODUCT((Raw_Data!$C$2:$C$34=$A11)*(Raw_Data!$R$2:$R$34-R11)^2)/($C11-1)) -> 3.2294026 | AH11: =SUMPRODUCT(MAX((Raw_Data!$C$2:$C$34=$A11)*Raw_Data!$D$2:$D$34)) -> 3.453 | AI11: =SUMPRODUCT(MAX((Raw_Data!$C$2:$C$34=$A11)*Raw_Data!$E$2:$E$34)) -> 4.043 | AJ11: =SUMPRODUCT(MAX((Raw_Data!$C$2:$C$34=$A11)*Raw_Data!$F$2:$F$34)) -> 0.5 | AK11: =SUMPRODUCT(MAX((Raw_Data!$C$2:$C$34=$A11)*Raw_Data!$G$2:$G$34)) -> 6.148 | AL11: =SUMPRODUCT(MAX((Raw_Data!$C$2:$C$34=$A11)*Raw_Data!$H$2:$H$34)) -> 5.556 | AM11: =SUMPRODUCT(MAX((Raw_Data!$C$2:$C$34=$A11)*Raw_Data!$I$2:$I$34)) -> 11.814 | AN11: =SUMPRODUCT(MAX((Raw_Data!$C$2:$C$34=$A11)*Raw_Data!$J$2:$J$34)) -> 3.392 | AO11: =SUMPRODUCT(MAX((Raw_Data!$C$2:$C$34=$A11)*Raw_Data!$K$2:$K$34)) -> 6.601 | AP11: =SUMPRODUCT(MAX((Raw_Data!$C$2:$C$34=$A11)*Raw_Data!$L$2:$L$34)) -> 0.5 | AQ11: =SUMPRODUCT(MAX((Raw_Data!$C$2:$C$34=$A11)*Raw_Data!$M$2:$M$34)) -> 0.5 | AR11: =SUMPRODUCT(MAX((Raw_Data!$C$2:$C$34=$A11)*Raw_Data!$N$2:$N$34)) -> 1.916 | AS11: =SUMPRODUCT(MAX((Raw_Data!$C$2:$C$34=$A11)*Raw_Data!$O$2:$O$34)) -> 3.647 | AT11: =SUMPRODUCT(MAX((Raw_Data!$C$2:$C$34=$A11)*Raw_Data!$P$2:$P$34)) -> 0.5 | AU11: =SUMPRODUCT(MAX((Raw_Data!$C$2:$C$34=$A11)*Raw_Data!$Q$2:$Q$34)) -> 0.5 | AV11: =SUMPRODUCT(MAX((Raw_Data!$C$2:$C$34=$A11)*Raw_Data!$R$2:$R$34)) -> 43.72
A12: Nichintapur | B12: Site | C12: =COUNTIF(Raw_Data!$C$2:$C$34,$A12) -> 3 | D12: =AVERAGEIF(Raw_Data!$C$2:$C$34,$A12,Raw_Data!$D$2:$D$34) -> 3.275 | E12: =AVERAGEIF(Raw_Data!$C$2:$C$34,$A12,Raw_Data!$E$2:$E$34) -> 3.005 | F12: =AVERAGEIF(Raw_Data!$C$2:$C$34,$A12,Raw_Data!$F$2:$F$34) -> 2.234 | G12: =AVERAGEIF(Raw_Data!$C$2:$C$34,$A12,Raw_Data!$G$2:$G$34) -> 3.0563333 | H12: =AVERAGEIF(Raw_Data!$C$2:$C$34,$A12,Raw_Data!$H$2:$H$34) -> 5.929 | I12: =AVERAGEIF(Raw_Data!$C$2:$C$34,$A12,Raw_Data!$I$2:$I$34) -> 13.360333 | J12: =AVERAGEIF(Raw_Data!$C$2:$C$34,$A12,Raw_Data!$J$2:$J$34) -> 3.294 | K12: =AVERAGEIF(Raw_Data!$C$2:$C$34,$A12,Raw_Data!$K$2:$K$34) -> 6.521 | L12: =AVERAGEIF(Raw_Data!$C$2:$C$34,$A12,Raw_Data!$L$2:$L$34) -> 0.5 | M12: =AVERAGEIF(Raw_Data!$C$2:$C$34,$A12,Raw_Data!$M$2:$M$34) -> 2.6125667 | N12: =AVERAGEIF(Raw_Data!$C$2:$C$34,$A12,Raw_Data!$N$2:$N$34) -> 0.5 | O12: =AVERAGEIF(Raw_Data!$C$2:$C$34,$A12,Raw_Data!$O$2:$O$34) -> 1.9316667 | P12: =AVERAGEIF(Raw_Data!$C$2:$C$34,$A12,Raw_Data!$P$2:$P$34) -> 1.2693333 | Q12: =AVERAGEIF(Raw_Data!$C$2:$C$34,$A12,Raw_Data!$Q$2:$Q$34) -> 3.4523333 | R12: =AVERAGEIF(Raw_Data!$C$2:$C$34,$A12,Raw_Data!$R$2:$R$34) -> 50.940567 | S12: =SQRT(SUMPRODUCT((Raw_Data!$C$2:$C$34=$A12)*(Raw_Data!$D$2:$D$34-D12)^2)/($C12-1)) -> 1.0088543 | T12: =SQRT(SUMPRODUCT((Raw_Data!$C$2:$C$34=$A12)*(Raw_Data!$E$2:$E$34-E12)^2)/($C12-1)) -> 0.76797331 | U12: =SQRT(SUMPRODUCT((Raw_Data!$C$2:$C$34=$A12)*(Raw_Data!$F$2:$F$34-F12)^2)/($C12-1)) -> 0.21656408 | V12: =SQRT(SUMPRODUCT((Raw_Data!$C$2:$C$34=$A12)*(Raw_Data!$G$2:$G$34-G12)^2)/($C12-1)) -> 0.6065314 | W12: =SQRT(SUMPRODUCT((Raw_Data!$C$2:$C$34=$A12)*(Raw_Data!$H$2:$H$34-H12)^2)/($C12-1)) -> 0.36762345 | X12: =SQRT(SUMPRODUCT((Raw_Data!$C$2:$C$34=$A12)*(Raw_Data!$I$2:$I$34-I12)^2)/($C12-1)) -> 0.98582673 | Y12: =SQRT(SUMPRODUCT((Raw_Data!$C$2:$C$34=$A12)*(Raw_Data!$J$2:$J$34-J12)^2)/($C12-1)) -> 0.72200208 | Z12: =SQRT(SUMPRODUCT((Raw_Data!$C$2:$C$34=$A12)*(Raw_Data!$K$2:$K$34-K12)^2)/($C12-1)) -> 1.4160858 | AA12: =SQRT(SUMPRODUCT((Raw_Data!$C$2:$C$34=$A12)*(Raw_Data!$L$2:$L$34-L12)^2)/($C12-1)) -> 0 | AB12: =SQRT(SUMPRODUCT((Raw_Data!$C$2:$C$34=$A12)*(Raw_Data!$M$2:$M$34-M12)^2)/($C12-1)) -> 0.056638003 | AC12: =SQRT(SUMPRODUCT((Raw_Data!$C$2:$C$34=$A12)*(Raw_Data!$N$2:$N$34-N12)^2)/($C12-1)) -> 0 | AD12: =SQRT(SUMPRODUCT((Raw_Data!$C$2:$C$34=$A12)*(Raw_Data!$O$2:$O$34-O12)^2)/($C12-1)) -> 0.53920899 | AE12: =SQRT(SUMPRODUCT((Raw_Data!$C$2:$C$34=$A12)*(Raw_Data!$P$2:$P$34-P12)^2)/($C12-1)) -> 0.081989837 | AF12: =SQRT(SUMPRODUCT((Raw_Data!$C$2:$C$34=$A12)*(Raw_Data!$Q$2:$Q$34-Q12)^2)/($C12-1)) -> 0.4494467 | AG12: =SQRT(SUMPRODUCT((Raw_Data!$C$2:$C$34=$A12)*(Raw_Data!$R$2:$R$34-R12)^2)/($C12-1)) -> 1.7378056 | AH12: =SUMPRODUCT(MAX((Raw_Data!$C$2:$C$34=$A12)*Raw_Data!$D$2:$D$34)) -> 4.352 | AI12: =SUMPRODUCT(MAX((Raw_Data!$C$2:$C$34=$A12)*Raw_Data!$E$2:$E$34)) -> 3.546 | AJ12: =SUMPRODUCT(MAX((Raw_Data!$C$2:$C$34=$A12)*Raw_Data!$F$2:$F$34)) -> 2.364 | AK12: =SUMPRODUCT(MAX((Raw_Data!$C$2:$C$34=$A12)*Raw_Data!$G$2:$G$34)) -> 3.412 | AL12: =SUMPRODUCT(MAX((Raw_Data!$C$2:$C$34=$A12)*Raw_Data!$H$2:$H$34)) -> 6.302 | AM12: =SUMPRODUCT(MAX((Raw_Data!$C$2:$C$34=$A12)*Raw_Data!$I$2:$I$34)) -> 13.931 | AN12: =SUMPRODUCT(MAX((Raw_Data!$C$2:$C$34=$A12)*Raw_Data!$J$2:$J$34)) -> 4.127 | AO12: =SUMPRODUCT(MAX((Raw_Data!$C$2:$C$34=$A12)*Raw_Data!$K$2:$K$34)) -> 8.156 | AP12: =SUMPRODUCT(MAX((Raw_Data!$C$2:$C$34=$A12)*Raw_Data!$L$2:$L$34)) -> 0.5 | AQ12: =SUMPRODUCT(MAX((Raw_Data!$C$2:$C$34=$A12)*Raw_Data!$M$2:$M$34)) -> 2.673 | AR12: =SUMPRODUCT(MAX((Raw_Data!$C$2:$C$34=$A12)*Raw_Data!$N$2:$N$34)) -> 0.5 | AS12: =SUMPRODUCT(MAX((Raw_Data!$C$2:$C$34=$A12)*Raw_Data!$O$2:$O$34)) -> 2.437 | AT12: =SUMPRODUCT(MAX((Raw_Data!$C$2:$C$34=$A12)*Raw_Data!$P$2:$P$34)) -> 1.364 | AU12: =SUMPRODUCT(MAX((Raw_Data!$C$2:$C$34=$A12)*Raw_Data!$Q$2:$Q$34)) -> 3.884 | AV12: =SUMPRODUCT(MAX((Raw_Data!$C$2:$C$34=$A12)*Raw_Data!$R$2:$R$34)) -> 52.5977
A13: Nadimpur | B13: Site | C13: =COUNTIF(Raw_Data!$C$2:$C$34,$A13) -> 3 | D13: =AVERAGEIF(Raw_Data!$C$2:$C$34,$A13,Raw_Data!$D$2:$D$34) -> 3.5516667 | E13: =AVERAGEIF(Raw_Data!$C$2:$C$34,$A13,Raw_Data!$E$2:$E$34) -> 4.2263333 | F13: =AVERAGEIF(Raw_Data!$C$2:$C$34,$A13,Raw_Data!$F$2:$F$34) -> 3.416 | G13: =AVERAGEIF(Raw_Data!$C$2:$C$34,$A13,Raw_Data!$G$2:$G$34) -> 3.8096667 | H13: =AVERAGEIF(Raw_Data!$C$2:$C$34,$A13,Raw_Data!$H$2:$H$34) -> 6.133 | I13: =AVERAGEIF(Raw_Data!$C$2:$C$34,$A13,Raw_Data!$I$2:$I$34) -> 14.393333 | J13: =AVERAGEIF(Raw_Data!$C$2:$C$34,$A13,Raw_Data!$J$2:$J$34) -> 4.3863333 | K13: =AVERAGEIF(Raw_Data!$C$2:$C$34,$A13,Raw_Data!$K$2:$K$34) -> 7.6533333 | L13: =AVERAGEIF(Raw_Data!$C$2:$C$34,$A13,Raw_Data!$L$2:$L$34) -> 1.611 | M13: =AVERAGEIF(Raw_Data!$C$2:$C$34,$A13,Raw_Data!$M$2:$M$34) -> 2.94 | N13: =AVERAGEIF(Raw_Data!$C$2:$C$34,$A13,Raw_Data!$N$2:$N$34) -> 1.6553333 | O13: =AVERAGEIF(Raw_Data!$C$2:$C$34,$A13,Raw_Data!$O$2:$O$34) -> 3.2873333 | P13: =AVERAGEIF(Raw_Data!$C$2:$C$34,$A13,Raw_Data!$P$2:$P$34) -> 1.84 | Q13: =AVERAGEIF(Raw_Data!$C$2:$C$34,$A13,Raw_Data!$Q$2:$Q$34) -> 3.1616667 | R13: =AVERAGEIF(Raw_Data!$C$2:$C$34,$A13,Raw_Data!$R$2:$R$34) -> 62.065 | S13: =SQRT(SUMPRODUCT((Raw_Data!$C$2:$C$34=$A13)*(Raw_Data!$D$2:$D$34-D13)^2)/($C13-1)) -> 0.36871986 | T13: =SQRT(SUMPRODUCT((Raw_Data!$C$2:$C$34=$A13)*(Raw_Data!$E$2:$E$34-E13)^2)/($C13-1)) -> 0.21939538 | U13: =SQRT(SUMPRODUCT((Raw_Data!$C$2:$C$34=$A13)*(Raw_Data!$F$2:$F$34-F13)^2)/($C13-1)) -> 0.33995147 | V13: =SQRT(SUMPRODUCT((Raw_Data!$C$2:$C$34=$A13)*(Raw_Data!$G$2:$G$34-G13)^2)/($C13-1)) -> 0.56499322 | W13: =SQRT(SUMPRODUCT((Raw_Data!$C$2:$C$34=$A13)*(Raw_Data!$H$2:$H$34-H13)^2)/($C13-1)) -> 1.6271189 | X13: =SQRT(SUMPRODUCT((Raw_Data!$C$2:$C$34=$A13)*(Raw_Data!$I$2:$I$34-I13)^2)/($C13-1)) -> 0.54278572 | Y13: =SQRT(SUMPRODUCT((Raw_Data!$C$2:$C$34=$A13)*(Raw_Data!$J$2:$J$34-J13)^2)/($C13-1)) -> 1.0744451 | Z13: =SQRT(SUMPRODUCT((Raw_Data!$C$2:$C$34=$A13)*(Raw_Data!$K$2:$K$34-K13)^2)/($C13-1)) -> 0.96874678 | AA13: =SQRT(SUMPRODUCT((Raw_Data!$C$2:$C$34=$A13)*(Raw_Data!$L$2:$L$34-L13)^2)/($C13-1)) -> 0.29358304 | AB13: =SQRT(SUMPRODUCT((Raw_Data!$C$2:$C$34=$A13)*(Raw_Data!$M$2:$M$34-M13)^2)/($C13-1)) -> 0.31784116 | AC13: =SQRT(SUMPRODUCT((Raw_Data!$C$2:$C$34=$A13)*(Raw_Data!$N$2:$N$34-N13)^2)/($C13-1)) -> 0.30568666 | AD13: =SQRT(SUMPRODUCT((Raw_Data!$C$2:$C$34=$A13)*(Raw_Data!$O$2:$O$34-O13)^2)/($C13-1)) -> 0.32618144 | AE13: =SQRT(SUMPRODUCT((Raw_Data!$C$2:$C$34=$A13)*(Raw_Data!$P$2:$P$34-P13)^2)/($C13-1)) -> 0.62459347 | AF13: =SQRT(SUMPRODUCT((Raw_Data!$C$2:$C$34=$A13)*(Raw_Data!$Q$2:$Q$34-Q13)^2)/($C13-1)) -> 0.31600686 | AG13: =SQRT(SUMPRODUCT((Raw_Data!$C$2:$C$34=$A13)*(Raw_Data!$R$2:$R$34-R13)^2)/($C13-1)) -> 3.4058569 | AH13: =SUMPRODUCT(MAX((Raw_Data!$C$2:$C$34=$A13)*Raw_Data!$D$2:$D$34)) -> 3.956 | AI13: =SUMPRODUCT(MAX((Raw_Data!$C$2:$C$34=$A13)*Raw_Data!$E$2:$E$34)) -> 4.354 | AJ13: =SUMPRODUCT(MAX((Raw_Data!$C$2:$C$34=$A13)*Raw_Data!$F$2:$F$34)) -> 3.733 | AK13: =SUMPRODUCT(MAX((Raw_Data!$C$2:$C$34=$A13)*Raw_Data!$G$2:$G$34)) -> 4.393 | AL13: =SUMPRODUCT(MAX((Raw_Data!$C$2:$C$34=$A13)*Raw_Data!$H$2:$H$34)) -> 7.447 | AM13: =SUMPRODUCT(MAX((Raw_Data!$C$2:$C$34=$A13)*Raw_Data!$I$2:$I$34)) -> 14.781 | AN13: =SUMPRODUCT(MAX((Raw_Data!$C$2:$C$34=$A13)*Raw_Data!$J$2:$J$34)) -> 5.52 | AO13: =SUMPRODUCT(MAX((Raw_Data!$C$2:$C$34=$A13)*Raw_Data!$K$2:$K$34)) -> 8.312 | AP13: =SUMPRODUCT(MAX((Raw_Data!$C$2:$C$34=$A13)*Raw_Data!$L$2:$L$34)) -> 1.936 | AQ13: =SUMPRODUCT(MAX((Raw_Data!$C$2:$C$34=$A13)*Raw_Data!$M$2:$M$34)) -> 3.307 | AR13: =SUMPRODUCT(MAX((Raw_Data!$C$2:$C$34=$A13)*Raw_Data!$N$2:$N$34)) -> 1.967 | AS13: =SUMPRODUCT(MAX((Raw_Data!$C$2:$C$34=$A13)*Raw_Data!$O$2:$O$34)) -> 3.625 | AT13: =SUMPRODUCT(MAX((Raw_Data!$C$2:$C$34=$A13)*Raw_Data!$P$2:$P$34)) -> 2.273 | AU13: =SUMPRODUCT(MAX((Raw_Data!$C$2:$C$34=$A13)*Raw_Data!$Q$2:$Q$34)) -> 3.508 | AV13: =SUMPRODUCT(MAX((Raw_Data!$C$2:$C$34=$A13)*Raw_Data!$R$2:$R$34)) -> 64.309
A14: West Binajuri | B14: Site | C14: =COUNTIF(Raw_Data!$C$2:$C$34,$A14) -> 3 | D14: =AVERAGEIF(Raw_Data!$C$2:$C$34,$A14,Raw_Data!$D$2:$D$34) -> 4.111 | E14: =AVERAGEIF(Raw_Data!$C$2:$C$34,$A14,Raw_Data!$E$2:$E$34) -> 4.158 | F14: =AVERAGEIF(Raw_Data!$C$2:$C$34,$A14,Raw_Data!$F$2:$F$34) -> 4.8386667 | G14: =AVERAGEIF(Raw_Data!$C$2:$C$34,$A14,Raw_Data!$G$2:$G$34) -> 4.027 | H14: =AVERAGEIF(Raw_Data!$C$2:$C$34,$A14,Raw_Data!$H$2:$H$34) -> 6.0986667 | I14: =AVERAGEIF(Raw_Data!$C$2:$C$34,$A14,Raw_Data!$I$2:$I$34) -> 14.029667 | J14: =AVERAGEIF(Raw_Data!$C$2:$C$34,$A14,Raw_Data!$J$2:$J$34) -> 5.5881667 | K14: =AVERAGEIF(Raw_Data!$C$2:$C$34,$A14,Raw_Data!$K$2:$K$34) -> 11.009 | L14: =AVERAGEIF(Raw_Data!$C$2:$C$34,$A14,Raw_Data!$L$2:$L$34) -> 2.2913333 | M14: =AVERAGEIF(Raw_Data!$C$2:$C$34,$A14,Raw_Data!$M$2:$M$34) -> 3.4736667 | N14: =AVERAGEIF(Raw_Data!$C$2:$C$34,$A14,Raw_Data!$N$2:$N$34) -> 1.5573333 | O14: =AVERAGEIF(Raw_Data!$C$2:$C$34,$A14,Raw_Data!$O$2:$O$34) -> 2.6923333 | P14: =AVERAGEIF(Raw_Data!$C$2:$C$34,$A14,Raw_Data!$P$2:$P$34) -> 0.5 | Q14: =AVERAGEIF(Raw_Data!$C$2:$C$34,$A14,Raw_Data!$Q$2:$Q$34) -> 2.865 | R14: =AVERAGEIF(Raw_Data!$C$2:$C$34,$A14,Raw_Data!$R$2:$R$34) -> 67.239833 | S14: =SQRT(SUMPRODUCT((Raw_Data!$C$2:$C$34=$A14)*(Raw_Data!$D$2:$D$34-D14)^2)/($C14-1)) -> 0.22095022 | T14: =SQRT(SUMPRODUCT((Raw_Data!$C$2:$C$34=$A14)*(Raw_Data!$E$2:$E$34-E14)^2)/($C14-1)) -> 1.0463866 | U14: =SQRT(SUMPRODUCT((Raw_Data!$C$2:$C$34=$A14)*(Raw_Data!$F$2:$F$34-F14)^2)/($C14-1)) -> 0.4185228 | V14: =SQRT(SUMPRODUCT((Raw_Data!$C$2:$C$34=$A14)*(Raw_Data!$G$2:$G$34-G14)^2)/($C14-1)) -> 1.6393368 | W14: =SQRT(SUMPRODUCT((Raw_Data!$C$2:$C$34=$A14)*(Raw_Data!$H$2:$H$34-H14)^2)/($C14-1)) -> 0.45243379 | X14: =SQRT(SUMPRODUCT((Raw_Data!$C$2:$C$34=$A14)*(Raw_Data!$I$2:$I$34-I14)^2)/($C14-1)) -> 0.49873874 | Y14: =SQRT(SUMPRODUCT((Raw_Data!$C$2:$C$34=$A14)*(Raw_Data!$J$2:$J$34-J14)^2)/($C14-1)) -> 0.5341934 | Z14: =SQRT(SUMPRODUCT((Raw_Data!$C$2:$C$34=$A14)*(Raw_Data!$K$2:$K$34-K14)^2)/($C14-1)) -> 1.0470057 | AA14: =SQRT(SUMPRODUCT((Raw_Data!$C$2:$C$34=$A14)*(Raw_Data!$L$2:$L$34-L14)^2)/($C14-1)) -> 0.39727111 | AB14: =SQRT(SUMPRODUCT((Raw_Data!$C$2:$C$34=$A14)*(Raw_Data!$M$2:$M$34-M14)^2)/($C14-1)) -> 1.0160976 | AC14: =SQRT(SUMPRODUCT((Raw_Data!$C$2:$C$34=$A14)*(Raw_Data!$N$2:$N$34-N14)^2)/($C14-1)) -> 0.98390311 | AD14: =SQRT(SUMPRODUCT((Raw_Data!$C$2:$C$34=$A14)*(Raw_Data!$O$2:$O$34-O14)^2)/($C14-1)) -> 0.32126676 | AE14: =SQRT(SUMPRODUCT((Raw_Data!$C$2:$C$34=$A14)*(Raw_Data!$P$2:$P$34-P14)^2)/($C14-1)) -> 0 | AF14: =SQRT(SUMPRODUCT((Raw_Data!$C$2:$C$34=$A14)*(Raw_Data!$Q$2:$Q$34-Q14)^2)/($C14-1)) -> 0.8685557 | AG14: =SQRT(SUMPRODUCT((Raw_Data!$C$2:$C$34=$A14)*(Raw_Data!$R$2:$R$34-R14)^2)/($C14-1)) -> 0.67009371 | AH14: =SUMPRODUCT(MAX((Raw_Data!$C$2:$C$34=$A14)*Raw_Data!$D$2:$D$34)) -> 4.364 | AI14: =SUMPRODUCT(MAX((Raw_Data!$C$2:$C$34=$A14)*Raw_Data!$E$2:$E$34)) -> 5.323 | AJ14: =SUMPRODUCT(MAX((Raw_Data!$C$2:$C$34=$A14)*Raw_Data!$F$2:$F$34)) -> 5.186 | AK14: =SUMPRODUCT(MAX((Raw_Data!$C$2:$C$34=$A14)*Raw_Data!$G$2:$G$34)) -> 5.332 | AL14: =SUMPRODUCT(MAX((Raw_Data!$C$2:$C$34=$A14)*Raw_Data!$H$2:$H$34)) -> 6.621 | AM14: =SUMPRODUCT(MAX((Raw_Data!$C$2:$C$34=$A14)*Raw_Data!$I$2:$I$34)) -> 14.466 | AN14: =SUMPRODUCT(MAX((Raw_Data!$C$2:$C$34=$A14)*Raw_Data!$J$2:$J$34)) -> 6.198 | AO14: =SUMPRODUCT(MAX((Raw_Data!$C$2:$C$34=$A14)*Raw_Data!$K$2:$K$34)) -> 12.205 | AP14: =SUMPRODUCT(MAX((Raw_Data!$C$2:$C$34=$A14)*Raw_Data!$L$2:$L$34)) -> 2.537 | AQ14: =SUMPRODUCT(MAX((Raw_Data!$C$2:$C$34=$A14)*Raw_Data!$M$2:$M$34)) -> 4.631 | AR14: =SUMPRODUCT(MAX((Raw_Data!$C$2:$C$34=$A14)*Raw_Data!$N$2:$N$34)) -> 2.446 | AS14: =SUMPRODUCT(MAX((Raw_Data!$C$2:$C$34=$A14)*Raw_Data!$O$2:$O$34)) -> 2.977 | AT14: =SUMPRODUCT(MAX((Raw_Data!$C$2:$C$34=$A14)*Raw_Data!$P$2:$P$34)) -> 0.5 | AU14: =SUMPRODUCT(MAX((Raw_Data!$C$2:$C$34=$A14)*Raw_Data!$Q$2:$Q$34)) -> 3.702 | AV14: =SUMPRODUCT(MAX((Raw_Data!$C$2:$C$34=$A14)*Raw_Data!$R$2:$R$34)) -> 67.935
A15: Napiter Ghona | B15: Site | C15: =COUNTIF(Raw_Data!$C$2:$C$34,$A15) -> 3 | D15: =AVERAGEIF(Raw_Data!$C$2:$C$34,$A15,Raw_Data!$D$2:$D$34) -> 4.7663333 | E15: =AVERAGEIF(Raw_Data!$C$2:$C$34,$A15,Raw_Data!$E$2:$E$34) -> 4.9413333 | F15: =AVERAGEIF(Raw_Data!$C$2:$C$34,$A15,Raw_Data!$F$2:$F$34) -> 4.8496667 | G15: =AVERAGEIF(Raw_Data!$C$2:$C$34,$A15,Raw_Data!$G$2:$G$34) -> 4.1123333 | H15: =AVERAGEIF(Raw_Data!$C$2:$C$34,$A15,Raw_Data!$H$2:$H$34) -> 6.525 | I15: =AVERAGEIF(Raw_Data!$C$2:$C$34,$A15,Raw_Data!$I$2:$I$34) -> 14.811333 | J15: =AVERAGEIF(Raw_Data!$C$2:$C$34,$A15,Raw_Data!$J$2:$J$34) -> 4.8053333 | K15: =AVERAGEIF(Raw_Data!$C$2:$C$34,$A15,Raw_Data!$K$2:$K$34) -> 9.4696667 | L15: =AVERAGEIF(Raw_Data!$C$2:$C$34,$A15,Raw_Data!$L$2:$L$34) -> 1.9803333 | M15: =AVERAGEIF(Raw_Data!$C$2:$C$34,$A15,Raw_Data!$M$2:$M$34) -> 4.8163333 | N15: =AVERAGEIF(Raw_Data!$C$2:$C$34,$A15,Raw_Data!$N$2:$N$34) -> 1.8836667 | O15: =AVERAGEIF(Raw_Data!$C$2:$C$34,$A15,Raw_Data!$O$2:$O$34) -> 3.9233333 | P15: =AVERAGEIF(Raw_Data!$C$2:$C$34,$A15,Raw_Data!$P$2:$P$34) -> 3.3506667 | Q15: =AVERAGEIF(Raw_Data!$C$2:$C$34,$A15,Raw_Data!$Q$2:$Q$34) -> 5.3006667 | R15: =AVERAGEIF(Raw_Data!$C$2:$C$34,$A15,Raw_Data!$R$2:$R$34) -> 75.536 | S15: =SQRT(SUMPRODUCT((Raw_Data!$C$2:$C$34=$A15)*(Raw_Data!$D$2:$D$34-D15)^2)/($C15-1)) -> 1.1271479 | T15: =SQRT(SUMPRODUCT((Raw_Data!$C$2:$C$34=$A15)*(Raw_Data!$E$2:$E$34-E15)^2)/($C15-1)) -> 1.2181725 | U15: =SQRT(SUMPRODUCT((Raw_Data!$C$2:$C$34=$A15)*(Raw_Data!$F$2:$F$34-F15)^2)/($C15-1)) -> 0.57300116 | V15: =SQRT(SUMPRODUCT((Raw_Data!$C$2:$C$34=$A15)*(Raw_Data!$G$2:$G$34-G15)^2)/($C15-1)) -> 1.1019602 | W15: =SQRT(SUMPRODUCT((Raw_Data!$C$2:$C$34=$A15)*(Raw_Data!$H$2:$H$34-H15)^2)/($C15-1)) -> 0.13981416 | X15: =SQRT(SUMPRODUCT((Raw_Data!$C$2:$C$34=$A15)*(Raw_Data!$I$2:$I$34-I15)^2)/($C15-1)) -> 2.0590518 | Y15: =SQRT(SUMPRODUCT((Raw_Data!$C$2:$C$34=$A15)*(Raw_Data!$J$2:$J$34-J15)^2)/($C15-1)) -> 1.4319191 | Z15: =SQRT(SUMPRODUCT((Raw_Data!$C$2:$C$34=$A15)*(Raw_Data!$K$2:$K$34-K15)^2)/($C15-1)) -> 2.8855877 | AA15: =SQRT(SUMPRODUCT((Raw_Data!$C$2:$C$34=$A15)*(Raw_Data!$L$2:$L$34-L15)^2)/($C15-1)) -> 0.37088722 | AB15: =SQRT(SUMPRODUCT((Raw_Data!$C$2:$C$34=$A15)*(Raw_Data!$M$2:$M$34-M15)^2)/($C15-1)) -> 0.57061925 | AC15: =SQRT(SUMPRODUCT((Raw_Data!$C$2:$C$34=$A15)*(Raw_Data!$N$2:$N$34-N15)^2)/($C15-1)) -> 1.1989747 | AD15: =SQRT(SUMPRODUCT((Raw_Data!$C$2:$C$34=$A15)*(Raw_Data!$O$2:$O$34-O15)^2)/($C15-1)) -> 0.67767273 | AE15: =SQRT(SUMPRODUCT((Raw_Data!$C$2:$C$34=$A15)*(Raw_Data!$P$2:$P$34-P15)^2)/($C15-1)) -> 0.2642051 | AF15: =SQRT(SUMPRODUCT((Raw_Data!$C$2:$C$34=$A15)*(Raw_Data!$Q$2:$Q$34-Q15)^2)/($C15-1)) -> 0.54951008 | AG15: =SQRT(SUMPRODUCT((Raw_Data!$C$2:$C$34=$A15)*(Raw_Data!$R$2:$R$34-R15)^2)/($C15-1)) -> 6.8286237 | AH15: =SUMPRODUCT(MAX((Raw_Data!$C$2:$C$34=$A15)*Raw_Data!$D$2:$D$34)) -> 5.436 | AI15: =SUMPRODUCT(MAX((Raw_Data!$C$2:$C$34=$A15)*Raw_Data!$E$2:$E$34)) -> 6.342 | AJ15: =SUMPRODUCT(MAX((Raw_Data!$C$2:$C$34=$A15)*Raw_Data!$F$2:$F$34)) -> 5.26 | AK15: =SUMPRODUCT(MAX((Raw_Data!$C$2:$C$34=$A15)*Raw_Data!$G$2:$G$34)) -> 5.378 | AL15: =SUMPRODUCT(MAX((Raw_Data!$C$2:$C$34=$A15)*Raw_Data!$H$2:$H$34)) -> 6.639 | AM15: =SUMPRODUCT(MAX((Raw_Data!$C$2:$C$34=$A15)*Raw_Data!$I$2:$I$34)) -> 17.182 | AN15: =SUMPRODUCT(MAX((Raw_Data!$C$2:$C$34=$A15)*Raw_Data!$J$2:$J$34)) -> 6.402 | AO15: =SUMPRODUCT(MAX((Raw_Data!$C$2:$C$34=$A15)*Raw_Data!$K$2:$K$34)) -> 12.689 | AP15: =SUMPRODUCT(MAX((Raw_Data!$C$2:$C$34=$A15)*Raw_Data!$L$2:$L$34)) -> 2.407 | AQ15: =SUMPRODUCT(MAX((Raw_Data!$C$2:$C$34=$A15)*Raw_Data!$M$2:$M$34)) -> 5.475 | AR15: =SUMPRODUCT(MAX((Raw_Data!$C$2:$C$34=$A15)*Raw_Data!$N$2:$N$34)) -> 2.616 | AS15: =SUMPRODUCT(MAX((Raw_Data!$C$2:$C$34=$A15)*Raw_Data!$O$2:$O$34)) -> 4.364 | AT15: =SUMPRODUCT(MAX((Raw_Data!$C$2:$C$34=$A15)*Raw_Data!$P$2:$P$34)) -> 3.645 | AU15: =SUMPRODUCT(MAX((Raw_Data!$C$2:$C$34=$A15)*Raw_Data!$Q$2:$Q$34)) -> 5.836 | AV15: =SUMPRODUCT(MAX((Raw_Data!$C$2:$C$34=$A15)*Raw_Data!$R$2:$R$34)) -> 83.317
A16: Horekrishno Mohajoner Tek | B16: Site | C16: =COUNTIF(Raw_Data!$C$2:$C$34,$A16) -> 3 | D16: =AVERAGEIF(Raw_Data!$C$2:$C$34,$A16,Raw_Data!$D$2:$D$34) -> 5.4953333 | E16: =AVERAGEIF(Raw_Data!$C$2:$C$34,$A16,Raw_Data!$E$2:$E$34) -> 5.8893333 | F16: =AVERAGEIF(Raw_Data!$C$2:$C$34,$A16,Raw_Data!$F$2:$F$34) -> 5.2126667 | G16: =AVERAGEIF(Raw_Data!$C$2:$C$34,$A16,Raw_Data!$G$2:$G$34) -> 6.944 | H16: =AVERAGEIF(Raw_Data!$C$2:$C$34,$A16,Raw_Data!$H$2:$H$34) -> 7.432 | I16: =AVERAGEIF(Raw_Data!$C$2:$C$34,$A16,Raw_Data!$I$2:$I$34) -> 15.013667 | J16: =AVERAGEIF(Raw_Data!$C$2:$C$34,$A16,Raw_Data!$J$2:$J$34) -> 6.1423333 | K16: =AVERAGEIF(Raw_Data!$C$2:$C$34,$A16,Raw_Data!$K$2:$K$34) -> 12.096667 | L16: =AVERAGEIF(Raw_Data!$C$2:$C$34,$A16,Raw_Data!$L$2:$L$34) -> 3.1776667 | M16: =AVERAGEIF(Raw_Data!$C$2:$C$34,$A16,Raw_Data!$M$2:$M$34) -> 5.1403333 | N16: =AVERAGEIF(Raw_Data!$C$2:$C$34,$A16,Raw_Data!$N$2:$N$34) -> 2.9703333 | O16: =AVERAGEIF(Raw_Data!$C$2:$C$34,$A16,Raw_Data!$O$2:$O$34) -> 4.745 | P16: =AVERAGEIF(Raw_Data!$C$2:$C$34,$A16,Raw_Data!$P$2:$P$34) -> 3.3426667 | Q16: =AVERAGEIF(Raw_Data!$C$2:$C$34,$A16,Raw_Data!$Q$2:$Q$34) -> 4.6823333 | R16: =AVERAGEIF(Raw_Data!$C$2:$C$34,$A16,Raw_Data!$R$2:$R$34) -> 88.284333 | S16: =SQRT(SUMPRODUCT((Raw_Data!$C$2:$C$34=$A16)*(Raw_Data!$D$2:$D$34-D16)^2)/($C16-1)) -> 0.56269204 | T16: =SQRT(SUMPRODUCT((Raw_Data!$C$2:$C$34=$A16)*(Raw_Data!$E$2:$E$34-E16)^2)/($C16-1)) -> 1.5003204 | U16: =SQRT(SUMPRODUCT((Raw_Data!$C$2:$C$34=$A16)*(Raw_Data!$F$2:$F$34-F16)^2)/($C16-1)) -> 0.90070213 | V16: =SQRT(SUMPRODUCT((Raw_Data!$C$2:$C$34=$A16)*(Raw_Data!$G$2:$G$34-G16)^2)/($C16-1)) -> 1.4129724 | W16: =SQRT(SUMPRODUCT((Raw_Data!$C$2:$C$34=$A16)*(Raw_Data!$H$2:$H$34-H16)^2)/($C16-1)) -> 0.16204012 | X16: =SQRT(SUMPRODUCT((Raw_Data!$C$2:$C$34=$A16)*(Raw_Data!$I$2:$I$34-I16)^2)/($C16-1)) -> 1.1055136 | Y16: =SQRT(SUMPRODUCT((Raw_Data!$C$2:$C$34=$A16)*(Raw_Data!$J$2:$J$34-J16)^2)/($C16-1)) -> 0.51773964 | Z16: =SQRT(SUMPRODUCT((Raw_Data!$C$2:$C$34=$A16)*(Raw_Data!$K$2:$K$34-K16)^2)/($C16-1)) -> 1.0519545 | AA16: =SQRT(SUMPRODUCT((Raw_Data!$C$2:$C$34=$A16)*(Raw_Data!$L$2:$L$34-L16)^2)/($C16-1)) -> 0.92122328 | AB16: =SQRT(SUMPRODUCT((Raw_Data!$C$2:$C$34=$A16)*(Raw_Data!$M$2:$M$34-M16)^2)/($C16-1)) -> 1.1261285 | AC16: =SQRT(SUMPRODUCT((Raw_Data!$C$2:$C$34=$A16)*(Raw_Data!$N$2:$N$34-N16)^2)/($C16-1)) -> 0.44372552 | AD16: =SQRT(SUMPRODUCT((Raw_Data!$C$2:$C$34=$A16)*(Raw_Data!$O$2:$O$34-O16)^2)/($C16-1)) -> 0.40454542 | AE16: =SQRT(SUMPRODUCT((Raw_Data!$C$2:$C$34=$A16)*(Raw_Data!$P$2:$P$34-P16)^2)/($C16-1)) -> 0.87757241 | AF16: =SQRT(SUMPRODUCT((Raw_Data!$C$2:$C$34=$A16)*(Raw_Data!$Q$2:$Q$34-Q16)^2)/($C16-1)) -> 0.64901566 | AG16: =SQRT(SUMPRODUCT((Raw_Data!$C$2:$C$34=$A16)*(Raw_Data!$R$2:$R$34-R16)^2)/($C16-1)) -> 3.9111662 | AH16: =SUMPRODUCT(MAX((Raw_Data!$C$2:$C$34=$A16)*Raw_Data!$D$2:$D$34)) -> 5.947 | AI16: =SUMPRODUCT(MAX((Raw_Data!$C$2:$C$34=$A16)*Raw_Data!$E$2:$E$34)) -> 7.352 | AJ16: =SUMPRODUCT(MAX((Raw_Data!$C$2:$C$34=$A16)*Raw_Data!$F$2:$F$34)) -> 6.235 | AK16: =SUMPRODUCT(MAX((Raw_Data!$C$2:$C$34=$A16)*Raw_Data!$G$2:$G$34)) -> 7.915 | AL16: =SUMPRODUCT(MAX((Raw_Data!$C$2:$C$34=$A16)*Raw_Data!$H$2:$H$34)) -> 7.531 | AM16: =SUMPRODUCT(MAX((Raw_Data!$C$2:$C$34=$A16)*Raw_Data!$I$2:$I$34)) -> 15.909 | AN16: =SUMPRODUCT(MAX((Raw_Data!$C$2:$C$34=$A16)*Raw_Data!$J$2:$J$34)) -> 6.714 | AO16: =SUMPRODUCT(MAX((Raw_Data!$C$2:$C$34=$A16)*Raw_Data!$K$2:$K$34)) -> 13.2 | AP16: =SUMPRODUCT(MAX((Raw_Data!$C$2:$C$34=$A16)*Raw_Data!$L$2:$L$34)) -> 4.234 | AQ16: =SUMPRODUCT(MAX((Raw_Data!$C$2:$C$34=$A16)*Raw_Data!$M$2:$M$34)) -> 6.355 | AR16: =SUMPRODUCT(MAX((Raw_Data!$C$2:$C$34=$A16)*Raw_Data!$N$2:$N$34)) -> 3.422 | AS16: =SUMPRODUCT(MAX((Raw_Data!$C$2:$C$34=$A16)*Raw_Data!$O$2:$O$34)) -> 5.153 | AT16: =SUMPRODUCT(MAX((Raw_Data!$C$2:$C$34=$A16)*Raw_Data!$P$2:$P$34)) -> 4.356 | AU16: =SUMPRODUCT(MAX((Raw_Data!$C$2:$C$34=$A16)*Raw_Data!$Q$2:$Q$34)) -> 5.393 | AV16: =SUMPRODUCT(MAX((Raw_Data!$C$2:$C$34=$A16)*Raw_Data!$R$2:$R$34)) -> 92.579
A17: Chayar Char | B17: Site | C17: =COUNTIF(Raw_Data!$C$2:$C$34,$A17) -> 3 | D17: =AVERAGEIF(Raw_Data!$C$2:$C$34,$A17,Raw_Data!$D$2:$D$34) -> 7.115 | E17: =AVERAGEIF(Raw_Data!$C$2:$C$34,$A17,Raw_Data!$E$2:$E$34) -> 9.2973333 | F17: =AVERAGEIF(Raw_Data!$C$2:$C$34,$A17,Raw_Data!$F$2:$F$34) -> 5.55 | G17: =AVERAGEIF(Raw_Data!$C$2:$C$34,$A17,Raw_Data!$G$2:$G$34) -> 8.2313333 | H17: =AVERAGEIF(Raw_Data!$C$2:$C$34,$A17,Raw_Data!$H$2:$H$34) -> 7.357 | I17: =AVERAGEIF(Raw_Data!$C$2:$C$34,$A17,Raw_Data!$I$2:$I$34) -> 16.916 | J17: =AVERAGEIF(Raw_Data!$C$2:$C$34,$A17,Raw_Data!$J$2:$J$34) -> 7.0643333 | K17: =AVERAGEIF(Raw_Data!$C$2:$C$34,$A17,Raw_Data!$K$2:$K$34) -> 10.976667 | L17: =AVERAGEIF(Raw_Data!$C$2:$C$34,$A17,Raw_Data!$L$2:$L$34) -> 3.354 | M17: =AVERAGEIF(Raw_Data!$C$2:$C$34,$A17,Raw_Data!$M$2:$M$34) -> 7.2586667 | N17: =AVERAGEIF(Raw_Data!$C$2:$C$34,$A17,Raw_Data!$N$2:$N$34) -> 3.7426667 | O17: =AVERAGEIF(Raw_Data!$C$2:$C$34,$A17,Raw_Data!$O$2:$O$34) -> 5.8973333 | P17: =AVERAGEIF(Raw_Data!$C$2:$C$34,$A17,Raw_Data!$P$2:$P$34) -> 4.4453333 | Q17: =AVERAGEIF(Raw_Data!$C$2:$C$34,$A17,Raw_Data!$Q$2:$Q$34) -> 5.611 | R17: =AVERAGEIF(Raw_Data!$C$2:$C$34,$A17,Raw_Data!$R$2:$R$34) -> 102.81667 | S17: =SQRT(SUMPRODUCT((Raw_Data!$C$2:$C$34=$A17)*(Raw_Data!$D$2:$D$34-D17)^2)/($C17-1)) -> 0.39728705 | T17: =SQRT(SUMPRODUCT((Raw_Data!$C$2:$C$34=$A17)*(Raw_Data!$E$2:$E$34-E17)^2)/($C17-1)) -> 0.89392244 | U17: =SQRT(SUMPRODUCT((Raw_Data!$C$2:$C$34=$A17)*(Raw_Data!$F$2:$F$34-F17)^2)/($C17-1)) -> 0.530282 | V17: =SQRT(SUMPRODUCT((Raw_Data!$C$2:$C$34=$A17)*(Raw_Data!$G$2:$G$34-G17)^2)/($C17-1)) -> 0.54601496 | W17: =SQRT(SUMPRODUCT((Raw_Data!$C$2:$C$34=$A17)*(Raw_Data!$H$2:$H$34-H17)^2)/($C17-1)) -> 1.3197106 | X17: =SQRT(SUMPRODUCT((Raw_Data!$C$2:$C$34=$A17)*(Raw_Data!$I$2:$I$34-I17)^2)/($C17-1)) -> 1.0699173 | Y17: =SQRT(SUMPRODUCT((Raw_Data!$C$2:$C$34=$A17)*(Raw_Data!$J$2:$J$34-J17)^2)/($C17-1)) -> 1.5195007 | Z17: =SQRT(SUMPRODUCT((Raw_Data!$C$2:$C$34=$A17)*(Raw_Data!$K$2:$K$34-K17)^2)/($C17-1)) -> 1.8681773 | AA17: =SQRT(SUMPRODUCT((Raw_Data!$C$2:$C$34=$A17)*(Raw_Data!$L$2:$L$34-L17)^2)/($C17-1)) -> 0.48285505 | AB17: =SQRT(SUMPRODUCT((Raw_Data!$C$2:$C$34=$A17)*(Raw_Data!$M$2:$M$34-M17)^2)/($C17-1)) -> 0.62162395 | AC17: =SQRT(SUMPRODUCT((Raw_Data!$C$2:$C$34=$A17)*(Raw_Data!$N$2:$N$34-N17)^2)/($C17-1)) -> 0.59042555 | AD17: =SQRT(SUMPRODUCT((Raw_Data!$C$2:$C$34=$A17)*(Raw_Data!$O$2:$O$34-O17)^2)/($C17-1)) -> 0.55250732 | AE17: =SQRT(SUMPRODUCT((Raw_Data!$C$2:$C$34=$A17)*(Raw_Data!$P$2:$P$34-P17)^2)/($C17-1)) -> 0.88920433 | AF17: =SQRT(SUMPRODUCT((Raw_Data!$C$2:$C$34=$A17)*(Raw_Data!$Q$2:$Q$34-Q17)^2)/($C17-1)) -> 1.0374122 | AG17: =SQRT(SUMPRODUCT((Raw_Data!$C$2:$C$34=$A17)*(Raw_Data!$R$2:$R$34-R17)^2)/($C17-1)) -> 6.5669057 | AH17: =SUMPRODUCT(MAX((Raw_Data!$C$2:$C$34=$A17)*Raw_Data!$D$2:$D$34)) -> 7.543 | AI17: =SUMPRODUCT(MAX((Raw_Data!$C$2:$C$34=$A17)*Raw_Data!$E$2:$E$34)) -> 9.926 | AJ17: =SUMPRODUCT(MAX((Raw_Data!$C$2:$C$34=$A17)*Raw_Data!$F$2:$F$34)) -> 5.963 | AK17: =SUMPRODUCT(MAX((Raw_Data!$C$2:$C$34=$A17)*Raw_Data!$G$2:$G$34)) -> 8.856 | AL17: =SUMPRODUCT(MAX((Raw_Data!$C$2:$C$34=$A17)*Raw_Data!$H$2:$H$34)) -> 8.211 | AM17: =SUMPRODUCT(MAX((Raw_Data!$C$2:$C$34=$A17)*Raw_Data!$I$2:$I$34)) -> 18.025 | AN17: =SUMPRODUCT(MAX((Raw_Data!$C$2:$C$34=$A17)*Raw_Data!$J$2:$J$34)) -> 8.151 | AO17: =SUMPRODUCT(MAX((Raw_Data!$C$2:$C$34=$A17)*Raw_Data!$K$2:$K$34)) -> 12.987 | AP17: =SUMPRODUCT(MAX((Raw_Data!$C$2:$C$34=$A17)*Raw_Data!$L$2:$L$34)) -> 3.654 | AQ17: =SUMPRODUCT(MAX((Raw_Data!$C$2:$C$34=$A17)*Raw_Data!$M$2:$M$34)) -> 7.629 | AR17: =SUMPRODUCT(MAX((Raw_Data!$C$2:$C$34=$A17)*Raw_Data!$N$2:$N$34)) -> 4.293 | AS17: =SUMPRODUCT(MAX((Raw_Data!$C$2:$C$34=$A17)*Raw_Data!$O$2:$O$34)) -> 6.475 | AT17: =SUMPRODUCT(MAX((Raw_Data!$C$2:$C$34=$A17)*Raw_Data!$P$2:$P$34)) -> 5.467 | AU17: =SUMPRODUCT(MAX((Raw_Data!$C$2:$C$34=$A17)*Raw_Data!$Q$2:$Q$34)) -> 6.539 | AV17: =SUMPRODUCT(MAX((Raw_Data!$C$2:$C$34=$A17)*Raw_Data!$R$2:$R$34)) -> 109.858
A18: Kalurghat | B18: Site | C18: =COUNTIF(Raw_Data!$C$2:$C$34,$A18) -> 3 | D18: =AVERAGEIF(Raw_Data!$C$2:$C$34,$A18,Raw_Data!$D$2:$D$34) -> 9.0266667 | E18: =AVERAGEIF(Raw_Data!$C$2:$C$34,$A18,Raw_Data!$E$2:$E$34) -> 12.4524 | F18: =AVERAGEIF(Raw_Data!$C$2:$C$34,$A18,Raw_Data!$F$2:$F$34) -> 9.238 | G18: =AVERAGEIF(Raw_Data!$C$2:$C$34,$A18,Raw_Data!$G$2:$G$34) -> 10.465333 | H18: =AVERAGEIF(Raw_Data!$C$2:$C$34,$A18,Raw_Data!$H$2:$H$34) -> 9.1506667 | I18: =AVERAGEIF(Raw_Data!$C$2:$C$34,$A18,Raw_Data!$I$2:$I$34) -> 21.214667 | J18: =AVERAGEIF(Raw_Data!$C$2:$C$34,$A18,Raw_Data!$J$2:$J$34) -> 8.2456667 | K18: =AVERAGEIF(Raw_Data!$C$2:$C$34,$A18,Raw_Data!$K$2:$K$34) -> 13.670333 | L18: =AVERAGEIF(Raw_Data!$C$2:$C$34,$A18,Raw_Data!$L$2:$L$34) -> 5.27 | M18: =AVERAGEIF(Raw_Data!$C$2:$C$34,$A18,Raw_Data!$M$2:$M$34) -> 13.517 | N18: =AVERAGEIF(Raw_Data!$C$2:$C$34,$A18,Raw_Data!$N$2:$N$34) -> 6.5236667 | O18: =AVERAGEIF(Raw_Data!$C$2:$C$34,$A18,Raw_Data!$O$2:$O$34) -> 8.6383333 | P18: =AVERAGEIF(Raw_Data!$C$2:$C$34,$A18,Raw_Data!$P$2:$P$34) -> 5.9156667 | Q18: =AVERAGEIF(Raw_Data!$C$2:$C$34,$A18,Raw_Data!$Q$2:$Q$34) -> 8.7763333 | R18: =AVERAGEIF(Raw_Data!$C$2:$C$34,$A18,Raw_Data!$R$2:$R$34) -> 142.10473 | S18: =SQRT(SUMPRODUCT((Raw_Data!$C$2:$C$34=$A18)*(Raw_Data!$D$2:$D$34-D18)^2)/($C18-1)) -> 1.8945481 | T18: =SQRT(SUMPRODUCT((Raw_Data!$C$2:$C$34=$A18)*(Raw_Data!$E$2:$E$34-E18)^2)/($C18-1)) -> 2.9857899 | U18: =SQRT(SUMPRODUCT((Raw_Data!$C$2:$C$34=$A18)*(Raw_Data!$F$2:$F$34-F18)^2)/($C18-1)) -> 0.35948435 | V18: =SQRT(SUMPRODUCT((Raw_Data!$C$2:$C$34=$A18)*(Raw_Data!$G$2:$G$34-G18)^2)/($C18-1)) -> 0.25316859 | W18: =SQRT(SUMPRODUCT((Raw_Data!$C$2:$C$34=$A18)*(Raw_Data!$H$2:$H$34-H18)^2)/($C18-1)) -> 1.4080037 | X18: =SQRT(SUMPRODUCT((Raw_Data!$C$2:$C$34=$A18)*(Raw_Data!$I$2:$I$34-I18)^2)/($C18-1)) -> 2.0130478 | Y18: =SQRT(SUMPRODUCT((Raw_Data!$C$2:$C$34=$A18)*(Raw_Data!$J$2:$J$34-J18)^2)/($C18-1)) -> 1.0667227 | Z18: =SQRT(SUMPRODUCT((Raw_Data!$C$2:$C$34=$A18)*(Raw_Data!$K$2:$K$34-K18)^2)/($C18-1)) -> 1.5217741 | AA18: =SQRT(SUMPRODUCT((Raw_Data!$C$2:$C$34=$A18)*(Raw_Data!$L$2:$L$34-L18)^2)/($C18-1)) -> 0.21444813 | AB18: =SQRT(SUMPRODUCT((Raw_Data!$C$2:$C$34=$A18)*(Raw_Data!$M$2:$M$34-M18)^2)/($C18-1)) -> 0.98006377 | AC18: =SQRT(SUMPRODUCT((Raw_Data!$C$2:$C$34=$A18)*(Raw_Data!$N$2:$N$34-N18)^2)/($C18-1)) -> 0.21792277 | AD18: =SQRT(SUMPRODUCT((Raw_Data!$C$2:$C$34=$A18)*(Raw_Data!$O$2:$O$34-O18)^2)/($C18-1)) -> 1.0956096 | AE18: =SQRT(SUMPRODUCT((Raw_Data!$C$2:$C$34=$A18)*(Raw_Data!$P$2:$P$34-P18)^2)/($C18-1)) -> 0.81145076 | AF18: =SQRT(SUMPRODUCT((Raw_Data!$C$2:$C$34=$A18)*(Raw_Data!$Q$2:$Q$34-Q18)^2)/($C18-1)) -> 1.2223364 | AG18: =SQRT(SUMPRODUCT((Raw_Data!$C$2:$C$34=$A18)*(Raw_Data!$R$2:$R$34-R18)^2)/($C18-1)) -> 3.9256189 | AH18: =SUMPRODUCT(MAX((Raw_Data!$C$2:$C$34=$A18)*Raw_Data!$D$2:$D$34)) -> 11.138 | AI18: =SUMPRODUCT(MAX((Raw_Data!$C$2:$C$34=$A18)*Raw_Data!$E$2:$E$34)) -> 15.7972 | AJ18: =SUMPRODUCT(MAX((Raw_Data!$C$2:$C$34=$A18)*Raw_Data!$F$2:$F$34)) -> 9.546 | AK18: =SUMPRODUCT(MAX((Raw_Data!$C$2:$C$34=$A18)*Raw_Data!$G$2:$G$34)) -> 10.612 | AL18: =SUMPRODUCT(MAX((Raw_Data!$C$2:$C$34=$A18)*Raw_Data!$H$2:$H$34)) -> 9.983 | AM18: =SUMPRODUCT(MAX((Raw_Data!$C$2:$C$34=$A18)*Raw_Data!$I$2:$I$34)) -> 23.15 | AN18: =SUMPRODUCT(MAX((Raw_Data!$C$2:$C$34=$A18)*Raw_Data!$J$2:$J$34)) -> 9.437 | AO18: =SUMPRODUCT(MAX((Raw_Data!$C$2:$C$34=$A18)*Raw_Data!$K$2:$K$34)) -> 14.618 | AP18: =SUMPRODUCT(MAX((Raw_Data!$C$2:$C$34=$A18)*Raw_Data!$L$2:$L$34)) -> 5.476 | AQ18: =SUMPRODUCT(MAX((Raw_Data!$C$2:$C$34=$A18)*Raw_Data!$M$2:$M$34)) -> 14.612 | AR18: =SUMPRODUCT(MAX((Raw_Data!$C$2:$C$34=$A18)*Raw_Data!$N$2:$N$34)) -> 6.749 | AS18: =SUMPRODUCT(MAX((Raw_Data!$C$2:$C$34=$A18)*Raw_Data!$O$2:$O$34)) -> 9.478 | AT18: =SUMPRODUCT(MAX((Raw_Data!$C$2:$C$34=$A18)*Raw_Data!$P$2:$P$34)) -> 6.846 | AU18: =SUMPRODUCT(MAX((Raw_Data!$C$2:$C$34=$A18)*Raw_Data!$Q$2:$Q$34)) -> 10.176 | AV18: =SUMPRODUCT(MAX((Raw_Data!$C$2:$C$34=$A18)*Raw_Data!$R$2:$R$34)) -> 145.173

Sheet Diagnostic_Ratios
A1: Source-diagnostic ratios based on site mean concentrations (ng/L)
A3: Site | B3: ΣDDT (o,p'+p,p') | C3: ΣDDD | D3: ΣDDE | E3: DDT/(DDD+DDE) | F3: (DDD+DDE)/ΣDDT | G3: DDD/DDE | H3: ΣHCH | I3: α-HCH (% ΣHCH) | J3: β-HCH (% ΣHCH) | K3: α/γ-HCH | L3: Interpretation (DDT) | M3: Interpretation (HCH)
A4: Bhujpur Dam | B4: =Zone_Site_Means!$D$8+Zone_Site_Means!$E$8 -> 4.2956667 | C4: =Zone_Site_Means!$F$8+Zone_Site_Means!$G$8 -> 4.939 | D4: =Zone_Site_Means!$H$8+Zone_Site_Means!$I$8 -> 12.165667 | E4: =IF((C4+D4)=0,"n/a",B4/(C4+D4)) -> 0.25114004 | F4: =IF((B4+C4+D4)=0,"n/a",(C4+D4)/(B4+C4+D4)) -> 0.79927104 | G4: =IF(D4=0,"undefined (DDE nd)",C4/D4) -> 0.40597857 | H4: =Zone_Site_Means!$J$8+Zone_Site_Means!$K$8+Zone_Site_Means!$L$8+Zone_Site_Means!$M$8 -> 7.8726667 | I4: =IF(H4=0,"n/a",Zone_Site_Means!$J$8/H4*100) -> 34.956389 | J4: =IF(H4=0,"n/a",Zone_Site_Means!$K$8/H4*100) -> 52.341434 | K4: =IF(Zone_Site_Means!$L$8=0,"undefined (γ-HCH nd)",Zone_Site_Means!$J$8/Zone_Site_Means!$L$8) -> 5.504 | L4: =IF(E4="n/a","n/a",IF(E4>1,"Fresh DDT input (ratio > 1)","Aged DDT residue (ratio < 1)")) -> Aged DDT residue (ratio < 1) | M4: =IF(H4=0,"no HCH detected",IF(J4>10,"Weathered technical HCH (β-enriched, no γ)","Technical HCH")) -> Weathered technical HCH (β-enriched, no γ)
A5: Ekkhuliya | B5: =Zone_Site_Means!$D$9+Zone_Site_Means!$E$9 -> 1 | C5: =Zone_Site_Means!$F$9+Zone_Site_Means!$G$9 -> 1 | D5: =Zone_Site_Means!$H$9+Zone_Site_Means!$I$9 -> 8.7096667 | E5: =IF((C5+D5)=0,"n/a",B5/(C5+D5)) -> 0.10299015 | F5: =IF((B5+C5+D5)=0,"n/a",(C5+D5)/(B5+C5+D5)) -> 0.90662641 | G5: =IF(D5=0,"undefined (DDE nd)",C5/D5) -> 0.11481496 | H5: =Zone_Site_Means!$J$9+Zone_Site_Means!$K$9+Zone_Site_Means!$L$9+Zone_Site_Means!$M$9 -> 4.8586667 | I5: =IF(H5=0,"n/a",Zone_Site_Means!$J$9/H5*100) -> 29.246707 | J5: =IF(H5=0,"n/a",Zone_Site_Means!$K$9/H5*100) -> 50.171515 | K5: =IF(Zone_Site_Means!$L$9=0,"undefined (γ-HCH nd)",Zone_Site_Means!$J$9/Zone_Site_Means!$L$9) -> 2.842 | L5: =IF(E5="n/a","n/a",IF(E5>1,"Fresh DDT input (ratio > 1)","Aged DDT residue (ratio < 1)")) -> Aged DDT residue (ratio < 1) | M5: =IF(H5=0,"no HCH detected",IF(J5>10,"Weathered technical HCH (β-enriched, no γ)","Technical HCH")) -> Weathered technical HCH (β-enriched, no γ)
A6: Nazirhat | B6: =Zone_Site_Means!$D$10+Zone_Site_Means!$E$10 -> 12.536 | C6: =Zone_Site_Means!$F$10+Zone_Site_Means!$G$10 -> 7.657 | D6: =Zone_Site_Means!$H$10+Zone_Site_Means!$I$10 -> 20.632667 | E6: =IF((C6+D6)=0,"n/a",B6/(C6+D6)) -> 0.44313 | F6: =IF((B6+C6+D6)=0,"n/a",(C6+D6)/(B6+C6+D6)) -> 0.69293827 | G6: =IF(D6=0,"undefined (DDE nd)",C6/D6) -> 0.37111054 | H6: =Zone_Site_Means!$J$10+Zone_Site_Means!$K$10+Zone_Site_Means!$L$10+Zone_Site_Means!$M$10 -> 24.674667 | I6: =IF(H6=0,"n/a",Zone_Site_Means!$J$10/H6*100) -> 24.717659 | J6: =IF(H6=0,"n/a",Zone_Site_Means!$K$10/H6*100) -> 48.650438 | K6: =IF(Zone_Site_Means!$L$10=0,"undefined (γ-HCH nd)",Zone_Site_Means!$J$10/Zone_Site_Means!$L$10) -> 2.1883746 | L6: =IF(E6="n/a","n/a",IF(E6>1,"Fresh DDT input (ratio > 1)","Aged DDT residue (ratio < 1)")) -> Aged DDT residue (ratio < 1) | M6: =IF(H6=0,"no HCH detected",IF(J6>10,"Weathered technical HCH (β-enriched, no γ)","Technical HCH")) -> Weathered technical HCH (β-enriched, no γ)
A7: Sekandar Para | B7: =Zone_Site_Means!$D$11+Zone_Site_Means!$E$11 -> 6.7716667 | C7: =Zone_Site_Means!$F$11+Zone_Site_Means!$G$11 -> 4.8803333 | D7: =Zone_Site_Means!$H$11+Zone_Site_Means!$I$11 -> 14.496333 | E7: =IF((C7+D7)=0,"n/a",B7/(C7+D7)) -> 0.34947531 | F7: =IF((B7+C7+D7)=0,"n/a",(C7+D7)/(B7+C7+D7)) -> 0.74102875 | G7: =IF(D7=0,"undefined (DDE nd)",C7/D7) -> 0.33665985 | H7: =Zone_Site_Means!$J$11+Zone_Site_Means!$K$11+Zone_Site_Means!$L$11+Zone_Site_Means!$M$11 -> 8.576 | I7: =IF(H7=0,"n/a",Zone_Site_Means!$J$11/H7*100) -> 30.017879 | J7: =IF(H7=0,"n/a",Zone_Site_Means!$K$11/H7*100) -> 58.321673 | K7: =IF(Zone_Site_Means!$L$11=0,"undefined (γ-HCH nd)",Zone_Site_Means!$J$11/Zone_Site_Means!$L$11) -> 5.1486667 | L7: =IF(E7="n/a","n/a",IF(E7>1,"Fresh DDT input (ratio > 1)","Aged DDT residue (ratio < 1)")) -> Aged DDT residue (ratio < 1) | M7: =IF(H7=0,"no HCH detected",IF(J7>10,"Weathered technical HCH (β-enriched, no γ)","Technical HCH")) -> Weathered technical HCH (β-enriched, no γ)
A8: Nichintapur | B8: =Zone_Site_Means!$D$12+Zone_Site_Means!$E$12 -> 6.28 | C8: =Zone_Site_Means!$F$12+Zone_Site_Means!$G$12 -> 5.2903333 | D8: =Zone_Site_Means!$H$12+Zone_Site_Means!$I$12 -> 19.289333 | E8: =IF((C8+D8)=0,"n/a",B8/(C8+D8)) -> 0.25549573 | F8: =IF((B8+C8+D8)=0,"n/a",(C8+D8)/(B8+C8+D8)) -> 0.79649813 | G8: =IF(D8=0,"undefined (DDE nd)",C8/D8) -> 0.27426211 | H8: =Zone_Site_Means!$J$12+Zone_Site_Means!$K$12+Zone_Site_Means!$L$12+Zone_Site_Means!$M$12 -> 12.927567 | I8: =IF(H8=0,"n/a",Zone_Site_Means!$J$12/H8*100) -> 25.480433 | J8: =IF(H8=0,"n/a",Zone_Site_Means!$K$12/H8*100) -> 50.442594 | K8: =IF(Zone_Site_Means!$L$12=0,"undefined (γ-HCH nd)",Zone_Site_Means!$J$12/Zone_Site_Means!$L$12) -> 6.588 | L8: =IF(E8="n/a","n/a",IF(E8>1,"Fresh DDT input (ratio > 1)","Aged DDT residue (ratio < 1)")) -> Aged DDT residue (ratio < 1) | M8: =IF(H8=0,"no HCH detected",IF(J8>10,"Weathered technical HCH (β-enriched, no γ)","Technical HCH")) -> Weathered technical HCH (β-enriched, no γ)
A9: Nadimpur | B9: =Zone_Site_Means!$D$13+Zone_Site_Means!$E$13 -> 7.778 | C9: =Zone_Site_Means!$F$13+Zone_Site_Means!$G$13 -> 7.2256667 | D9: =Zone_Site_Means!$H$13+Zone_Site_Means!$I$13 -> 20.526333 | E9: =IF((C9+D9)=0,"n/a",B9/(C9+D9)) -> 0.28026809 | F9: =IF((B9+C9+D9)=0,"n/a",(C9+D9)/(B9+C9+D9)) -> 0.78108641 | G9: =IF(D9=0,"undefined (DDE nd)",C9/D9) -> 0.35201936 | H9: =Zone_Site_Means!$J$13+Zone_Site_Means!$K$13+Zone_Site_Means!$L$13+Zone_Site_Means!$M$13 -> 16.590667 | I9: =IF(H9=0,"n/a",Zone_Site_Means!$J$13/H9*100) -> 26.43856 | J9: =IF(H9=0,"n/a",Zone_Site_Means!$K$13/H9*100) -> 46.130354 | K9: =IF(Zone_Site_Means!$L$13=0,"undefined (γ-HCH nd)",Zone_Site_Means!$J$13/Zone_Site_Means!$L$13) -> 2.7227395 | L9: =IF(E9="n/a","n/a",IF(E9>1,"Fresh DDT input (ratio > 1)","Aged DDT residue (ratio < 1)")) -> Aged DDT residue (ratio < 1) | M9: =IF(H9=0,"no HCH detected",IF(J9>10,"Weathered technical HCH (β-enriched, no γ)","Technical HCH")) -> Weathered technical HCH (β-enriched, no γ)
A10: West Binajuri | B10: =Zone_Site_Means!$D$14+Zone_Site_Means!$E$14 -> 8.269 | C10: =Zone_Site_Means!$F$14+Zone_Site_Means!$G$14 -> 8.8656667 | D10: =Zone_Site_Means!$H$14+Zone_Site_Means!$I$14 -> 20.128333 | E10: =IF((C10+D10)=0,"n/a",B10/(C10+D10)) -> 0.28519694 | F10: =IF((B10+C10+D10)=0,"n/a",(C10+D10)/(B10+C10+D10)) -> 0.77809087 | G10: =IF(D10=0,"undefined (DDE nd)",C10/D10) -> 0.44045707 | H10: =Zone_Site_Means!$J$14+Zone_Site_Means!$K$14+Zone_Site_Means!$L$14+Zone_Site_Means!$M$14 -> 22.362167 | I10: =IF(H10=0,"n/a",Zone_Site_Means!$J$14/H10*100) -> 24.989379 | J10: =IF(H10=0,"n/a",Zone_Site_Means!$K$14/H10*100) -> 49.230471 | K10: =IF(Zone_Site_Means!$L$14=0,"undefined (γ-HCH nd)",Zone_Site_Means!$J$14/Zone_Site_Means!$L$14) -> 2.4388275 | L10: =IF(E10="n/a","n/a",IF(E10>1,"Fresh DDT input (ratio > 1)","Aged DDT residue (ratio < 1)")) -> Aged DDT residue (ratio < 1) | M10: =IF(H10=0,"no HCH detected",IF(J10>10,"Weathered technical HCH (β-enriched, no γ)","Technical HCH")) -> Weathered technical HCH (β-enriched, no γ)
A11: Napiter Ghona | B11: =Zone_Site_Means!$D$15+Zone_Site_Means!$E$15 -> 9.7076667 | C11: =Zone_Site_Means!$F$15+Zone_Site_Means!$G$15 -> 8.962 | D11: =Zone_Site_Means!$H$15+Zone_Site_Means!$I$15 -> 21.336333 | E11: =IF((C11+D11)=0,"n/a",B11/(C11+D11)) -> 0.32040266 | F11: =IF((B11+C11+D11)=0,"n/a",(C11+D11)/(B11+C11+D11)) -> 0.75734473 | G11: =IF(D11=0,"undefined (DDE nd)",C11/D11) -> 0.42003468 | H11: =Zone_Site_Means!$J$15+Zone_Site_Means!$K$15+Zone_Site_Means!$L$15+Zone_Site_Means!$M$15 -> 21.071667 | I11: =IF(H11=0,"n/a",Zone_Site_Means!$J$15/H11*100) -> 22.804714 | J11: =IF(H11=0,"n/a",Zone_Site_Means!$K$15/H11*100) -> 44.940283 | K11: =IF(Zone_Site_Means!$L$15=0,"undefined (γ-HCH nd)",Zone_Site_Means!$J$15/Zone_Site_Means!$L$15) -> 2.4265275 | L11: =IF(E11="n/a","n/a",IF(E11>1,"Fresh DDT input (ratio > 1)","Aged DDT residue (ratio < 1)")) -> Aged DDT residue (ratio < 1) | M11: =IF(H11=0,"no HCH detected",IF(J11>10,"Weathered technical HCH (β-enriched, no γ)","Technical HCH")) -> Weathered technical HCH (β-enriched, no γ)
A12: Horekrishno Mohajoner Tek | B12: =Zone_Site_Means!$D$16+Zone_Site_Means!$E$16 -> 11.384667 | C12: =Zone_Site_Means!$F$16+Zone_Site_Means!$G$16 -> 12.156667 | D12: =Zone_Site_Means!$H$16+Zone_Site_Means!$I$16 -> 22.445667 | E12: =IF((C12+D12)=0,"n/a",B12/(C12+D12)) -> 0.32901442 | F12: =IF((B12+C12+D12)=0,"n/a",(C12+D12)/(B12+C12+D12)) -> 0.75243728 | G12: =IF(D12=0,"undefined (DDE nd)",C12/D12) -> 0.54160417 | H12: =Zone_Site_Means!$J$16+Zone_Site_Means!$K$16+Zone_Site_Means!$L$16+Zone_Site_Means!$M$16 -> 26.557 | I12: =IF(H12=0,"n/a",Zone_Site_Means!$J$16/H12*100) -> 23.128867 | J12: =IF(H12=0,"n/a",Zone_Site_Means!$K$16/H12*100) -> 45.549824 | K12: =IF(Zone_Site_Means!$L$16=0,"undefined (γ-HCH nd)",Zone_Site_Means!$J$16/Zone_Site_Means!$L$16) -> 1.9329697 | L12: =IF(E12="n/a","n/a",IF(E12>1,"Fresh DDT input (ratio > 1)","Aged DDT residue (ratio < 1)")) -> Aged DDT residue (ratio < 1) | M12: =IF(H12=0,"no HCH detected",IF(J12>10,"Weathered technical HCH (β-enriched, no γ)","Technical HCH")) -> Weathered technical HCH (β-enriched, no γ)
A13: Chayar Char | B13: =Zone_Site_Means!$D$17+Zone_Site_Means!$E$17 -> 16.412333 | C13: =Zone_Site_Means!$F$17+Zone_Site_Means!$G$17 -> 13.781333 | D13: =Zone_Site_Means!$H$17+Zone_Site_Means!$I$17 -> 24.273 | E13: =IF((C13+D13)=0,"n/a",B13/(C13+D13)) -> 0.43128684 | F13: =IF((B13+C13+D13)=0,"n/a",(C13+D13)/(B13+C13+D13)) -> 0.69867197 | G13: =IF(D13=0,"undefined (DDE nd)",C13/D13) -> 0.56776391 | H13: =Zone_Site_Means!$J$17+Zone_Site_Means!$K$17+Zone_Site_Means!$L$17+Zone_Site_Means!$M$17 -> 28.653667 | I13: =IF(H13=0,"n/a",Zone_Site_Means!$J$17/H13*100) -> 24.654204 | J13: =IF(H13=0,"n/a",Zone_Site_Means!$K$17/H13*100) -> 38.30807 | K13: =IF(Zone_Site_Means!$L$17=0,"undefined (γ-HCH nd)",Zone_Site_Means!$J$17/Zone_Site_Means!$L$17) -> 2.1062413 | L13: =IF(E13="n/a","n/a",IF(E13>1,"Fresh DDT input (ratio > 1)","Aged DDT residue (ratio < 1)")) -> Aged DDT residue (ratio < 1) | M13: =IF(H13=0,"no HCH detected",IF(J13>10,"Weathered technical HCH (β-enriched, no γ)","Technical HCH")) -> Weathered technical HCH (β-enriched, no γ)
A14: Kalurghat | B14: =Zone_Site_Means!$D$18+Zone_Site_Means!$E$18 -> 21.479067 | C14: =Zone_Site_Means!$F$18+Zone_Site_Means!$G$18 -> 19.703333 | D14: =Zone_Site_Means!$H$18+Zone_Site_Means!$I$18 -> 30.365333 | E14: =IF((C14+D14)=0,"n/a",B14/(C14+D14)) -> 0.42899218 | F14: =IF((B14+C14+D14)=0,"n/a",(C14+D14)/(B14+C14+D14)) -> 0.69979389 | G14: =IF(D14=0,"undefined (DDE nd)",C14/D14) -> 0.64887591 | H14: =Zone_Site_Means!$J$18+Zone_Site_Means!$K$18+Zone_Site_Means!$L$18+Zone_Site_Means!$M$18 -> 40.703 | I14: =IF(H14=0,"n/a",Zone_Site_Means!$J$18/H14*100) -> 20.25813 | J14: =IF(H14=0,"n/a",Zone_Site_Means!$K$18/H14*100) -> 33.585567 | K14: =IF(Zone_Site_Means!$L$18=0,"undefined (γ-HCH nd)",Zone_Site_Means!$J$18/Zone_Site_Means!$L$18) -> 1.5646426 | L14: =IF(E14="n/a","n/a",IF(E14>1,"Fresh DDT input (ratio > 1)","Aged DDT residue (ratio < 1)")) -> Aged DDT residue (ratio < 1) | M14: =IF(H14=0,"no HCH detected",IF(J14>10,"Weathered technical HCH (β-enriched, no γ)","Technical HCH")) -> Weathered technical HCH (β-enriched, no γ)

Sheet Parameters
A1: Exposure parameters, toxicity values and guideline values
A3: Unit conversion: raw data unit → µg/L | B3: factor
A4: ng/L → µg/L factor | B4: 0.001
A5: µg/L → mg/L factor | B5: 0.001
A7: Exposure parameter | B7: Symbol | C7: Adult | D7: Child | E7: Unit | F7: Source
A8: Body weight | B8: BW | C8: 70 | D8: 15 | E8: kg | F8: USEPA Exposure Factors Handbook (2011)
A9: Water ingestion rate | B9: IR | C9: 2 | D9: 1 | E9: L/day | F9: USEPA (1989, 2011)
A10: Exposure frequency | B10: EF | C10: 365 | D10: 365 | E10: days/yr | F10: USEPA (1989)
A11: Exposure duration | B11: ED | C11: 70 | D11: 6 | E11: yr | F11: USEPA (1989)
A12: Skin surface area | B12: SA | C12: 18000 | D12: 6600 | E12: cm² | F12: USEPA RAGS Part E (2004)
A13: Exposure time (bathing) | B13: ET | C13: 0.58 | D13: 1 | E13: h/day | F13: USEPA RAGS Part E (2004)
A14: Conversion factor | B14: CF | C14: 0.001 | D14: 0.001 | E14: L/cm³ | F14: unit conversion
A15: Averaging time, non-carcinogenic | B15: AT_nc | C15: =C11*365 -> 25550 | D15: =D11*365 -> 2190 | E15: days | F15: ED × 365
A16: Averaging time, carcinogenic | B16: AT_c | C16: =70*365 -> 25550 | D16: =70*365 -> 25550 | E16: days | F16: 70 yr × 365
A19: Toxicity values and dermal permeability
A20: Compound | B20: RfD (mg/kg-day) | C20: CSF (mg/kg-day)^-1 | D20: log Kow | E20: MW (g/mol) | F20: Kp (cm/h) = 10^(-2.80+0.66·logKow-0.0056·MW) | G20: PNEC (µg/L) | H20: PNEC basis | I20: USEPA CMC acute (µg/L) | J20: USEPA CCC chronic (µg/L) | K20: EU AA-EQS (µg/L) | L20: CCME FAL (µg/L) | M20: WHO drinking water (µg/L) | N20: RfD/CSF basis
A21: o,p'-DDT | B21: 0.0005 | C21: 0.34 | D21: 6.79 | E21: 354.49 | F21: =10^(-2.8+0.66*D21-0.0056*E21) -> 0.49688513 | G21: 0.001 | H21: USEPA CCC, DDT & metabolites (1980/1986) | I21: 1.1 | J21: 0.001 | K21: 0.025 | L21: – | M21: 1 | N21: USEPA IRIS (DDT)
A22: p,p'-DDT | B22: 0.0005 | C22: 0.34 | D22: 6.91 | E22: 354.49 | F22: =10^(-2.8+0.66*D22-0.0056*E22) -> 0.5962879 | G22: 0.001 | H22: USEPA CCC, DDT & metabolites | I22: 1.1 | J22: 0.001 | K22: 0.01 | L22: – | M22: 1 | N22: USEPA IRIS (DDT)
A23: o,p'-DDD | B23: 0.0005 | C23: 0.34 | D23: 5.87 | E23: 320.04 | F23: =10^(-2.8+0.66*D23-0.0056*E23) -> 0.19141501 | G23: 0.001 | H23: USEPA CCC, DDT & metabolites | I23: – | J23: 0.001 | K23: 0.025 | L23: – | M23: 1 | N23: Surrogate: DDT (IRIS)
A24: p,p'-DDD | B24: 0.0005 | C24: 0.34 | D24: 6.02 | E24: 320.04 | F24: =10^(-2.8+0.66*D24-0.0056*E24) -> 0.24042299 | G24: 0.001 | H24: USEPA CCC, DDT & metabolites | I24: – | J24: 0.001 | K24: 0.025 | L24: – | M24: 1 | N24: Surrogate: DDT (IRIS)
A25: o,p'-DDE | B25: 0.0005 | C25: 0.34 | D25: 6 | E25: 318.03 | F25: =10^(-2.8+0.66*D25-0.0056*E25) -> 0.23934921 | G25: 0.001 | H25: USEPA CCC, DDT & metabolites | I25: – | J25: 0.001 | K25: 0.025 | L25: – | M25: 1 | N25: Surrogate: DDT (IRIS)
A26: p,p'-DDE | B26: 0.0005 | C26: 0.34 | D26: 6.51 | E26: 318.03 | F26: =10^(-2.8+0.66*D26-0.0056*E26) -> 0.51955556 | G26: 0.001 | H26: USEPA CCC, DDT & metabolites | I26: – | J26: 0.001 | K26: 0.025 | L26: – | M26: 1 | N26: Surrogate: DDT (IRIS)
A27: α-HCH | B27: 0.0003 | C27: 6.3 | D27: 3.8 | E27: 290.83 | F27: =10^(-2.8+0.66*D27-0.0056*E27) -> 0.012004719 | G27: 0.02 | H27: EU AA-EQS, ΣHCH inland waters (2013/39/EU) | I27: – | J27: – | K27: 0.02 | L27: – | M27: – | N27: RfD surrogate γ-HCH; CSF IRIS
A28: β-HCH | B28: 0.0003 | C28: 1.8 | D28: 3.78 | E28: 290.83 | F28: =10^(-2.8+0.66*D28-0.0056*E28) -> 0.011645335 | G28: 0.02 | H28: EU AA-EQS, ΣHCH inland waters | I28: – | J28: – | K28: 0.02 | L28: – | M28: – | N28: RfD surrogate γ-HCH; CSF IRIS
A29: γ-HCH (Lindane) | B29: 0.0003 | C29: 1.3 | D29: 3.72 | E29: 290.83 | F29: =10^(-2.8+0.66*D29-0.0056*E29) -> 0.010630459 | G29: 0.01 | H29: CCME freshwater aquatic life (lindane) | I29: 0.95 | J29: – | K29: 0.02 | L29: 0.01 | M29: 2 | N29: USEPA IRIS
A30: δ-HCH | B30: 0.0003 | C30: 0 | D30: 4.14 | E30: 290.83 | F30: =10^(-2.8+0.66*D30-0.0056*E30) -> 0.020125747 | G30: 0.02 | H30: EU AA-EQS, ΣHCH inland waters | I30: – | J30: – | K30: 0.02 | L30: – | M30: – | N30: RfD surrogate γ-HCH; CSF not classified
A31: Aldrin | B31: 3e-05 | C31: 17 | D31: 6.5 | E31: 364.91 | F31: =10^(-2.8+0.66*D31-0.0056*E31) -> 0.27957865 | G31: 0.004 | H31: CCME freshwater aquatic life (aldrin + dieldrin) | I31: 3 | J31: – | K31: 0.01 | L31: 0.004 | M31: 0.03 | N31: USEPA IRIS
A32: Dieldrin | B32: 5e-05 | C32: 16 | D32: 5.4 | E32: 380.91 | F32: =10^(-2.8+0.66*D32-0.0056*E32) -> 0.042746838 | G32: 0.004 | H32: CCME (aldrin + dieldrin) | I32: 0.24 | J32: 0.056 | K32: 0.01 | L32: 0.004 | M32: 0.03 | N32: USEPA IRIS
A33: Heptachlor | B33: 0.0005 | C33: 4.5 | D33: 6.1 | E33: 373.32 | F33: =10^(-2.8+0.66*D33-0.0056*E33) -> 0.13658657 | G33: 0.0038 | H33: USEPA CCC freshwater (heptachlor) | I33: 0.52 | J33: 0.0038 | K33: 2e-07 | L33: 0.01 | M33: – | N33: USEPA IRIS
A34: Heptachlor epoxide | B34: 1.3e-05 | C34: 9.1 | D34: 4.98 | E34: 389.32 | F34: =10^(-2.8+0.66*D34-0.0056*E34) -> 0.020258533 | G34: 0.0038 | H34: USEPA CCC freshwater (heptachlor epoxide) | I34: 0.52 | J34: 0.0038 | K34: 2e-07 | L34: 0.01 | M34: – | N34: USEPA IRIS

Sheet Health_Risk
A1: Human health risk from water exposure (ingestion + dermal) — per compound, grouping and receptor
A2: CDI_ing = C×IR×EF×ED/(BW×AT_nc); DAD = C×SA×Kp×ET×EF×ED×CF/(BW×AT_nc); THQ = dose/RfD; LADD = dose×AT_nc/AT_c; CR = LADD×CSF
A4: Group | B4: Receptor | C4: Compound | D4: Mean C (raw unit) | E4: C (mg/L) | F4: CDI ingestion (mg/kg-day) | G4: DAD dermal (mg/kg-day) | H4: THQ ingestion | I4: THQ dermal | J4: THQ total | K4: LADD ingestion | L4: LADD dermal | M4: CR ingestion | N4: CR dermal | O4: CR total
A5: Overall | B5: Adult | C5: o,p'-DDT | D5: =Zone_Site_Means!$D$4 -> 4.4101515 | E5: =D5*Parameters!$B$4*Parameters!$B$5 -> 4.4101515e-06 | F5: =E5*Parameters!$C$9*Parameters!$C$10*Parameters!$C$11/(Parameters!$C$8*Parameters!$C$15) -> 1.2600433e-07 | G5: =E5*Parameters!$C$12*Parameters!$F$21*Parameters!$C$13*Parameters!$C$10*Parameters!$C$11*Parameters!$C$14/(Parameters!$C$8*Parameters!$C$15) -> 3.2682252e-07 | H5: =F5/Parameters!$B$21 -> 0.00025200866 | I5: =G5/Parameters!$B$21 -> 0.00065364503 | J5: =H5+I5 -> 0.00090565369 | K5: =F5*Parameters!$C$15/Parameters!$C$16 -> 1.2600433e-07 | L5: =G5*Parameters!$C$15/Parameters!$C$16 -> 3.2682252e-07 | M5: =K5*Parameters!$C$21 -> 4.2841472e-08 | N5: =L5*Parameters!$C$21 -> 1.1111966e-07 | O5: =M5+N5 -> 1.5396113e-07
A6: Overall | B6: Adult | C6: p,p'-DDT | D6: =Zone_Site_Means!$E$4 -> 5.2184 | E6: =D6*Parameters!$B$4*Parameters!$B$5 -> 5.2184e-06 | F6: =E6*Parameters!$C$9*Parameters!$C$10*Parameters!$C$11/(Parameters!$C$8*Parameters!$C$15) -> 1.4909714e-07 | G6: =E6*Parameters!$C$12*Parameters!$F$22*Parameters!$C$13*Parameters!$C$10*Parameters!$C$11*Parameters!$C$14/(Parameters!$C$8*Parameters!$C$15) -> 4.6408318e-07 | H6: =F6/Parameters!$B$22 -> 0.00029819429 | I6: =G6/Parameters!$B$22 -> 0.00092816635 | J6: =H6+I6 -> 0.0012263606 | K6: =F6*Parameters!$C$15/Parameters!$C$16 -> 1.4909714e-07 | L6: =G6*Parameters!$C$15/Parameters!$C$16 -> 4.6408318e-07 | M6: =K6*Parameters!$C$22 -> 5.0693029e-08 | N6: =L6*Parameters!$C$22 -> 1.5778828e-07 | O6: =M6+N6 -> 2.0848131e-07
A7: Overall | B7: Adult | C7: o,p'-DDD | D7: =Zone_Site_Means!$F$4 -> 3.7881515 | E7: =D7*Parameters!$B$4*Parameters!$B$5 -> 3.7881515e-06 | F7: =E7*Parameters!$C$9*Parameters!$C$10*Parameters!$C$11/(Parameters!$C$8*Parameters!$C$15) -> 1.082329e-07 | G7: =E7*Parameters!$C$12*Parameters!$F$23*Parameters!$C$13*Parameters!$C$10*Parameters!$C$11*Parameters!$C$14/(Parameters!$C$8*Parameters!$C$15) -> 1.0814484e-07 | H7: =F7/Parameters!$B$23 -> 0.0002164658 | I7: =G7/Parameters!$B$23 -> 0.00021628968 | J7: =H7+I7 -> 0.00043275548 | K7: =F7*Parameters!$C$15/Parameters!$C$16 -> 1.082329e-07 | L7: =G7*Parameters!$C$15/Parameters!$C$16 -> 1.0814484e-07 | M7: =K7*Parameters!$C$23 -> 3.6799186e-08 | N7: =L7*Parameters!$C$23 -> 3.6769245e-08 | O7: =M7+N7 -> 7.3568432e-08
A8: Overall | B8: Adult | C8: p,p'-DDD | D8: =Zone_Site_Means!$G$4 -> 4.7992424 | E8: =D8*Parameters!$B$4*Parameters!$B$5 -> 4.7992424e-06 | F8: =E8*Parameters!$C$9*Parameters!$C$10*Parameters!$C$11/(Parameters!$C$8*Parameters!$C$15) -> 1.3712121e-07 | G8: =E8*Parameters!$C$12*Parameters!$F$24*Parameters!$C$13*Parameters!$C$10*Parameters!$C$11*Parameters!$C$14/(Parameters!$C$8*Parameters!$C$15) -> 1.7208822e-07 | H8: =F8/Parameters!$B$24 -> 0.00027424242 | I8: =G8/Parameters!$B$24 -> 0.00034417644 | J8: =H8+I8 -> 0.00061841887 | K8: =F8*Parameters!$C$15/Parameters!$C$16 -> 1.3712121e-07 | L8: =G8*Parameters!$C$15/Parameters!$C$16 -> 1.7208822e-07 | M8: =K8*Parameters!$C$24 -> 4.6621212e-08 | N8: =L8*Parameters!$C$24 -> 5.8509995e-08 | O8: =M8+N8 -> 1.0513121e-07
A9: Overall | B9: Adult | C9: o,p'-DDE | D9: =Zone_Site_Means!$H$4 -> 6.2361212 | E9: =D9*Parameters!$B$4*Parameters!$B$5 -> 6.2361212e-06 | F9: =E9*Parameters!$C$9*Parameters!$C$10*Parameters!$C$11/(Parameters!$C$8*Parameters!$C$15) -> 1.7817489e-07 | G9: =E9*Parameters!$C$12*Parameters!$F$25*Parameters!$C$13*Parameters!$C$10*Parameters!$C$11*Parameters!$C$14/(Parameters!$C$8*Parameters!$C$15) -> 2.2261222e-07 | H9: =F9/Parameters!$B$25 -> 0.00035634978 | I9: =G9/Parameters!$B$25 -> 0.00044522445 | J9: =H9+I9 -> 0.00080157423 | K9: =F9*Parameters!$C$15/Parameters!$C$16 -> 1.7817489e-07 | L9: =G9*Parameters!$C$15/Parameters!$C$16 -> 2.2261222e-07 | M9: =K9*Parameters!$C$25 -> 6.0579463e-08 | N9: =L9*Parameters!$C$25 -> 7.5688156e-08 | O9: =M9+N9 -> 1.3626762e-07
A10: Overall | B10: Adult | C10: p,p'-DDE | D10: =Zone_Site_Means!$I$4 -> 13.251939 | E10: =D10*Parameters!$B$4*Parameters!$B$5 -> 1.3251939e-05 | F10: =E10*Parameters!$C$9*Parameters!$C$10*Parameters!$C$11/(Parameters!$C$8*Parameters!$C$15) -> 3.7862684e-07 | G10: =E10*Parameters!$C$12*Parameters!$F$26*Parameters!$C$13*Parameters!$C$10*Parameters!$C$11*Parameters!$C$14/(Parameters!$C$8*Parameters!$C$15) -> 1.0268663e-06 | H10: =F10/Parameters!$B$26 -> 0.00075725368 | I10: =G10/Parameters!$B$26 -> 0.0020537326 | J10: =H10+I10 -> 0.0028109863 | K10: =F10*Parameters!$C$15/Parameters!$C$16 -> 3.7862684e-07 | L10: =G10*Parameters!$C$15/Parameters!$C$16 -> 1.0268663e-06 | M10: =K10*Parameters!$C$26 -> 1.2873313e-07 | N10: =L10*Parameters!$C$26 -> 3.4913454e-07 | O10: =M10+N10 -> 4.7786767e-07
A11: Overall | B11: Adult | C11: α-HCH | D11: =Zone_Site_Means!$J$4 -> 4.7611364 | E11: =D11*Parameters!$B$4*Parameters!$B$5 -> 4.7611364e-06 | F11: =E11*Parameters!$C$9*Parameters!$C$10*Parameters!$C$11/(Parameters!$C$8*Parameters!$C$15) -> 1.3603247e-07 | G11: =E11*Parameters!$C$12*Parameters!$F$27*Parameters!$C$13*Parameters!$C$10*Parameters!$C$11*Parameters!$C$14/(Parameters!$C$8*Parameters!$C$15) -> 8.5244247e-09 | H11: =F11/Parameters!$B$27 -> 0.00045344156 | I11: =G11/Parameters!$B$27 -> 2.8414749e-05 | J11: =H11+I11 -> 0.00048185631 | K11: =F11*Parameters!$C$15/Parameters!$C$16 -> 1.3603247e-07 | L11: =G11*Parameters!$C$15/Parameters!$C$16 -> 8.5244247e-09 | M11: =K11*Parameters!$C$27 -> 8.5700455e-07 | N11: =L11*Parameters!$C$27 -> 5.3703876e-08 | O11: =M11+N11 -> 9.1070842e-07
A12: Overall | B12: Adult | C12: β-HCH | D12: =Zone_Site_Means!$K$4 -> 8.6328182 | E12: =D12*Parameters!$B$4*Parameters!$B$5 -> 8.6328182e-06 | F12: =E12*Parameters!$C$9*Parameters!$C$10*Parameters!$C$11/(Parameters!$C$8*Parameters!$C$15) -> 2.4665195e-07 | G12: =E12*Parameters!$C$12*Parameters!$F$28*Parameters!$C$13*Parameters!$C$10*Parameters!$C$11*Parameters!$C$14/(Parameters!$C$8*Parameters!$C$15) -> 1.4993639e-08 | H12: =F12/Parameters!$B$28 -> 0.00082217316 | I12: =G12/Parameters!$B$28 -> 4.9978797e-05 | J12: =H12+I12 -> 0.00087215196 | K12: =F12*Parameters!$C$15/Parameters!$C$16 -> 2.4665195e-07 | L12: =G12*Parameters!$C$15/Parameters!$C$16 -> 1.4993639e-08 | M12: =K12*Parameters!$C$28 -> 4.4397351e-07 | N12: =L12*Parameters!$C$28 -> 2.698855e-08 | O12: =M12+N12 -> 4.7096206e-07
A13: Overall | B13: Adult | C13: γ-HCH (Lindane) | D13: =Zone_Site_Means!$L$4 -> 2.0428485 | E13: =D13*Parameters!$B$4*Parameters!$B$5 -> 2.0428485e-06 | F13: =E13*Parameters!$C$9*Parameters!$C$10*Parameters!$C$11/(Parameters!$C$8*Parameters!$C$15) -> 5.83671e-08 | G13: =E13*Parameters!$C$12*Parameters!$F$29*Parameters!$C$13*Parameters!$C$10*Parameters!$C$11*Parameters!$C$14/(Parameters!$C$8*Parameters!$C$15) -> 3.2388484e-09 | H13: =F13/Parameters!$B$29 -> 0.000194557 | I13: =G13/Parameters!$B$29 -> 1.0796161e-05 | J13: =H13+I13 -> 0.00020535316 | K13: =F13*Parameters!$C$15/Parameters!$C$16 -> 5.83671e-08 | L13: =G13*Parameters!$C$15/Parameters!$C$16 -> 3.2388484e-09 | M13: =K13*Parameters!$C$29 -> 7.5877229e-08 | N13: =L13*Parameters!$C$29 -> 4.2105029e-09 | O13: =M13+N13 -> 8.0087732e-08
A14: Overall | B14: Adult | C14: δ-HCH | D14: =Zone_Site_Means!$M$4 -> 4.0948091 | E14: =D14*Parameters!$B$4*Parameters!$B$5 -> 4.0948091e-06 | F14: =E14*Parameters!$C$9*Parameters!$C$10*Parameters!$C$11/(Parameters!$C$8*Parameters!$C$15) -> 1.1699455e-07 | G14: =E14*Parameters!$C$12*Parameters!$F$30*Parameters!$C$13*Parameters!$C$10*Parameters!$C$11*Parameters!$C$14/(Parameters!$C$8*Parameters!$C$15) -> 1.2291025e-08 | H14: =F14/Parameters!$B$30 -> 0.00038998182 | I14: =G14/Parameters!$B$30 -> 4.0970085e-05 | J14: =H14+I14 -> 0.0004309519 | K14: =F14*Parameters!$C$15/Parameters!$C$16 -> 1.1699455e-07 | L14: =G14*Parameters!$C$15/Parameters!$C$16 -> 1.2291025e-08 | M14: =K14*Parameters!$C$30 -> 0 | N14: =L14*Parameters!$C$30 -> 0 | O14: =M14+N14 -> 0
A15: Overall | B15: Adult | C15: Aldrin | D15: =Zone_Site_Means!$N$4 -> 2.2773006 | E15: =D15*Parameters!$B$4*Parameters!$B$5 -> 2.2773006e-06 | F15: =E15*Parameters!$C$9*Parameters!$C$10*Parameters!$C$11/(Parameters!$C$8*Parameters!$C$15) -> 6.5065732e-08 | G15: =E15*Parameters!$C$12*Parameters!$F$31*Parameters!$C$13*Parameters!$C$10*Parameters!$C$11*Parameters!$C$14/(Parameters!$C$8*Parameters!$C$15) -> 9.4956964e-08 | H15: =F15/Parameters!$B$31 -> 0.0021688577 | I15: =G15/Parameters!$B$31 -> 0.0031652321 | J15: =H15+I15 -> 0.0053340899 | K15: =F15*Parameters!$C$15/Parameters!$C$16 -> 6.5065732e-08 | L15: =G15*Parameters!$C$15/Parameters!$C$16 -> 9.4956964e-08 | M15: =K15*Parameters!$C$31 -> 1.1061174e-06 | N15: =L15*Parameters!$C$31 -> 1.6142684e-06 | O15: =M15+N15 -> 2.7203858e-06
A16: Overall | B16: Adult | C16: Dieldrin | D16: =Zone_Site_Means!$O$4 -> 3.9256061 | E16: =D16*Parameters!$B$4*Parameters!$B$5 -> 3.9256061e-06 | F16: =E16*Parameters!$C$9*Parameters!$C$10*Parameters!$C$11/(Parameters!$C$8*Parameters!$C$15) -> 1.1216017e-07 | G16: =E16*Parameters!$C$12*Parameters!$F$32*Parameters!$C$13*Parameters!$C$10*Parameters!$C$11*Parameters!$C$14/(Parameters!$C$8*Parameters!$C$15) -> 2.5027252e-08 | H16: =F16/Parameters!$B$32 -> 0.0022432035 | I16: =G16/Parameters!$B$32 -> 0.00050054505 | J16: =H16+I16 -> 0.0027437485 | K16: =F16*Parameters!$C$15/Parameters!$C$16 -> 1.1216017e-07 | L16: =G16*Parameters!$C$15/Parameters!$C$16 -> 2.5027252e-08 | M16: =K16*Parameters!$C$32 -> 1.7945628e-06 | N16: =L16*Parameters!$C$32 -> 4.0043604e-07 | O16: =M16+N16 -> 2.1949988e-06
A17: Overall | B17: Adult | C17: Heptachlor | D17: =Zone_Site_Means!$P$4 -> 2.5017576 | E17: =D17*Parameters!$B$4*Parameters!$B$5 -> 2.5017576e-06 | F17: =E17*Parameters!$C$9*Parameters!$C$10*Parameters!$C$11/(Parameters!$C$8*Parameters!$C$15) -> 7.1478788e-08 | G17: =E17*Parameters!$C$12*Parameters!$F$33*Parameters!$C$13*Parameters!$C$10*Parameters!$C$11*Parameters!$C$14/(Parameters!$C$8*Parameters!$C$15) -> 5.0963082e-08 | H17: =F17/Parameters!$B$33 -> 0.00014295758 | I17: =G17/Parameters!$B$33 -> 0.00010192616 | J17: =H17+I17 -> 0.00024488374 | K17: =F17*Parameters!$C$15/Parameters!$C$16 -> 7.1478788e-08 | L17: =G17*Parameters!$C$15/Parameters!$C$16 -> 5.0963082e-08 | M17: =K17*Parameters!$C$33 -> 3.2165455e-07 | N17: =L17*Parameters!$C$33 -> 2.2933387e-07 | O17: =M17+N17 -> 5.5098841e-07
A18: Overall | B18: Adult | C18: Heptachlor epoxide | D18: =Zone_Site_Means!$Q$4 -> 4.0036667 | E18: =D18*Parameters!$B$4*Parameters!$B$5 -> 4.0036667e-06 | F18: =E18*Parameters!$C$9*Parameters!$C$10*Parameters!$C$11/(Parameters!$C$8*Parameters!$C$15) -> 1.1439048e-07 | G18: =E18*Parameters!$C$12*Parameters!$F$34*Parameters!$C$13*Parameters!$C$10*Parameters!$C$11*Parameters!$C$14/(Parameters!$C$8*Parameters!$C$15) -> 1.2096741e-08 | H18: =F18/Parameters!$B$34 -> 0.0087992674 | I18: =G18/Parameters!$B$34 -> 0.00093051851 | J18: =H18+I18 -> 0.0097297859 | K18: =F18*Parameters!$C$15/Parameters!$C$16 -> 1.1439048e-07 | L18: =G18*Parameters!$C$15/Parameters!$C$16 -> 1.2096741e-08 | M18: =K18*Parameters!$C$34 -> 1.0409533e-06 | N18: =L18*Parameters!$C$34 -> 1.1008034e-07 | O18: =M18+N18 -> 1.1510337e-06
A19: Overall | B19: Child | C19: o,p'-DDT | D19: =Zone_Site_Means!$D$4 -> 4.4101515 | E19: =D19*Parameters!$B$4*Parameters!$B$5 -> 4.4101515e-06 | F19: =E19*Parameters!$D$9*Parameters!$D$10*Parameters!$D$11/(Parameters!$D$8*Parameters!$D$15) -> 2.940101e-07 | G19: =E19*Parameters!$D$12*Parameters!$F$21*Parameters!$D$13*Parameters!$D$10*Parameters!$D$11*Parameters!$D$14/(Parameters!$D$8*Parameters!$D$15) -> 9.6418903e-07 | H19: =F19/Parameters!$B$21 -> 0.0005880202 | I19: =G19/Parameters!$B$21 -> 0.0019283781 | J19: =H19+I19 -> 0.0025163983 | K19: =F19*Parameters!$D$15/Parameters!$D$16 -> 2.5200866e-08 | L19: =G19*Parameters!$D$15/Parameters!$D$16 -> 8.2644774e-08 | M19: =K19*Parameters!$C$21 -> 8.5682944e-09 | N19: =L19*Parameters!$C$21 -> 2.8099223e-08 | O19: =M19+N19 -> 3.6667518e-08
A20: Overall | B20: Child | C20: p,p'-DDT | D20: =Zone_Site_Means!$E$4 -> 5.2184 | E20: =D20*Parameters!$B$4*Parameters!$B$5 -> 5.2184e-06 | F20: =E20*Parameters!$D$9*Parameters!$D$10*Parameters!$D$11/(Parameters!$D$8*Parameters!$D$15) -> 3.4789333e-07 | G20: =E20*Parameters!$D$12*Parameters!$F$22*Parameters!$D$13*Parameters!$D$10*Parameters!$D$11*Parameters!$D$14/(Parameters!$D$8*Parameters!$D$15) -> 1.3691343e-06 | H20: =F20/Parameters!$B$22 -> 0.00069578667 | I20: =G20/Parameters!$B$22 -> 0.0027382685 | J20: =H20+I20 -> 0.0034340552 | K20: =F20*Parameters!$D$15/Parameters!$D$16 -> 2.9819429e-08 | L20: =G20*Parameters!$D$15/Parameters!$D$16 -> 1.1735437e-07 | M20: =K20*Parameters!$C$22 -> 1.0138606e-08 | N20: =L20*Parameters!$C$22 -> 3.9900485e-08 | O20: =M20+N20 -> 5.003909e-08
A21: Overall | B21: Child | C21: o,p'-DDD | D21: =Zone_Site_Means!$F$4 -> 3.7881515 | E21: =D21*Parameters!$B$4*Parameters!$B$5 -> 3.7881515e-06 | F21: =E21*Parameters!$D$9*Parameters!$D$10*Parameters!$D$11/(Parameters!$D$8*Parameters!$D$15) -> 2.5254343e-07 | G21: =E21*Parameters!$D$12*Parameters!$F$23*Parameters!$D$13*Parameters!$D$10*Parameters!$D$11*Parameters!$D$14/(Parameters!$D$8*Parameters!$D$15) -> 3.1904799e-07 | H21: =F21/Parameters!$B$23 -> 0.00050508687 | I21: =G21/Parameters!$B$23 -> 0.00063809599 | J21: =H21+I21 -> 0.0011431829 | K21: =F21*Parameters!$D$15/Parameters!$D$16 -> 2.164658e-08 | L21: =G21*Parameters!$D$15/Parameters!$D$16 -> 2.7346971e-08 | M21: =K21*Parameters!$C$23 -> 7.3598372e-09 | N21: =L21*Parameters!$C$23 -> 9.2979701e-09 | O21: =M21+N21 -> 1.6657807e-08
A22: Overall | B22: Child | C22: p,p'-DDD | D22: =Zone_Site_Means!$G$4 -> 4.7992424 | E22: =D22*Parameters!$B$4*Parameters!$B$5 -> 4.7992424e-06 | F22: =E22*Parameters!$D$9*Parameters!$D$10*Parameters!$D$11/(Parameters!$D$8*Parameters!$D$15) -> 3.1994949e-07 | G22: =E22*Parameters!$D$12*Parameters!$F$24*Parameters!$D$13*Parameters!$D$10*Parameters!$D$11*Parameters!$D$14/(Parameters!$D$8*Parameters!$D$15) -> 5.0769322e-07 | H22: =F22/Parameters!$B$24 -> 0.00063989899 | I22: =G22/Parameters!$B$24 -> 0.0010153864 | J22: =H22+I22 -> 0.0016552854 | K22: =F22*Parameters!$D$15/Parameters!$D$16 -> 2.7424242e-08 | L22: =G22*Parameters!$D$15/Parameters!$D$16 -> 4.3516562e-08 | M22: =K22*Parameters!$C$24 -> 9.3242424e-09 | N22: =L22*Parameters!$C$24 -> 1.4795631e-08 | O22: =M22+N22 -> 2.4119873e-08
A23: Overall | B23: Child | C23: o,p'-DDE | D23: =Zone_Site_Means!$H$4 -> 6.2361212 | E23: =D23*Parameters!$B$4*Parameters!$B$5 -> 6.2361212e-06 | F23: =E23*Parameters!$D$9*Parameters!$D$10*Parameters!$D$11/(Parameters!$D$8*Parameters!$D$15) -> 4.1574141e-07 | G23: =E23*Parameters!$D$12*Parameters!$F$25*Parameters!$D$13*Parameters!$D$10*Parameters!$D$11*Parameters!$D$14/(Parameters!$D$8*Parameters!$D$15) -> 6.567487e-07 | H23: =F23/Parameters!$B$25 -> 0.00083148283 | I23: =G23/Parameters!$B$25 -> 0.0013134974 | J23: =H23+I23 -> 0.0021449802 | K23: =F23*Parameters!$D$15/Parameters!$D$16 -> 3.5634978e-08 | L23: =G23*Parameters!$D$15/Parameters!$D$16 -> 5.6292746e-08 | M23: =K23*Parameters!$C$25 -> 1.2115893e-08 | N23: =L23*Parameters!$C$25 -> 1.9139534e-08 | O23: =M23+N23 -> 3.1255426e-08
A24: Overall | B24: Child | C24: p,p'-DDE | D24: =Zone_Site_Means!$I$4 -> 13.251939 | E24: =D24*Parameters!$B$4*Parameters!$B$5 -> 1.3251939e-05 | F24: =E24*Parameters!$D$9*Parameters!$D$10*Parameters!$D$11/(Parameters!$D$8*Parameters!$D$15) -> 8.8346263e-07 | G24: =E24*Parameters!$D$12*Parameters!$F$26*Parameters!$D$13*Parameters!$D$10*Parameters!$D$11*Parameters!$D$14/(Parameters!$D$8*Parameters!$D$15) -> 3.0294523e-06 | H24: =F24/Parameters!$B$26 -> 0.0017669253 | I24: =G24/Parameters!$B$26 -> 0.0060589046 | J24: =H24+I24 -> 0.0078258298 | K24: =F24*Parameters!$D$15/Parameters!$D$16 -> 7.5725368e-08 | L24: =G24*Parameters!$D$15/Parameters!$D$16 -> 2.5966734e-07 | M24: =K24*Parameters!$C$26 -> 2.5746625e-08 | N24: =L24*Parameters!$C$26 -> 8.8286895e-08 | O24: =M24+N24 -> 1.1403352e-07
A25: Overall | B25: Child | C25: α-HCH | D25: =Zone_Site_Means!$J$4 -> 4.7611364 | E25: =D25*Parameters!$B$4*Parameters!$B$5 -> 4.7611364e-06 | F25: =E25*Parameters!$D$9*Parameters!$D$10*Parameters!$D$11/(Parameters!$D$8*Parameters!$D$15) -> 3.1740909e-07 | G25: =E25*Parameters!$D$12*Parameters!$F$27*Parameters!$D$13*Parameters!$D$10*Parameters!$D$11*Parameters!$D$14/(Parameters!$D$8*Parameters!$D$15) -> 2.5148686e-08 | H25: =F25/Parameters!$B$27 -> 0.0010580303 | I25: =G25/Parameters!$B$27 -> 8.3828953e-05 | J25: =H25+I25 -> 0.0011418593 | K25: =F25*Parameters!$D$15/Parameters!$D$16 -> 2.7206494e-08 | L25: =G25*Parameters!$D$15/Parameters!$D$16 -> 2.1556016e-09 | M25: =K25*Parameters!$C$27 -> 1.7140091e-07 | N25: =L25*Parameters!$C$27 -> 1.358029e-08 | O25: =M25+N25 -> 1.849812e-07
A26: Overall | B26: Child | C26: β-HCH | D26: =Zone_Site_Means!$K$4 -> 8.6328182 | E26: =D26*Parameters!$B$4*Parameters!$B$5 -> 8.6328182e-06 | F26: =E26*Parameters!$D$9*Parameters!$D$10*Parameters!$D$11/(Parameters!$D$8*Parameters!$D$15) -> 5.7552121e-07 | G26: =E26*Parameters!$D$12*Parameters!$F$28*Parameters!$D$13*Parameters!$D$10*Parameters!$D$11*Parameters!$D$14/(Parameters!$D$8*Parameters!$D$15) -> 4.4234108e-08 | H26: =F26/Parameters!$B$28 -> 0.001918404 | I26: =G26/Parameters!$B$28 -> 0.00014744703 | J26: =H26+I26 -> 0.0020658511 | K26: =F26*Parameters!$D$15/Parameters!$D$16 -> 4.933039e-08 | L26: =G26*Parameters!$D$15/Parameters!$D$16 -> 3.7914949e-09 | M26: =K26*Parameters!$C$28 -> 8.8794701e-08 | N26: =L26*Parameters!$C$28 -> 6.8246909e-09 | O26: =M26+N26 -> 9.5619392e-08
A27: Overall | B27: Child | C27: γ-HCH (Lindane) | D27: =Zone_Site_Means!$L$4 -> 2.0428485 | E27: =D27*Parameters!$B$4*Parameters!$B$5 -> 2.0428485e-06 | F27: =E27*Parameters!$D$9*Parameters!$D$10*Parameters!$D$11/(Parameters!$D$8*Parameters!$D$15) -> 1.361899e-07 | G27: =E27*Parameters!$D$12*Parameters!$F$29*Parameters!$D$13*Parameters!$D$10*Parameters!$D$11*Parameters!$D$14/(Parameters!$D$8*Parameters!$D$15) -> 9.5552231e-09 | H27: =F27/Parameters!$B$29 -> 0.00045396633 | I27: =G27/Parameters!$B$29 -> 3.1850744e-05 | J27: =H27+I27 -> 0.00048581707 | K27: =F27*Parameters!$D$15/Parameters!$D$16 -> 1.167342e-08 | L27: =G27*Parameters!$D$15/Parameters!$D$16 -> 8.1901913e-10 | M27: =K27*Parameters!$C$29 -> 1.5175446e-08 | N27: =L27*Parameters!$C$29 -> 1.0647249e-09 | O27: =M27+N27 -> 1.6240171e-08
A28: Overall | B28: Child | C28: δ-HCH | D28: =Zone_Site_Means!$M$4 -> 4.0948091 | E28: =D28*Parameters!$B$4*Parameters!$B$5 -> 4.0948091e-06 | F28: =E28*Parameters!$D$9*Parameters!$D$10*Parameters!$D$11/(Parameters!$D$8*Parameters!$D$15) -> 2.7298727e-07 | G28: =E28*Parameters!$D$12*Parameters!$F$30*Parameters!$D$13*Parameters!$D$10*Parameters!$D$11*Parameters!$D$14/(Parameters!$D$8*Parameters!$D$15) -> 3.626088e-08 | H28: =F28/Parameters!$B$30 -> 0.00090995758 | I28: =G28/Parameters!$B$30 -> 0.0001208696 | J28: =H28+I28 -> 0.0010308272 | K28: =F28*Parameters!$D$15/Parameters!$D$16 -> 2.3398909e-08 | L28: =G28*Parameters!$D$15/Parameters!$D$16 -> 3.1080754e-09 | M28: =K28*Parameters!$C$30 -> 0 | N28: =L28*Parameters!$C$30 -> 0 | O28: =M28+N28 -> 0
A29: Overall | B29: Child | C29: Aldrin | D29: =Zone_Site_Means!$N$4 -> 2.2773006 | E29: =D29*Parameters!$B$4*Parameters!$B$5 -> 2.2773006e-06 | F29: =E29*Parameters!$D$9*Parameters!$D$10*Parameters!$D$11/(Parameters!$D$8*Parameters!$D$15) -> 1.5182004e-07 | G29: =E29*Parameters!$D$12*Parameters!$F$31*Parameters!$D$13*Parameters!$D$10*Parameters!$D$11*Parameters!$D$14/(Parameters!$D$8*Parameters!$D$15) -> 2.8014123e-07 | H29: =F29/Parameters!$B$31 -> 0.005060668 | I29: =G29/Parameters!$B$31 -> 0.0093380412 | J29: =H29+I29 -> 0.014398709 | K29: =F29*Parameters!$D$15/Parameters!$D$16 -> 1.3013146e-08 | L29: =G29*Parameters!$D$15/Parameters!$D$16 -> 2.4012106e-08 | M29: =K29*Parameters!$C$31 -> 2.2122349e-07 | N29: =L29*Parameters!$C$31 -> 4.082058e-07 | O29: =M29+N29 -> 6.2942929e-07
A30: Overall | B30: Child | C30: Dieldrin | D30: =Zone_Site_Means!$O$4 -> 3.9256061 | E30: =D30*Parameters!$B$4*Parameters!$B$5 -> 3.9256061e-06 | F30: =E30*Parameters!$D$9*Parameters!$D$10*Parameters!$D$11/(Parameters!$D$8*Parameters!$D$15) -> 2.6170707e-07 | G30: =E30*Parameters!$D$12*Parameters!$F$32*Parameters!$D$13*Parameters!$D$10*Parameters!$D$11*Parameters!$D$14/(Parameters!$D$8*Parameters!$D$15) -> 7.3835189e-08 | H30: =F30/Parameters!$B$32 -> 0.0052341414 | I30: =G30/Parameters!$B$32 -> 0.0014767038 | J30: =H30+I30 -> 0.0067108452 | K30: =F30*Parameters!$D$15/Parameters!$D$16 -> 2.2432035e-08 | L30: =G30*Parameters!$D$15/Parameters!$D$16 -> 6.3287305e-09 | M30: =K30*Parameters!$C$32 -> 3.5891255e-07 | N30: =L30*Parameters!$C$32 -> 1.0125969e-07 | O30: =M30+N30 -> 4.6017224e-07
A31: Overall | B31: Child | C31: Heptachlor | D31: =Zone_Site_Means!$P$4 -> 2.5017576 | E31: =D31*Parameters!$B$4*Parameters!$B$5 -> 2.5017576e-06 | F31: =E31*Parameters!$D$9*Parameters!$D$10*Parameters!$D$11/(Parameters!$D$8*Parameters!$D$15) -> 1.6678384e-07 | G31: =E31*Parameters!$D$12*Parameters!$F$33*Parameters!$D$13*Parameters!$D$10*Parameters!$D$11*Parameters!$D$14/(Parameters!$D$8*Parameters!$D$15) -> 1.5035085e-07 | H31: =F31/Parameters!$B$33 -> 0.00033356768 | I31: =G31/Parameters!$B$33 -> 0.00030070171 | J31: =H31+I31 -> 0.00063426939 | K31: =F31*Parameters!$D$15/Parameters!$D$16 -> 1.4295758e-08 | L31: =G31*Parameters!$D$15/Parameters!$D$16 -> 1.2887216e-08 | M31: =K31*Parameters!$C$33 -> 6.4330909e-08 | N31: =L31*Parameters!$C$33 -> 5.7992472e-08 | O31: =M31+N31 -> 1.2232338e-07
A32: Overall | B32: Child | C32: Heptachlor epoxide | D32: =Zone_Site_Means!$Q$4 -> 4.0036667 | E32: =D32*Parameters!$B$4*Parameters!$B$5 -> 4.0036667e-06 | F32: =E32*Parameters!$D$9*Parameters!$D$10*Parameters!$D$11/(Parameters!$D$8*Parameters!$D$15) -> 2.6691111e-07 | G32: =E32*Parameters!$D$12*Parameters!$F$34*Parameters!$D$13*Parameters!$D$10*Parameters!$D$11*Parameters!$D$14/(Parameters!$D$8*Parameters!$D$15) -> 3.5687702e-08 | H32: =F32/Parameters!$B$34 -> 0.020531624 | I32: =G32/Parameters!$B$34 -> 0.0027452079 | J32: =H32+I32 -> 0.023276832 | K32: =F32*Parameters!$D$15/Parameters!$D$16 -> 2.2878095e-08 | L32: =G32*Parameters!$D$15/Parameters!$D$16 -> 3.0589459e-09 | M32: =K32*Parameters!$C$34 -> 2.0819067e-07 | N32: =L32*Parameters!$C$34 -> 2.7836408e-08 | O32: =M32+N32 -> 2.3602707e-07
A33: Up-stream | B33: Adult | C33: o,p'-DDT | D33: =Zone_Site_Means!$D$5 -> 2.6863333 | E33: =D33*Parameters!$B$4*Parameters!$B$5 -> 2.6863333e-06 | F33: =E33*Parameters!$C$9*Parameters!$C$10*Parameters!$C$11/(Parameters!$C$8*Parameters!$C$15) -> 7.6752381e-08 | G33: =E33*Parameters!$C$12*Parameters!$F$21*Parameters!$C$13*Parameters!$C$10*Parameters!$C$11*Parameters!$C$14/(Parameters!$C$8*Parameters!$C$15) -> 1.9907575e-07 | H33: =F33/Parameters!$B$21 -> 0.00015350476 | I33: =G33/Parameters!$B$21 -> 0.0003981515 | J33: =H33+I33 -> 0.00055165626 | K33: =F33*Parameters!$C$15/Parameters!$C$16 -> 7.6752381e-08 | L33: =G33*Parameters!$C$15/Parameters!$C$16 -> 1.9907575e-07 | M33: =K33*Parameters!$C$21 -> 2.609581e-08 | N33: =L33*Parameters!$C$21 -> 6.7685755e-08 | O33: =M33+N33 -> 9.3781564e-08
A34: Up-stream | B34: Adult | C34: p,p'-DDT | D34: =Zone_Site_Means!$E$5 -> 3.2575556 | E34: =D34*Parameters!$B$4*Parameters!$B$5 -> 3.2575556e-06 | F34: =E34*Parameters!$C$9*Parameters!$C$10*Parameters!$C$11/(Parameters!$C$8*Parameters!$C$15) -> 9.3073016e-08 | G34: =E34*Parameters!$C$12*Parameters!$F$22*Parameters!$C$13*Parameters!$C$10*Parameters!$C$11*Parameters!$C$14/(Parameters!$C$8*Parameters!$C$15) -> 2.897012e-07 | H34: =F34/Parameters!$B$22 -> 0.00018614603 | I34: =G34/Parameters!$B$22 -> 0.00057940239 | J34: =H34+I34 -> 0.00076554843 | K34: =F34*Parameters!$C$15/Parameters!$C$16 -> 9.3073016e-08 | L34: =G34*Parameters!$C$15/Parameters!$C$16 -> 2.897012e-07 | M34: =K34*Parameters!$C$22 -> 3.1644825e-08 | N34: =L34*Parameters!$C$22 -> 9.8498407e-08 | O34: =M34+N34 -> 1.3014323e-07
A35: Up-stream | B35: Adult | C35: o,p'-DDD | D35: =Zone_Site_Means!$F$5 -> 1.9435556 | E35: =D35*Parameters!$B$4*Parameters!$B$5 -> 1.9435556e-06 | F35: =E35*Parameters!$C$9*Parameters!$C$10*Parameters!$C$11/(Parameters!$C$8*Parameters!$C$15) -> 5.5530159e-08 | G35: =E35*Parameters!$C$12*Parameters!$F$23*Parameters!$C$13*Parameters!$C$10*Parameters!$C$11*Parameters!$C$14/(Parameters!$C$8*Parameters!$C$15) -> 5.5484978e-08 | H35: =F35/Parameters!$B$23 -> 0.00011106032 | I35: =G35/Parameters!$B$23 -> 0.00011096996 | J35: =H35+I35 -> 0.00022203027 | K35: =F35*Parameters!$C$15/Parameters!$C$16 -> 5.5530159e-08 | L35: =G35*Parameters!$C$15/Parameters!$C$16 -> 5.5484978e-08 | M35: =K35*Parameters!$C$23 -> 1.8880254e-08 | N35: =L35*Parameters!$C$23 -> 1.8864893e-08 | O35: =M35+N35 -> 3.7745146e-08
A36: Up-stream | B36: Adult | C36: p,p'-DDD | D36: =Zone_Site_Means!$G$5 -> 2.5884444 | E36: =D36*Parameters!$B$4*Parameters!$B$5 -> 2.5884444e-06 | F36: =E36*Parameters!$C$9*Parameters!$C$10*Parameters!$C$11/(Parameters!$C$8*Parameters!$C$15) -> 7.3955556e-08 | G36: =E36*Parameters!$C$12*Parameters!$F$24*Parameters!$C$13*Parameters!$C$10*Parameters!$C$11*Parameters!$C$14/(Parameters!$C$8*Parameters!$C$15) -> 9.2814816e-08 | H36: =F36/Parameters!$B$24 -> 0.00014791111 | I36: =G36/Parameters!$B$24 -> 0.00018562963 | J36: =H36+I36 -> 0.00033354074 | K36: =F36*Parameters!$C$15/Parameters!$C$16 -> 7.3955556e-08 | L36: =G36*Parameters!$C$15/Parameters!$C$16 -> 9.2814816e-08 | M36: =K36*Parameters!$C$24 -> 2.5144889e-08 | N36: =L36*Parameters!$C$24 -> 3.1557037e-08 | O36: =M36+N36 -> 5.6701926e-08
A37: Up-stream | B37: Adult | C37: o,p'-DDE | D37: =Zone_Site_Means!$H$5 -> 4.9057778 | E37: =D37*Parameters!$B$4*Parameters!$B$5 -> 4.9057778e-06 | F37: =E37*Parameters!$C$9*Parameters!$C$10*Parameters!$C$11/(Parameters!$C$8*Parameters!$C$15) -> 1.4016508e-07 | G37: =E37*Parameters!$C$12*Parameters!$F$25*Parameters!$C$13*Parameters!$C$10*Parameters!$C$11*Parameters!$C$14/(Parameters!$C$8*Parameters!$C$15) -> 1.7512265e-07 | H37: =F37/Parameters!$B$25 -> 0.00028033016 | I37: =G37/Parameters!$B$25 -> 0.00035024531 | J37: =H37+I37 -> 0.00063057547 | K37: =F37*Parameters!$C$15/Parameters!$C$16 -> 1.4016508e-07 | L37: =G37*Parameters!$C$15/Parameters!$C$16 -> 1.7512265e-07 | M37: =K37*Parameters!$C$25 -> 4.7656127e-08 | N37: =L37*Parameters!$C$25 -> 5.9541702e-08 | O37: =M37+N37 -> 1.0719783e-07
A38: Up-stream | B38: Adult | C38: p,p'-DDE | D38: =Zone_Site_Means!$I$5 -> 8.9302222 | E38: =D38*Parameters!$B$4*Parameters!$B$5 -> 8.9302222e-06 | F38: =E38*Parameters!$C$9*Parameters!$C$10*Parameters!$C$11/(Parameters!$C$8*Parameters!$C$15) -> 2.5514921e-07 | G38: =E38*Parameters!$C$12*Parameters!$F$26*Parameters!$C$13*Parameters!$C$10*Parameters!$C$11*Parameters!$C$14/(Parameters!$C$8*Parameters!$C$15) -> 6.9198507e-07 | H38: =F38/Parameters!$B$26 -> 0.00051029841 | I38: =G38/Parameters!$B$26 -> 0.0013839701 | J38: =H38+I38 -> 0.0018942686 | K38: =F38*Parameters!$C$15/Parameters!$C$16 -> 2.5514921e-07 | L38: =G38*Parameters!$C$15/Parameters!$C$16 -> 6.9198507e-07 | M38: =K38*Parameters!$C$26 -> 8.675073e-08 | N38: =L38*Parameters!$C$26 -> 2.3527492e-07 | O38: =M38+N38 -> 3.2202565e-07
A39: Up-stream | B39: Adult | C39: α-HCH | D39: =Zone_Site_Means!$J$5 -> 3.424 | E39: =D39*Parameters!$B$4*Parameters!$B$5 -> 3.424e-06 | F39: =E39*Parameters!$C$9*Parameters!$C$10*Parameters!$C$11/(Parameters!$C$8*Parameters!$C$15) -> 9.7828571e-08 | G39: =E39*Parameters!$C$12*Parameters!$F$27*Parameters!$C$13*Parameters!$C$10*Parameters!$C$11*Parameters!$C$14/(Parameters!$C$8*Parameters!$C$15) -> 6.1303916e-09 | H39: =F39/Parameters!$B$27 -> 0.00032609524 | I39: =G39/Parameters!$B$27 -> 2.0434639e-05 | J39: =H39+I39 -> 0.00034652988 | K39: =F39*Parameters!$C$15/Parameters!$C$16 -> 9.7828571e-08 | L39: =G39*Parameters!$C$15/Parameters!$C$16 -> 6.1303916e-09 | M39: =K39*Parameters!$C$27 -> 6.1632e-07 | N39: =L39*Parameters!$C$27 -> 3.8621467e-08 | O39: =M39+N39 -> 6.5494147e-07
A40: Up-stream | B40: Adult | C40: β-HCH | D40: =Zone_Site_Means!$K$5 -> 6.1875556 | E40: =D40*Parameters!$B$4*Parameters!$B$5 -> 6.1875556e-06 | F40: =E40*Parameters!$C$9*Parameters!$C$10*Parameters!$C$11/(Parameters!$C$8*Parameters!$C$15) -> 1.767873e-07 | G40: =E40*Parameters!$C$12*Parameters!$F$28*Parameters!$C$13*Parameters!$C$10*Parameters!$C$11*Parameters!$C$14/(Parameters!$C$8*Parameters!$C$15) -> 1.0746662e-08 | H40: =F40/Parameters!$B$28 -> 0.00058929101 | I40: =G40/Parameters!$B$28 -> 3.5822205e-05 | J40: =H40+I40 -> 0.00062511321 | K40: =F40*Parameters!$C$15/Parameters!$C$16 -> 1.767873e-07 | L40: =G40*Parameters!$C$15/Parameters!$C$16 -> 1.0746662e-08 | M40: =K40*Parameters!$C$28 -> 3.1821714e-07 | N40: =L40*Parameters!$C$28 -> 1.9343991e-08 | O40: =M40+N40 -> 3.3756113e-07
A41: Up-stream | B41: Adult | C41: γ-HCH (Lindane) | D41: =Zone_Site_Means!$L$5 -> 1.2623333 | E41: =D41*Parameters!$B$4*Parameters!$B$5 -> 1.2623333e-06 | F41: =E41*Parameters!$C$9*Parameters!$C$10*Parameters!$C$11/(Parameters!$C$8*Parameters!$C$15) -> 3.6066667e-08 | G41: =E41*Parameters!$C$12*Parameters!$F$29*Parameters!$C$13*Parameters!$C$10*Parameters!$C$11*Parameters!$C$14/(Parameters!$C$8*Parameters!$C$15) -> 2.0013752e-09 | H41: =F41/Parameters!$B$29 -> 0.00012022222 | I41: =G41/Parameters!$B$29 -> 6.6712506e-06 | J41: =H41+I41 -> 0.00012689347 | K41: =F41*Parameters!$C$15/Parameters!$C$16 -> 3.6066667e-08 | L41: =G41*Parameters!$C$15/Parameters!$C$16 -> 2.0013752e-09 | M41: =K41*Parameters!$C$29 -> 4.6886667e-08 | N41: =L41*Parameters!$C$29 -> 2.6017877e-09 | O41: =M41+N41 -> 4.9488454e-08
A42: Up-stream | B42: Adult | C42: δ-HCH | D42: =Zone_Site_Means!$M$5 -> 1.5947778 | E42: =D42*Parameters!$B$4*Parameters!$B$5 -> 1.5947778e-06 | F42: =E42*Parameters!$C$9*Parameters!$C$10*Parameters!$C$11/(Parameters!$C$8*Parameters!$C$15) -> 4.5565079e-08 | G42: =E42*Parameters!$C$12*Parameters!$F$30*Parameters!$C$13*Parameters!$C$10*Parameters!$C$11*Parameters!$C$14/(Parameters!$C$8*Parameters!$C$15) -> 4.7869031e-09 | H42: =F42/Parameters!$B$30 -> 0.0001518836 | I42: =G42/Parameters!$B$30 -> 1.5956344e-05 | J42: =H42+I42 -> 0.00016783994 | K42: =F42*Parameters!$C$15/Parameters!$C$16 -> 4.5565079e-08 | L42: =G42*Parameters!$C$15/Parameters!$C$16 -> 4.7869031e-09 | M42: =K42*Parameters!$C$30 -> 0 | N42: =L42*Parameters!$C$30 -> 0 | O42: =M42+N42 -> 0
A43: Up-stream | B43: Adult | C43: Aldrin | D43: =Zone_Site_Means!$N$5 -> 1.6134444 | E43: =D43*Parameters!$B$4*Parameters!$B$5 -> 1.6134444e-06 | F43: =E43*Parameters!$C$9*Parameters!$C$10*Parameters!$C$11/(Parameters!$C$8*Parameters!$C$15) -> 4.6098413e-08 | G43: =E43*Parameters!$C$12*Parameters!$F$31*Parameters!$C$13*Parameters!$C$10*Parameters!$C$11*Parameters!$C$14/(Parameters!$C$8*Parameters!$C$15) -> 6.7276048e-08 | H43: =F43/Parameters!$B$31 -> 0.0015366138 | I43: =G43/Parameters!$B$31 -> 0.0022425349 | J43: =H43+I43 -> 0.0037791487 | K43: =F43*Parameters!$C$15/Parameters!$C$16 -> 4.6098413e-08 | L43: =G43*Parameters!$C$15/Parameters!$C$16 -> 6.7276048e-08 | M43: =K43*Parameters!$C$31 -> 7.8367302e-07 | N43: =L43*Parameters!$C$31 -> 1.1436928e-06 | O43: =M43+N43 -> 1.9273658e-06
A44: Up-stream | B44: Adult | C44: Dieldrin | D44: =Zone_Site_Means!$O$5 -> 2.9305556 | E44: =D44*Parameters!$B$4*Parameters!$B$5 -> 2.9305556e-06 | F44: =E44*Parameters!$C$9*Parameters!$C$10*Parameters!$C$11/(Parameters!$C$8*Parameters!$C$15) -> 8.3730159e-08 | G44: =E44*Parameters!$C$12*Parameters!$F$32*Parameters!$C$13*Parameters!$C$10*Parameters!$C$11*Parameters!$C$14/(Parameters!$C$8*Parameters!$C$15) -> 1.8683422e-08 | H44: =F44/Parameters!$B$32 -> 0.0016746032 | I44: =G44/Parameters!$B$32 -> 0.00037366844 | J44: =H44+I44 -> 0.0020482716 | K44: =F44*Parameters!$C$15/Parameters!$C$16 -> 8.3730159e-08 | L44: =G44*Parameters!$C$15/Parameters!$C$16 -> 1.8683422e-08 | M44: =K44*Parameters!$C$32 -> 1.3396825e-06 | N44: =L44*Parameters!$C$32 -> 2.9893475e-07 | O44: =M44+N44 -> 1.6386173e-06
A45: Up-stream | B45: Adult | C45: Heptachlor | D45: =Zone_Site_Means!$P$5 -> 2.1185556 | E45: =D45*Parameters!$B$4*Parameters!$B$5 -> 2.1185556e-06 | F45: =E45*Parameters!$C$9*Parameters!$C$10*Parameters!$C$11/(Parameters!$C$8*Parameters!$C$15) -> 6.0530159e-08 | G45: =E45*Parameters!$C$12*Parameters!$F$33*Parameters!$C$13*Parameters!$C$10*Parameters!$C$11*Parameters!$C$14/(Parameters!$C$8*Parameters!$C$15) -> 4.3156907e-08 | H45: =F45/Parameters!$B$33 -> 0.00012106032 | I45: =G45/Parameters!$B$33 -> 8.6313815e-05 | J45: =H45+I45 -> 0.00020737413 | K45: =F45*Parameters!$C$15/Parameters!$C$16 -> 6.0530159e-08 | L45: =G45*Parameters!$C$15/Parameters!$C$16 -> 4.3156907e-08 | M45: =K45*Parameters!$C$33 -> 2.7238571e-07 | N45: =L45*Parameters!$C$33 -> 1.9420608e-07 | O45: =M45+N45 -> 4.665918e-07
A46: Up-stream | B46: Adult | C46: Heptachlor epoxide | D46: =Zone_Site_Means!$Q$5 -> 3.2303333 | E46: =D46*Parameters!$B$4*Parameters!$B$5 -> 3.2303333e-06 | F46: =E46*Parameters!$C$9*Parameters!$C$10*Parameters!$C$11/(Parameters!$C$8*Parameters!$C$15) -> 9.2295238e-08 | G46: =E46*Parameters!$C$12*Parameters!$F$34*Parameters!$C$13*Parameters!$C$10*Parameters!$C$11*Parameters!$C$14/(Parameters!$C$8*Parameters!$C$15) -> 9.7601793e-09 | H46: =F46/Parameters!$B$34 -> 0.0070996337 | I46: =G46/Parameters!$B$34 -> 0.00075078303 | J46: =H46+I46 -> 0.0078504167 | K46: =F46*Parameters!$C$15/Parameters!$C$16 -> 9.2295238e-08 | L46: =G46*Parameters!$C$15/Parameters!$C$16 -> 9.7601793e-09 | M46: =K46*Parameters!$C$34 -> 8.3988667e-07 | N46: =L46*Parameters!$C$34 -> 8.8817632e-08 | O46: =M46+N46 -> 9.287043e-07
A47: Up-stream | B47: Child | C47: o,p'-DDT | D47: =Zone_Site_Means!$D$5 -> 2.6863333 | E47: =D47*Parameters!$B$4*Parameters!$B$5 -> 2.6863333e-06 | F47: =E47*Parameters!$D$9*Parameters!$D$10*Parameters!$D$11/(Parameters!$D$8*Parameters!$D$15) -> 1.7908889e-07 | G47: =E47*Parameters!$D$12*Parameters!$F$21*Parameters!$D$13*Parameters!$D$10*Parameters!$D$11*Parameters!$D$14/(Parameters!$D$8*Parameters!$D$15) -> 5.873116e-07 | H47: =F47/Parameters!$B$21 -> 0.00035817778 | I47: =G47/Parameters!$B$21 -> 0.0011746232 | J47: =H47+I47 -> 0.001532801 | K47: =F47*Parameters!$D$15/Parameters!$D$16 -> 1.5350476e-08 | L47: =G47*Parameters!$D$15/Parameters!$D$16 -> 5.0340994e-08 | M47: =K47*Parameters!$C$21 -> 5.2191619e-09 | N47: =L47*Parameters!$C$21 -> 1.7115938e-08 | O47: =M47+N47 -> 2.23351e-08
A48: Up-stream | B48: Child | C48: p,p'-DDT | D48: =Zone_Site_Means!$E$5 -> 3.2575556 | E48: =D48*Parameters!$B$4*Parameters!$B$5 -> 3.2575556e-06 | F48: =E48*Parameters!$D$9*Parameters!$D$10*Parameters!$D$11/(Parameters!$D$8*Parameters!$D$15) -> 2.1717037e-07 | G48: =E48*Parameters!$D$12*Parameters!$F$22*Parameters!$D$13*Parameters!$D$10*Parameters!$D$11*Parameters!$D$14/(Parameters!$D$8*Parameters!$D$15) -> 8.5467403e-07 | H48: =F48/Parameters!$B$22 -> 0.00043434074 | I48: =G48/Parameters!$B$22 -> 0.0017093481 | J48: =H48+I48 -> 0.0021436888 | K48: =F48*Parameters!$D$15/Parameters!$D$16 -> 1.8614603e-08 | L48: =G48*Parameters!$D$15/Parameters!$D$16 -> 7.3257774e-08 | M48: =K48*Parameters!$C$22 -> 6.3289651e-09 | N48: =L48*Parameters!$C$22 -> 2.4907643e-08 | O48: =M48+N48 -> 3.1236608e-08
A49: Up-stream | B49: Child | C49: o,p'-DDD | D49: =Zone_Site_Means!$F$5 -> 1.9435556 | E49: =D49*Parameters!$B$4*Parameters!$B$5 -> 1.9435556e-06 | F49: =E49*Parameters!$D$9*Parameters!$D$10*Parameters!$D$11/(Parameters!$D$8*Parameters!$D$15) -> 1.2957037e-07 | G49: =E49*Parameters!$D$12*Parameters!$F$23*Parameters!$D$13*Parameters!$D$10*Parameters!$D$11*Parameters!$D$14/(Parameters!$D$8*Parameters!$D$15) -> 1.6369131e-07 | H49: =F49/Parameters!$B$23 -> 0.00025914074 | I49: =G49/Parameters!$B$23 -> 0.00032738263 | J49: =H49+I49 -> 0.00058652337 | K49: =F49*Parameters!$D$15/Parameters!$D$16 -> 1.1106032e-08 | L49: =G49*Parameters!$D$15/Parameters!$D$16 -> 1.4030684e-08 | M49: =K49*Parameters!$C$23 -> 3.7760508e-09 | N49: =L49*Parameters!$C$23 -> 4.7704326e-09 | O49: =M49+N49 -> 8.5464834e-09
A50: Up-stream | B50: Child | C50: p,p'-DDD | D50: =Zone_Site_Means!$G$5 -> 2.5884444 | E50: =D50*Parameters!$B$4*Parameters!$B$5 -> 2.5884444e-06 | F50: =E50*Parameters!$D$9*Parameters!$D$10*Parameters!$D$11/(Parameters!$D$8*Parameters!$D$15) -> 1.7256296e-07 | G50: =E50*Parameters!$D$12*Parameters!$F$24*Parameters!$D$13*Parameters!$D$10*Parameters!$D$11*Parameters!$D$14/(Parameters!$D$8*Parameters!$D$15) -> 2.7382149e-07 | H50: =F50/Parameters!$B$24 -> 0.00034512593 | I50: =G50/Parameters!$B$24 -> 0.00054764297 | J50: =H50+I50 -> 0.0008927689 | K50: =F50*Parameters!$D$15/Parameters!$D$16 -> 1.4791111e-08 | L50: =G50*Parameters!$D$15/Parameters!$D$16 -> 2.3470413e-08 | M50: =K50*Parameters!$C$24 -> 5.0289778e-09 | N50: =L50*Parameters!$C$24 -> 7.9799405e-09 | O50: =M50+N50 -> 1.3008918e-08
A51: Up-stream | B51: Child | C51: o,p'-DDE | D51: =Zone_Site_Means!$H$5 -> 4.9057778 | E51: =D51*Parameters!$B$4*Parameters!$B$5 -> 4.9057778e-06 | F51: =E51*Parameters!$D$9*Parameters!$D$10*Parameters!$D$11/(Parameters!$D$8*Parameters!$D$15) -> 3.2705185e-07 | G51: =E51*Parameters!$D$12*Parameters!$F$25*Parameters!$D$13*Parameters!$D$10*Parameters!$D$11*Parameters!$D$14/(Parameters!$D$8*Parameters!$D$15) -> 5.1664538e-07 | H51: =F51/Parameters!$B$25 -> 0.0006541037 | I51: =G51/Parameters!$B$25 -> 0.0010332908 | J51: =H51+I51 -> 0.0016873945 | K51: =F51*Parameters!$D$15/Parameters!$D$16 -> 2.8033016e-08 | L51: =G51*Parameters!$D$15/Parameters!$D$16 -> 4.428389e-08 | M51: =K51*Parameters!$C$25 -> 9.5312254e-09 | N51: =L51*Parameters!$C$25 -> 1.5056522e-08 | O51: =M51+N51 -> 2.4587748e-08
A52: Up-stream | B52: Child | C52: p,p'-DDE | D52: =Zone_Site_Means!$I$5 -> 8.9302222 | E52: =D52*Parameters!$B$4*Parameters!$B$5 -> 8.9302222e-06 | F52: =E52*Parameters!$D$9*Parameters!$D$10*Parameters!$D$11/(Parameters!$D$8*Parameters!$D$15) -> 5.9534815e-07 | G52: =E52*Parameters!$D$12*Parameters!$F$26*Parameters!$D$13*Parameters!$D$10*Parameters!$D$11*Parameters!$D$14/(Parameters!$D$8*Parameters!$D$15) -> 2.0414885e-06 | H52: =F52/Parameters!$B$26 -> 0.0011906963 | I52: =G52/Parameters!$B$26 -> 0.004082977 | J52: =H52+I52 -> 0.0052736733 | K52: =F52*Parameters!$D$15/Parameters!$D$16 -> 5.1029841e-08 | L52: =G52*Parameters!$D$15/Parameters!$D$16 -> 1.7498473e-07 | M52: =K52*Parameters!$C$26 -> 1.7350146e-08 | N52: =L52*Parameters!$C$26 -> 5.9494808e-08 | O52: =M52+N52 -> 7.6844954e-08
A53: Up-stream | B53: Child | C53: α-HCH | D53: =Zone_Site_Means!$J$5 -> 3.424 | E53: =D53*Parameters!$B$4*Parameters!$B$5 -> 3.424e-06 | F53: =E53*Parameters!$D$9*Parameters!$D$10*Parameters!$D$11/(Parameters!$D$8*Parameters!$D$15) -> 2.2826667e-07 | G53: =E53*Parameters!$D$12*Parameters!$F$27*Parameters!$D$13*Parameters!$D$10*Parameters!$D$11*Parameters!$D$14/(Parameters!$D$8*Parameters!$D$15) -> 1.808583e-08 | H53: =F53/Parameters!$B$27 -> 0.00076088889 | I53: =G53/Parameters!$B$27 -> 6.0286098e-05 | J53: =H53+I53 -> 0.00082117499 | K53: =F53*Parameters!$D$15/Parameters!$D$16 -> 1.9565714e-08 | L53: =G53*Parameters!$D$15/Parameters!$D$16 -> 1.550214e-09 | M53: =K53*Parameters!$C$27 -> 1.23264e-07 | N53: =L53*Parameters!$C$27 -> 9.7663479e-09 | O53: =M53+N53 -> 1.3303035e-07
A54: Up-stream | B54: Child | C54: β-HCH | D54: =Zone_Site_Means!$K$5 -> 6.1875556 | E54: =D54*Parameters!$B$4*Parameters!$B$5 -> 6.1875556e-06 | F54: =E54*Parameters!$D$9*Parameters!$D$10*Parameters!$D$11/(Parameters!$D$8*Parameters!$D$15) -> 4.125037e-07 | G54: =E54*Parameters!$D$12*Parameters!$F$28*Parameters!$D$13*Parameters!$D$10*Parameters!$D$11*Parameters!$D$14/(Parameters!$D$8*Parameters!$D$15) -> 3.170471e-08 | H54: =F54/Parameters!$B$28 -> 0.0013750123 | I54: =G54/Parameters!$B$28 -> 0.00010568237 | J54: =H54+I54 -> 0.0014806947 | K54: =F54*Parameters!$D$15/Parameters!$D$16 -> 3.535746e-08 | L54: =G54*Parameters!$D$15/Parameters!$D$16 -> 2.7175466e-09 | M54: =K54*Parameters!$C$28 -> 6.3643429e-08 | N54: =L54*Parameters!$C$28 -> 4.8915839e-09 | O54: =M54+N54 -> 6.8535012e-08
A55: Up-stream | B55: Child | C55: γ-HCH (Lindane) | D55: =Zone_Site_Means!$L$5 -> 1.2623333 | E55: =D55*Parameters!$B$4*Parameters!$B$5 -> 1.2623333e-06 | F55: =E55*Parameters!$D$9*Parameters!$D$10*Parameters!$D$11/(Parameters!$D$8*Parameters!$D$15) -> 8.4155556e-08 | G55: =E55*Parameters!$D$12*Parameters!$F$29*Parameters!$D$13*Parameters!$D$10*Parameters!$D$11*Parameters!$D$14/(Parameters!$D$8*Parameters!$D$15) -> 5.9044402e-09 | H55: =F55/Parameters!$B$29 -> 0.00028051852 | I55: =G55/Parameters!$B$29 -> 1.9681467e-05 | J55: =H55+I55 -> 0.00030019999 | K55: =F55*Parameters!$D$15/Parameters!$D$16 -> 7.2133333e-09 | L55: =G55*Parameters!$D$15/Parameters!$D$16 -> 5.0609487e-10 | M55: =K55*Parameters!$C$29 -> 9.3773333e-09 | N55: =L55*Parameters!$C$29 -> 6.5792333e-10 | O55: =M55+N55 -> 1.0035257e-08
A56: Up-stream | B56: Child | C56: δ-HCH | D56: =Zone_Site_Means!$M$5 -> 1.5947778 | E56: =D56*Parameters!$B$4*Parameters!$B$5 -> 1.5947778e-06 | F56: =E56*Parameters!$D$9*Parameters!$D$10*Parameters!$D$11/(Parameters!$D$8*Parameters!$D$15) -> 1.0631852e-07 | G56: =E56*Parameters!$D$12*Parameters!$F$30*Parameters!$D$13*Parameters!$D$10*Parameters!$D$11*Parameters!$D$14/(Parameters!$D$8*Parameters!$D$15) -> 1.4122281e-08 | H56: =F56/Parameters!$B$30 -> 0.00035439506 | I56: =G56/Parameters!$B$30 -> 4.707427e-05 | J56: =H56+I56 -> 0.00040146933 | K56: =F56*Parameters!$D$15/Parameters!$D$16 -> 9.1130159e-09 | L56: =G56*Parameters!$D$15/Parameters!$D$16 -> 1.2104812e-09 | M56: =K56*Parameters!$C$30 -> 0 | N56: =L56*Parameters!$C$30 -> 0 | O56: =M56+N56 -> 0
A57: Up-stream | B57: Child | C57: Aldrin | D57: =Zone_Site_Means!$N$5 -> 1.6134444 | E57: =D57*Parameters!$B$4*Parameters!$B$5 -> 1.6134444e-06 | F57: =E57*Parameters!$D$9*Parameters!$D$10*Parameters!$D$11/(Parameters!$D$8*Parameters!$D$15) -> 1.0756296e-07 | G57: =E57*Parameters!$D$12*Parameters!$F$31*Parameters!$D$13*Parameters!$D$10*Parameters!$D$11*Parameters!$D$14/(Parameters!$D$8*Parameters!$D$15) -> 1.9847723e-07 | H57: =F57/Parameters!$B$31 -> 0.0035854321 | I57: =G57/Parameters!$B$31 -> 0.0066159077 | J57: =H57+I57 -> 0.01020134 | K57: =F57*Parameters!$D$15/Parameters!$D$16 -> 9.2196825e-09 | L57: =G57*Parameters!$D$15/Parameters!$D$16 -> 1.7012334e-08 | M57: =K57*Parameters!$C$31 -> 1.567346e-07 | N57: =L57*Parameters!$C$31 -> 2.8920968e-07 | O57: =M57+N57 -> 4.4594428e-07
A58: Up-stream | B58: Child | C58: Dieldrin | D58: =Zone_Site_Means!$O$5 -> 2.9305556 | E58: =D58*Parameters!$B$4*Parameters!$B$5 -> 2.9305556e-06 | F58: =E58*Parameters!$D$9*Parameters!$D$10*Parameters!$D$11/(Parameters!$D$8*Parameters!$D$15) -> 1.9537037e-07 | G58: =E58*Parameters!$D$12*Parameters!$F$32*Parameters!$D$13*Parameters!$D$10*Parameters!$D$11*Parameters!$D$14/(Parameters!$D$8*Parameters!$D$15) -> 5.5119673e-08 | H58: =F58/Parameters!$B$32 -> 0.0039074074 | I58: =G58/Parameters!$B$32 -> 0.0011023935 | J58: =H58+I58 -> 0.0050098009 | K58: =F58*Parameters!$D$15/Parameters!$D$16 -> 1.6746032e-08 | L58: =G58*Parameters!$D$15/Parameters!$D$16 -> 4.7245434e-09 | M58: =K58*Parameters!$C$32 -> 2.6793651e-07 | N58: =L58*Parameters!$C$32 -> 7.5592695e-08 | O58: =M58+N58 -> 3.435292e-07
A59: Up-stream | B59: Child | C59: Heptachlor | D59: =Zone_Site_Means!$P$5 -> 2.1185556 | E59: =D59*Parameters!$B$4*Parameters!$B$5 -> 2.1185556e-06 | F59: =E59*Parameters!$D$9*Parameters!$D$10*Parameters!$D$11/(Parameters!$D$8*Parameters!$D$15) -> 1.4123704e-07 | G59: =E59*Parameters!$D$12*Parameters!$F$33*Parameters!$D$13*Parameters!$D$10*Parameters!$D$11*Parameters!$D$14/(Parameters!$D$8*Parameters!$D$15) -> 1.2732114e-07 | H59: =F59/Parameters!$B$33 -> 0.00028247407 | I59: =G59/Parameters!$B$33 -> 0.00025464229 | J59: =H59+I59 -> 0.00053711636 | K59: =F59*Parameters!$D$15/Parameters!$D$16 -> 1.2106032e-08 | L59: =G59*Parameters!$D$15/Parameters!$D$16 -> 1.0913241e-08 | M59: =K59*Parameters!$C$33 -> 5.4477143e-08 | N59: =L59*Parameters!$C$33 -> 4.9109584e-08 | O59: =M59+N59 -> 1.0358673e-07
A60: Up-stream | B60: Child | C60: Heptachlor epoxide | D60: =Zone_Site_Means!$Q$5 -> 3.2303333 | E60: =D60*Parameters!$B$4*Parameters!$B$5 -> 3.2303333e-06 | F60: =E60*Parameters!$D$9*Parameters!$D$10*Parameters!$D$11/(Parameters!$D$8*Parameters!$D$15) -> 2.1535556e-07 | G60: =E60*Parameters!$D$12*Parameters!$F$34*Parameters!$D$13*Parameters!$D$10*Parameters!$D$11*Parameters!$D$14/(Parameters!$D$8*Parameters!$D$15) -> 2.8794399e-08 | H60: =F60/Parameters!$B$34 -> 0.016565812 | I60: =G60/Parameters!$B$34 -> 0.0022149538 | J60: =H60+I60 -> 0.018780766 | K60: =F60*Parameters!$D$15/Parameters!$D$16 -> 1.8459048e-08 | L60: =G60*Parameters!$D$15/Parameters!$D$16 -> 2.4680913e-09 | M60: =K60*Parameters!$C$34 -> 1.6797733e-07 | N60: =L60*Parameters!$C$34 -> 2.2459631e-08 | O60: =M60+N60 -> 1.9043696e-07
A61: Mid-stream | B61: Adult | C61: o,p'-DDT | D61: =Zone_Site_Means!$D$6 -> 3.3127778 | E61: =D61*Parameters!$B$4*Parameters!$B$5 -> 3.3127778e-06 | F61: =E61*Parameters!$C$9*Parameters!$C$10*Parameters!$C$11/(Parameters!$C$8*Parameters!$C$15) -> 9.4650794e-08 | G61: =E61*Parameters!$C$12*Parameters!$F$21*Parameters!$C$13*Parameters!$C$10*Parameters!$C$11*Parameters!$C$14/(Parameters!$C$8*Parameters!$C$15) -> 2.4549959e-07 | H61: =F61/Parameters!$B$21 -> 0.00018930159 | I61: =G61/Parameters!$B$21 -> 0.00049099917 | J61: =H61+I61 -> 0.00068030076 | K61: =F61*Parameters!$C$15/Parameters!$C$16 -> 9.4650794e-08 | L61: =G61*Parameters!$C$15/Parameters!$C$16 -> 2.4549959e-07 | M61: =K61*Parameters!$C$21 -> 3.218127e-08 | N61: =L61*Parameters!$C$21 -> 8.3469859e-08 | O61: =M61+N61 -> 1.1565113e-07
A62: Mid-stream | B62: Adult | C62: p,p'-DDT | D62: =Zone_Site_Means!$E$6 -> 3.6304444 | E62: =D62*Parameters!$B$4*Parameters!$B$5 -> 3.6304444e-06 | F62: =E62*Parameters!$C$9*Parameters!$C$10*Parameters!$C$11/(Parameters!$C$8*Parameters!$C$15) -> 1.0372698e-07 | G62: =E62*Parameters!$C$12*Parameters!$F$22*Parameters!$C$13*Parameters!$C$10*Parameters!$C$11*Parameters!$C$14/(Parameters!$C$8*Parameters!$C$15) -> 3.2286298e-07 | H62: =F62/Parameters!$B$22 -> 0.00020745397 | I62: =G62/Parameters!$B$22 -> 0.00064572596 | J62: =H62+I62 -> 0.00085317993 | K62: =F62*Parameters!$C$15/Parameters!$C$16 -> 1.0372698e-07 | L62: =G62*Parameters!$C$15/Parameters!$C$16 -> 3.2286298e-07 | M62: =K62*Parameters!$C$22 -> 3.5267175e-08 | N62: =L62*Parameters!$C$22 -> 1.0977341e-07 | O62: =M62+N62 -> 1.4504059e-07
A63: Mid-stream | B63: Adult | C63: o,p'-DDD | D63: =Zone_Site_Means!$F$6 -> 2.05 | E63: =D63*Parameters!$B$4*Parameters!$B$5 -> 2.05e-06 | F63: =E63*Parameters!$C$9*Parameters!$C$10*Parameters!$C$11/(Parameters!$C$8*Parameters!$C$15) -> 5.8571429e-08 | G63: =E63*Parameters!$C$12*Parameters!$F$23*Parameters!$C$13*Parameters!$C$10*Parameters!$C$11*Parameters!$C$14/(Parameters!$C$8*Parameters!$C$15) -> 5.8523773e-08 | H63: =F63/Parameters!$B$23 -> 0.00011714286 | I63: =G63/Parameters!$B$23 -> 0.00011704755 | J63: =H63+I63 -> 0.0002341904 | K63: =F63*Parameters!$C$15/Parameters!$C$16 -> 5.8571429e-08 | L63: =G63*Parameters!$C$15/Parameters!$C$16 -> 5.8523773e-08 | M63: =K63*Parameters!$C$23 -> 1.9914286e-08 | N63: =L63*Parameters!$C$23 -> 1.9898083e-08 | O63: =M63+N63 -> 3.9812369e-08
A64: Mid-stream | B64: Adult | C64: p,p'-DDD | D64: =Zone_Site_Means!$G$6 -> 3.7487778 | E64: =D64*Parameters!$B$4*Parameters!$B$5 -> 3.7487778e-06 | F64: =E64*Parameters!$C$9*Parameters!$C$10*Parameters!$C$11/(Parameters!$C$8*Parameters!$C$15) -> 1.0710794e-07 | G64: =E64*Parameters!$C$12*Parameters!$F$24*Parameters!$C$13*Parameters!$C$10*Parameters!$C$11*Parameters!$C$14/(Parameters!$C$8*Parameters!$C$15) -> 1.3442132e-07 | H64: =F64/Parameters!$B$24 -> 0.00021421587 | I64: =G64/Parameters!$B$24 -> 0.00026884264 | J64: =H64+I64 -> 0.00048305851 | K64: =F64*Parameters!$C$15/Parameters!$C$16 -> 1.0710794e-07 | L64: =G64*Parameters!$C$15/Parameters!$C$16 -> 1.3442132e-07 | M64: =K64*Parameters!$C$24 -> 3.6416698e-08 | N64: =L64*Parameters!$C$24 -> 4.5703249e-08 | O64: =M64+N64 -> 8.2119947e-08
A65: Mid-stream | B65: Adult | C65: o,p'-DDE | D65: =Zone_Site_Means!$H$6 -> 5.7722222 | E65: =D65*Parameters!$B$4*Parameters!$B$5 -> 5.7722222e-06 | F65: =E65*Parameters!$C$9*Parameters!$C$10*Parameters!$C$11/(Parameters!$C$8*Parameters!$C$15) -> 1.6492063e-07 | G65: =E65*Parameters!$C$12*Parameters!$F$25*Parameters!$C$13*Parameters!$C$10*Parameters!$C$11*Parameters!$C$14/(Parameters!$C$8*Parameters!$C$15) -> 2.0605232e-07 | H65: =F65/Parameters!$B$25 -> 0.00032984127 | I65: =G65/Parameters!$B$25 -> 0.00041210463 | J65: =H65+I65 -> 0.0007419459 | K65: =F65*Parameters!$C$15/Parameters!$C$16 -> 1.6492063e-07 | L65: =G65*Parameters!$C$15/Parameters!$C$16 -> 2.0605232e-07 | M65: =K65*Parameters!$C$25 -> 5.6073016e-08 | N65: =L65*Parameters!$C$25 -> 7.0057788e-08 | O65: =M65+N65 -> 1.261308e-07
A66: Mid-stream | B66: Adult | C66: p,p'-DDE | D66: =Zone_Site_Means!$I$6 -> 12.331778 | E66: =D66*Parameters!$B$4*Parameters!$B$5 -> 1.2331778e-05 | F66: =E66*Parameters!$C$9*Parameters!$C$10*Parameters!$C$11/(Parameters!$C$8*Parameters!$C$15) -> 3.5233651e-07 | G66: =E66*Parameters!$C$12*Parameters!$F$26*Parameters!$C$13*Parameters!$C$10*Parameters!$C$11*Parameters!$C$14/(Parameters!$C$8*Parameters!$C$15) -> 9.5556481e-07 | H66: =F66/Parameters!$B$26 -> 0.00070467302 | I66: =G66/Parameters!$B$26 -> 0.0019111296 | J66: =H66+I66 -> 0.0026158026 | K66: =F66*Parameters!$C$15/Parameters!$C$16 -> 3.5233651e-07 | L66: =G66*Parameters!$C$15/Parameters!$C$16 -> 9.5556481e-07 | M66: =K66*Parameters!$C$26 -> 1.1979441e-07 | N66: =L66*Parameters!$C$26 -> 3.2489204e-07 | O66: =M66+N66 -> 4.4468645e-07
A67: Mid-stream | B67: Adult | C67: α-HCH | D67: =Zone_Site_Means!$J$6 -> 3.4182222 | E67: =D67*Parameters!$B$4*Parameters!$B$5 -> 3.4182222e-06 | F67: =E67*Parameters!$C$9*Parameters!$C$10*Parameters!$C$11/(Parameters!$C$8*Parameters!$C$15) -> 9.7663492e-08 | G67: =E67*Parameters!$C$12*Parameters!$F$27*Parameters!$C$13*Parameters!$C$10*Parameters!$C$11*Parameters!$C$14/(Parameters!$C$8*Parameters!$C$15) -> 6.1200469e-09 | H67: =F67/Parameters!$B$27 -> 0.00032554497 | I67: =G67/Parameters!$B$27 -> 2.0400156e-05 | J67: =H67+I67 -> 0.00034594513 | K67: =F67*Parameters!$C$15/Parameters!$C$16 -> 9.7663492e-08 | L67: =G67*Parameters!$C$15/Parameters!$C$16 -> 6.1200469e-09 | M67: =K67*Parameters!$C$27 -> 6.1528e-07 | N67: =L67*Parameters!$C$27 -> 3.8556296e-08 | O67: =M67+N67 -> 6.538363e-07
A68: Mid-stream | B68: Adult | C68: β-HCH | D68: =Zone_Site_Means!$K$6 -> 6.392 | E68: =D68*Parameters!$B$4*Parameters!$B$5 -> 6.392e-06 | F68: =E68*Parameters!$C$9*Parameters!$C$10*Parameters!$C$11/(Parameters!$C$8*Parameters!$C$15) -> 1.8262857e-07 | G68: =E68*Parameters!$C$12*Parameters!$F$28*Parameters!$C$13*Parameters!$C$10*Parameters!$C$11*Parameters!$C$14/(Parameters!$C$8*Parameters!$C$15) -> 1.1101744e-08 | H68: =F68/Parameters!$B$28 -> 0.0006087619 | I68: =G68/Parameters!$B$28 -> 3.7005815e-05 | J68: =H68+I68 -> 0.00064576772 | K68: =F68*Parameters!$C$15/Parameters!$C$16 -> 1.8262857e-07 | L68: =G68*Parameters!$C$15/Parameters!$C$16 -> 1.1101744e-08 | M68: =K68*Parameters!$C$28 -> 3.2873143e-07 | N68: =L68*Parameters!$C$28 -> 1.998314e-08 | O68: =M68+N68 -> 3.4871457e-07
A69: Mid-stream | B69: Adult | C69: γ-HCH (Lindane) | D69: =Zone_Site_Means!$L$6 -> 0.87033333 | E69: =D69*Parameters!$B$4*Parameters!$B$5 -> 8.7033333e-07 | F69: =E69*Parameters!$C$9*Parameters!$C$10*Parameters!$C$11/(Parameters!$C$8*Parameters!$C$15) -> 2.4866667e-08 | G69: =E69*Parameters!$C$12*Parameters!$F$29*Parameters!$C$13*Parameters!$C$10*Parameters!$C$11*Parameters!$C$14/(Parameters!$C$8*Parameters!$C$15) -> 1.379876e-09 | H69: =F69/Parameters!$B$29 -> 8.2888889e-05 | I69: =G69/Parameters!$B$29 -> 4.5995868e-06 | J69: =H69+I69 -> 8.7488476e-05 | K69: =F69*Parameters!$C$15/Parameters!$C$16 -> 2.4866667e-08 | L69: =G69*Parameters!$C$15/Parameters!$C$16 -> 1.379876e-09 | M69: =K69*Parameters!$C$29 -> 3.2326667e-08 | N69: =L69*Parameters!$C$29 -> 1.7938389e-09 | O69: =M69+N69 -> 3.4120506e-08
A70: Mid-stream | B70: Adult | C70: δ-HCH | D70: =Zone_Site_Means!$M$6 -> 2.0175222 | E70: =D70*Parameters!$B$4*Parameters!$B$5 -> 2.0175222e-06 | F70: =E70*Parameters!$C$9*Parameters!$C$10*Parameters!$C$11/(Parameters!$C$8*Parameters!$C$15) -> 5.7643492e-08 | G70: =E70*Parameters!$C$12*Parameters!$F$30*Parameters!$C$13*Parameters!$C$10*Parameters!$C$11*Parameters!$C$14/(Parameters!$C$8*Parameters!$C$15) -> 6.0558176e-09 | H70: =F70/Parameters!$B$30 -> 0.00019214497 | I70: =G70/Parameters!$B$30 -> 2.0186059e-05 | J70: =H70+I70 -> 0.00021233103 | K70: =F70*Parameters!$C$15/Parameters!$C$16 -> 5.7643492e-08 | L70: =G70*Parameters!$C$15/Parameters!$C$16 -> 6.0558176e-09 | M70: =K70*Parameters!$C$30 -> 0 | N70: =L70*Parameters!$C$30 -> 0 | O70: =M70+N70 -> 0
A71: Mid-stream | B71: Adult | C71: Aldrin | D71: =Zone_Site_Means!$N$6 -> 1.1774356 | E71: =D71*Parameters!$B$4*Parameters!$B$5 -> 1.1774356e-06 | F71: =E71*Parameters!$C$9*Parameters!$C$10*Parameters!$C$11/(Parameters!$C$8*Parameters!$C$15) -> 3.3641016e-08 | G71: =E71*Parameters!$C$12*Parameters!$F$31*Parameters!$C$13*Parameters!$C$10*Parameters!$C$11*Parameters!$C$14/(Parameters!$C$8*Parameters!$C$15) -> 4.9095717e-08 | H71: =F71/Parameters!$B$31 -> 0.0011213672 | I71: =G71/Parameters!$B$31 -> 0.0016365239 | J71: =H71+I71 -> 0.0027578911 | K71: =F71*Parameters!$C$15/Parameters!$C$16 -> 3.3641016e-08 | L71: =G71*Parameters!$C$15/Parameters!$C$16 -> 4.9095717e-08 | M71: =K71*Parameters!$C$31 -> 5.7189727e-07 | N71: =L71*Parameters!$C$31 -> 8.3462719e-07 | O71: =M71+N71 -> 1.4065245e-06
A72: Mid-stream | B72: Adult | C72: Dieldrin | D72: =Zone_Site_Means!$O$6 -> 2.8312222 | E72: =D72*Parameters!$B$4*Parameters!$B$5 -> 2.8312222e-06 | F72: =E72*Parameters!$C$9*Parameters!$C$10*Parameters!$C$11/(Parameters!$C$8*Parameters!$C$15) -> 8.0892063e-08 | G72: =E72*Parameters!$C$12*Parameters!$F$32*Parameters!$C$13*Parameters!$C$10*Parameters!$C$11*Parameters!$C$14/(Parameters!$C$8*Parameters!$C$15) -> 1.8050133e-08 | H72: =F72/Parameters!$B$32 -> 0.0016178413 | I72: =G72/Parameters!$B$32 -> 0.00036100267 | J72: =H72+I72 -> 0.0019788439 | K72: =F72*Parameters!$C$15/Parameters!$C$16 -> 8.0892063e-08 | L72: =G72*Parameters!$C$15/Parameters!$C$16 -> 1.8050133e-08 | M72: =K72*Parameters!$C$32 -> 1.294273e-06 | N72: =L72*Parameters!$C$32 -> 2.8880214e-07 | O72: =M72+N72 -> 1.5830752e-06
A73: Mid-stream | B73: Adult | C73: Heptachlor | D73: =Zone_Site_Means!$P$6 -> 1.2031111 | E73: =D73*Parameters!$B$4*Parameters!$B$5 -> 1.2031111e-06 | F73: =E73*Parameters!$C$9*Parameters!$C$10*Parameters!$C$11/(Parameters!$C$8*Parameters!$C$15) -> 3.4374603e-08 | G73: =E73*Parameters!$C$12*Parameters!$F$33*Parameters!$C$13*Parameters!$C$10*Parameters!$C$11*Parameters!$C$14/(Parameters!$C$8*Parameters!$C$15) -> 2.450847e-08 | H73: =F73/Parameters!$B$33 -> 6.8749206e-05 | I73: =G73/Parameters!$B$33 -> 4.901694e-05 | J73: =H73+I73 -> 0.00011776615 | K73: =F73*Parameters!$C$15/Parameters!$C$16 -> 3.4374603e-08 | L73: =G73*Parameters!$C$15/Parameters!$C$16 -> 2.450847e-08 | M73: =K73*Parameters!$C$33 -> 1.5468571e-07 | N73: =L73*Parameters!$C$33 -> 1.1028811e-07 | O73: =M73+N73 -> 2.6497383e-07
A74: Mid-stream | B74: Adult | C74: Heptachlor epoxide | D74: =Zone_Site_Means!$Q$6 -> 2.3713333 | E74: =D74*Parameters!$B$4*Parameters!$B$5 -> 2.3713333e-06 | F74: =E74*Parameters!$C$9*Parameters!$C$10*Parameters!$C$11/(Parameters!$C$8*Parameters!$C$15) -> 6.7752381e-08 | G74: =E74*Parameters!$C$12*Parameters!$F$34*Parameters!$C$13*Parameters!$C$10*Parameters!$C$11*Parameters!$C$14/(Parameters!$C$8*Parameters!$C$15) -> 7.1647834e-09 | H74: =F74/Parameters!$B$34 -> 0.0052117216 | I74: =G74/Parameters!$B$34 -> 0.00055113718 | J74: =H74+I74 -> 0.0057628588 | K74: =F74*Parameters!$C$15/Parameters!$C$16 -> 6.7752381e-08 | L74: =G74*Parameters!$C$15/Parameters!$C$16 -> 7.1647834e-09 | M74: =K74*Parameters!$C$34 -> 6.1654667e-07 | N74: =L74*Parameters!$C$34 -> 6.5199529e-08 | O74: =M74+N74 -> 6.817462e-07
A75: Mid-stream | B75: Child | C75: o,p'-DDT | D75: =Zone_Site_Means!$D$6 -> 3.3127778 | E75: =D75*Parameters!$B$4*Parameters!$B$5 -> 3.3127778e-06 | F75: =E75*Parameters!$D$9*Parameters!$D$10*Parameters!$D$11/(Parameters!$D$8*Parameters!$D$15) -> 2.2085185e-07 | G75: =E75*Parameters!$D$12*Parameters!$F$21*Parameters!$D$13*Parameters!$D$10*Parameters!$D$11*Parameters!$D$14/(Parameters!$D$8*Parameters!$D$15) -> 7.2427081e-07 | H75: =F75/Parameters!$B$21 -> 0.0004417037 | I75: =G75/Parameters!$B$21 -> 0.0014485416 | J75: =H75+I75 -> 0.0018902453 | K75: =F75*Parameters!$D$15/Parameters!$D$16 -> 1.8930159e-08 | L75: =G75*Parameters!$D$15/Parameters!$D$16 -> 6.2080355e-08 | M75: =K75*Parameters!$C$21 -> 6.436254e-09 | N75: =L75*Parameters!$C$21 -> 2.1107321e-08 | O75: =M75+N75 -> 2.7543575e-08
A76: Mid-stream | B76: Child | C76: p,p'-DDT | D76: =Zone_Site_Means!$E$6 -> 3.6304444 | E76: =D76*Parameters!$B$4*Parameters!$B$5 -> 3.6304444e-06 | F76: =E76*Parameters!$D$9*Parameters!$D$10*Parameters!$D$11/(Parameters!$D$8*Parameters!$D$15) -> 2.4202963e-07 | G76: =E76*Parameters!$D$12*Parameters!$F$22*Parameters!$D$13*Parameters!$D$10*Parameters!$D$11*Parameters!$D$14/(Parameters!$D$8*Parameters!$D$15) -> 9.5250765e-07 | H76: =F76/Parameters!$B$22 -> 0.00048405926 | I76: =G76/Parameters!$B$22 -> 0.0019050153 | J76: =H76+I76 -> 0.0023890746 | K76: =F76*Parameters!$D$15/Parameters!$D$16 -> 2.0745397e-08 | L76: =G76*Parameters!$D$15/Parameters!$D$16 -> 8.1643513e-08 | M76: =K76*Parameters!$C$22 -> 7.0534349e-09 | N76: =L76*Parameters!$C$22 -> 2.7758794e-08 | O76: =M76+N76 -> 3.4812229e-08
A77: Mid-stream | B77: Child | C77: o,p'-DDD | D77: =Zone_Site_Means!$F$6 -> 2.05 | E77: =D77*Parameters!$B$4*Parameters!$B$5 -> 2.05e-06 | F77: =E77*Parameters!$D$9*Parameters!$D$10*Parameters!$D$11/(Parameters!$D$8*Parameters!$D$15) -> 1.3666667e-07 | G77: =E77*Parameters!$D$12*Parameters!$F$23*Parameters!$D$13*Parameters!$D$10*Parameters!$D$11*Parameters!$D$14/(Parameters!$D$8*Parameters!$D$15) -> 1.7265634e-07 | H77: =F77/Parameters!$B$23 -> 0.00027333333 | I77: =G77/Parameters!$B$23 -> 0.00034531269 | J77: =H77+I77 -> 0.00061864602 | K77: =F77*Parameters!$D$15/Parameters!$D$16 -> 1.1714286e-08 | L77: =G77*Parameters!$D$15/Parameters!$D$16 -> 1.4799115e-08 | M77: =K77*Parameters!$C$23 -> 3.9828571e-09 | N77: =L77*Parameters!$C$23 -> 5.0316991e-09 | O77: =M77+N77 -> 9.0145563e-09
A78: Mid-stream | B78: Child | C78: p,p'-DDD | D78: =Zone_Site_Means!$G$6 -> 3.7487778 | E78: =D78*Parameters!$B$4*Parameters!$B$5 -> 3.7487778e-06 | F78: =E78*Parameters!$D$9*Parameters!$D$10*Parameters!$D$11/(Parameters!$D$8*Parameters!$D$15) -> 2.4991852e-07 | G78: =E78*Parameters!$D$12*Parameters!$F$24*Parameters!$D$13*Parameters!$D$10*Parameters!$D$11*Parameters!$D$14/(Parameters!$D$8*Parameters!$D$15) -> 3.9656864e-07 | H78: =F78/Parameters!$B$24 -> 0.00049983704 | I78: =G78/Parameters!$B$24 -> 0.00079313729 | J78: =H78+I78 -> 0.0012929743 | K78: =F78*Parameters!$D$15/Parameters!$D$16 -> 2.1421587e-08 | L78: =G78*Parameters!$D$15/Parameters!$D$16 -> 3.3991598e-08 | M78: =K78*Parameters!$C$24 -> 7.2833397e-09 | N78: =L78*Parameters!$C$24 -> 1.1557143e-08 | O78: =M78+N78 -> 1.8840483e-08
A79: Mid-stream | B79: Child | C79: o,p'-DDE | D79: =Zone_Site_Means!$H$6 -> 5.7722222 | E79: =D79*Parameters!$B$4*Parameters!$B$5 -> 5.7722222e-06 | F79: =E79*Parameters!$D$9*Parameters!$D$10*Parameters!$D$11/(Parameters!$D$8*Parameters!$D$15) -> 3.8481481e-07 | G79: =E79*Parameters!$D$12*Parameters!$F$25*Parameters!$D$13*Parameters!$D$10*Parameters!$D$11*Parameters!$D$14/(Parameters!$D$8*Parameters!$D$15) -> 6.0789381e-07 | H79: =F79/Parameters!$B$25 -> 0.00076962963 | I79: =G79/Parameters!$B$25 -> 0.0012157876 | J79: =H79+I79 -> 0.0019854172 | K79: =F79*Parameters!$D$15/Parameters!$D$16 -> 3.2984127e-08 | L79: =G79*Parameters!$D$15/Parameters!$D$16 -> 5.2105183e-08 | M79: =K79*Parameters!$C$25 -> 1.1214603e-08 | N79: =L79*Parameters!$C$25 -> 1.7715762e-08 | O79: =M79+N79 -> 2.8930366e-08
A80: Mid-stream | B80: Child | C80: p,p'-DDE | D80: =Zone_Site_Means!$I$6 -> 12.331778 | E80: =D80*Parameters!$B$4*Parameters!$B$5 -> 1.2331778e-05 | F80: =E80*Parameters!$D$9*Parameters!$D$10*Parameters!$D$11/(Parameters!$D$8*Parameters!$D$15) -> 8.2211852e-07 | G80: =E80*Parameters!$D$12*Parameters!$F$26*Parameters!$D$13*Parameters!$D$10*Parameters!$D$11*Parameters!$D$14/(Parameters!$D$8*Parameters!$D$15) -> 2.8190993e-06 | H80: =F80/Parameters!$B$26 -> 0.001644237 | I80: =G80/Parameters!$B$26 -> 0.0056381985 | J80: =H80+I80 -> 0.0072824355 | K80: =F80*Parameters!$D$15/Parameters!$D$16 -> 7.0467302e-08 | L80: =G80*Parameters!$D$15/Parameters!$D$16 -> 2.4163708e-07 | M80: =K80*Parameters!$C$26 -> 2.3958883e-08 | N80: =L80*Parameters!$C$26 -> 8.2156607e-08 | O80: =M80+N80 -> 1.0611549e-07
A81: Mid-stream | B81: Child | C81: α-HCH | D81: =Zone_Site_Means!$J$6 -> 3.4182222 | E81: =D81*Parameters!$B$4*Parameters!$B$5 -> 3.4182222e-06 | F81: =E81*Parameters!$D$9*Parameters!$D$10*Parameters!$D$11/(Parameters!$D$8*Parameters!$D$15) -> 2.2788148e-07 | G81: =E81*Parameters!$D$12*Parameters!$F$27*Parameters!$D$13*Parameters!$D$10*Parameters!$D$11*Parameters!$D$14/(Parameters!$D$8*Parameters!$D$15) -> 1.8055311e-08 | H81: =F81/Parameters!$B$27 -> 0.00075960494 | I81: =G81/Parameters!$B$27 -> 6.0184369e-05 | J81: =H81+I81 -> 0.00081978931 | K81: =F81*Parameters!$D$15/Parameters!$D$16 -> 1.9532698e-08 | L81: =G81*Parameters!$D$15/Parameters!$D$16 -> 1.5475981e-09 | M81: =K81*Parameters!$C$27 -> 1.23056e-07 | N81: =L81*Parameters!$C$27 -> 9.7498679e-09 | O81: =M81+N81 -> 1.3280587e-07
A82: Mid-stream | B82: Child | C82: β-HCH | D82: =Zone_Site_Means!$K$6 -> 6.392 | E82: =D82*Parameters!$B$4*Parameters!$B$5 -> 6.392e-06 | F82: =E82*Parameters!$D$9*Parameters!$D$10*Parameters!$D$11/(Parameters!$D$8*Parameters!$D$15) -> 4.2613333e-07 | G82: =E82*Parameters!$D$12*Parameters!$F$28*Parameters!$D$13*Parameters!$D$10*Parameters!$D$11*Parameters!$D$14/(Parameters!$D$8*Parameters!$D$15) -> 3.2752273e-08 | H82: =F82/Parameters!$B$28 -> 0.0014204444 | I82: =G82/Parameters!$B$28 -> 0.00010917424 | J82: =H82+I82 -> 0.0015296187 | K82: =F82*Parameters!$D$15/Parameters!$D$16 -> 3.6525714e-08 | L82: =G82*Parameters!$D$15/Parameters!$D$16 -> 2.8073377e-09 | M82: =K82*Parameters!$C$28 -> 6.5746286e-08 | N82: =L82*Parameters!$C$28 -> 5.0532078e-09 | O82: =M82+N82 -> 7.0799494e-08
A83: Mid-stream | B83: Child | C83: γ-HCH (Lindane) | D83: =Zone_Site_Means!$L$6 -> 0.87033333 | E83: =D83*Parameters!$B$4*Parameters!$B$5 -> 8.7033333e-07 | F83: =E83*Parameters!$D$9*Parameters!$D$10*Parameters!$D$11/(Parameters!$D$8*Parameters!$D$15) -> 5.8022222e-08 | G83: =E83*Parameters!$D$12*Parameters!$F$29*Parameters!$D$13*Parameters!$D$10*Parameters!$D$11*Parameters!$D$14/(Parameters!$D$8*Parameters!$D$15) -> 4.0708987e-09 | H83: =F83/Parameters!$B$29 -> 0.00019340741 | I83: =G83/Parameters!$B$29 -> 1.3569662e-05 | J83: =H83+I83 -> 0.00020697707 | K83: =F83*Parameters!$D$15/Parameters!$D$16 -> 4.9733333e-09 | L83: =G83*Parameters!$D$15/Parameters!$D$16 -> 3.4893417e-10 | M83: =K83*Parameters!$C$29 -> 6.4653333e-09 | N83: =L83*Parameters!$C$29 -> 4.5361442e-10 | O83: =M83+N83 -> 6.9189478e-09
A84: Mid-stream | B84: Child | C84: δ-HCH | D84: =Zone_Site_Means!$M$6 -> 2.0175222 | E84: =D84*Parameters!$B$4*Parameters!$B$5 -> 2.0175222e-06 | F84: =E84*Parameters!$D$9*Parameters!$D$10*Parameters!$D$11/(Parameters!$D$8*Parameters!$D$15) -> 1.3450148e-07 | G84: =E84*Parameters!$D$12*Parameters!$F$30*Parameters!$D$13*Parameters!$D$10*Parameters!$D$11*Parameters!$D$14/(Parameters!$D$8*Parameters!$D$15) -> 1.7865822e-08 | H84: =F84/Parameters!$B$30 -> 0.00044833827 | I84: =G84/Parameters!$B$30 -> 5.955274e-05 | J84: =H84+I84 -> 0.00050789101 | K84: =F84*Parameters!$D$15/Parameters!$D$16 -> 1.1528698e-08 | L84: =G84*Parameters!$D$15/Parameters!$D$16 -> 1.5313562e-09 | M84: =K84*Parameters!$C$30 -> 0 | N84: =L84*Parameters!$C$30 -> 0 | O84: =M84+N84 -> 0
A85: Mid-stream | B85: Child | C85: Aldrin | D85: =Zone_Site_Means!$N$6 -> 1.1774356 | E85: =D85*Parameters!$B$4*Parameters!$B$5 -> 1.1774356e-06 | F85: =E85*Parameters!$D$9*Parameters!$D$10*Parameters!$D$11/(Parameters!$D$8*Parameters!$D$15) -> 7.8495704e-08 | G85: =E85*Parameters!$D$12*Parameters!$F$31*Parameters!$D$13*Parameters!$D$10*Parameters!$D$11*Parameters!$D$14/(Parameters!$D$8*Parameters!$D$15) -> 1.4484177e-07 | H85: =F85/Parameters!$B$31 -> 0.0026165235 | I85: =G85/Parameters!$B$31 -> 0.004828059 | J85: =H85+I85 -> 0.0074445825 | K85: =F85*Parameters!$D$15/Parameters!$D$16 -> 6.7282032e-09 | L85: =G85*Parameters!$D$15/Parameters!$D$16 -> 1.2415009e-08 | M85: =K85*Parameters!$C$31 -> 1.1437945e-07 | N85: =L85*Parameters!$C$31 -> 2.1105515e-07 | O85: =M85+N85 -> 3.2543461e-07
A86: Mid-stream | B86: Child | C86: Dieldrin | D86: =Zone_Site_Means!$O$6 -> 2.8312222 | E86: =D86*Parameters!$B$4*Parameters!$B$5 -> 2.8312222e-06 | F86: =E86*Parameters!$D$9*Parameters!$D$10*Parameters!$D$11/(Parameters!$D$8*Parameters!$D$15) -> 1.8874815e-07 | G86: =E86*Parameters!$D$12*Parameters!$F$32*Parameters!$D$13*Parameters!$D$10*Parameters!$D$11*Parameters!$D$14/(Parameters!$D$8*Parameters!$D$15) -> 5.3251352e-08 | H86: =F86/Parameters!$B$32 -> 0.003774963 | I86: =G86/Parameters!$B$32 -> 0.001065027 | J86: =H86+I86 -> 0.00483999 | K86: =F86*Parameters!$D$15/Parameters!$D$16 -> 1.6178413e-08 | L86: =G86*Parameters!$D$15/Parameters!$D$16 -> 4.5644016e-09 | M86: =K86*Parameters!$C$32 -> 2.588546e-07 | N86: =L86*Parameters!$C$32 -> 7.3030425e-08 | O86: =M86+N86 -> 3.3188503e-07
A87: Mid-stream | B87: Child | C87: Heptachlor | D87: =Zone_Site_Means!$P$6 -> 1.2031111 | E87: =D87*Parameters!$B$4*Parameters!$B$5 -> 1.2031111e-06 | F87: =E87*Parameters!$D$9*Parameters!$D$10*Parameters!$D$11/(Parameters!$D$8*Parameters!$D$15) -> 8.0207407e-08 | G87: =E87*Parameters!$D$12*Parameters!$F$33*Parameters!$D$13*Parameters!$D$10*Parameters!$D$11*Parameters!$D$14/(Parameters!$D$8*Parameters!$D$15) -> 7.2304681e-08 | H87: =F87/Parameters!$B$33 -> 0.00016041481 | I87: =G87/Parameters!$B$33 -> 0.00014460936 | J87: =H87+I87 -> 0.00030502418 | K87: =F87*Parameters!$D$15/Parameters!$D$16 -> 6.8749206e-09 | L87: =G87*Parameters!$D$15/Parameters!$D$16 -> 6.1975441e-09 | M87: =K87*Parameters!$C$33 -> 3.0937143e-08 | N87: =L87*Parameters!$C$33 -> 2.7888948e-08 | O87: =M87+N87 -> 5.8826091e-08
A88: Mid-stream | B88: Child | C88: Heptachlor epoxide | D88: =Zone_Site_Means!$Q$6 -> 2.3713333 | E88: =D88*Parameters!$B$4*Parameters!$B$5 -> 2.3713333e-06 | F88: =E88*Parameters!$D$9*Parameters!$D$10*Parameters!$D$11/(Parameters!$D$8*Parameters!$D$15) -> 1.5808889e-07 | G88: =E88*Parameters!$D$12*Parameters!$F$34*Parameters!$D$13*Parameters!$D$10*Parameters!$D$11*Parameters!$D$14/(Parameters!$D$8*Parameters!$D$15) -> 2.1137484e-08 | H88: =F88/Parameters!$B$34 -> 0.012160684 | I88: =G88/Parameters!$B$34 -> 0.0016259603 | J88: =H88+I88 -> 0.013786644 | K88: =F88*Parameters!$D$15/Parameters!$D$16 -> 1.3550476e-08 | L88: =G88*Parameters!$D$15/Parameters!$D$16 -> 1.8117843e-09 | M88: =K88*Parameters!$C$34 -> 1.2330933e-07 | N88: =L88*Parameters!$C$34 -> 1.6487237e-08 | O88: =M88+N88 -> 1.3979657e-07
A89: Down-stream | B89: Adult | C89: o,p'-DDT | D89: =Zone_Site_Means!$D$7 -> 6.1028667 | E89: =D89*Parameters!$B$4*Parameters!$B$5 -> 6.1028667e-06 | F89: =E89*Parameters!$C$9*Parameters!$C$10*Parameters!$C$11/(Parameters!$C$8*Parameters!$C$15) -> 1.7436762e-07 | G89: =E89*Parameters!$C$12*Parameters!$F$21*Parameters!$C$13*Parameters!$C$10*Parameters!$C$11*Parameters!$C$14/(Parameters!$C$8*Parameters!$C$15) -> 4.5226433e-07 | H89: =F89/Parameters!$B$21 -> 0.00034873524 | I89: =G89/Parameters!$B$21 -> 0.00090452867 | J89: =H89+I89 -> 0.0012532639 | K89: =F89*Parameters!$C$15/Parameters!$C$16 -> 1.7436762e-07 | L89: =G89*Parameters!$C$15/Parameters!$C$16 -> 4.5226433e-07 | M89: =K89*Parameters!$C$21 -> 5.928499e-08 | N89: =L89*Parameters!$C$21 -> 1.5376987e-07 | O89: =M89+N89 -> 2.1305486e-07
A90: Down-stream | B90: Adult | C90: p,p'-DDT | D90: =Zone_Site_Means!$E$7 -> 7.34768 | E90: =D90*Parameters!$B$4*Parameters!$B$5 -> 7.34768e-06 | F90: =E90*Parameters!$C$9*Parameters!$C$10*Parameters!$C$11/(Parameters!$C$8*Parameters!$C$15) -> 2.0993371e-07 | G90: =E90*Parameters!$C$12*Parameters!$F$22*Parameters!$C$13*Parameters!$C$10*Parameters!$C$11*Parameters!$C$14/(Parameters!$C$8*Parameters!$C$15) -> 6.5344448e-07 | H90: =F90/Parameters!$B$22 -> 0.00041986743 | I90: =G90/Parameters!$B$22 -> 0.001306889 | J90: =H90+I90 -> 0.0017267564 | K90: =F90*Parameters!$C$15/Parameters!$C$16 -> 2.0993371e-07 | L90: =G90*Parameters!$C$15/Parameters!$C$16 -> 6.5344448e-07 | M90: =K90*Parameters!$C$22 -> 7.1377463e-08 | N90: =L90*Parameters!$C$22 -> 2.2217112e-07 | O90: =M90+N90 -> 2.9354859e-07
A91: Down-stream | B91: Adult | C91: o,p'-DDD | D91: =Zone_Site_Means!$F$7 -> 5.9378 | E91: =D91*Parameters!$B$4*Parameters!$B$5 -> 5.9378e-06 | F91: =E91*Parameters!$C$9*Parameters!$C$10*Parameters!$C$11/(Parameters!$C$8*Parameters!$C$15) -> 1.6965143e-07 | G91: =E91*Parameters!$C$12*Parameters!$F$23*Parameters!$C$13*Parameters!$C$10*Parameters!$C$11*Parameters!$C$14/(Parameters!$C$8*Parameters!$C$15) -> 1.695134e-07 | H91: =F91/Parameters!$B$23 -> 0.00033930286 | I91: =G91/Parameters!$B$23 -> 0.00033902679 | J91: =H91+I91 -> 0.00067832965 | K91: =F91*Parameters!$C$15/Parameters!$C$16 -> 1.6965143e-07 | L91: =G91*Parameters!$C$15/Parameters!$C$16 -> 1.695134e-07 | M91: =K91*Parameters!$C$23 -> 5.7681486e-08 | N91: =L91*Parameters!$C$23 -> 5.7634555e-08 | O91: =M91+N91 -> 1.1531604e-07
A92: Down-stream | B92: Adult | C92: p,p'-DDD | D92: =Zone_Site_Means!$G$7 -> 6.756 | E92: =D92*Parameters!$B$4*Parameters!$B$5 -> 6.756e-06 | F92: =E92*Parameters!$C$9*Parameters!$C$10*Parameters!$C$11/(Parameters!$C$8*Parameters!$C$15) -> 1.9302857e-07 | G92: =E92*Parameters!$C$12*Parameters!$F$24*Parameters!$C$13*Parameters!$C$10*Parameters!$C$11*Parameters!$C$14/(Parameters!$C$8*Parameters!$C$15) -> 2.4225241e-07 | H92: =F92/Parameters!$B$24 -> 0.00038605714 | I92: =G92/Parameters!$B$24 -> 0.00048450481 | J92: =H92+I92 -> 0.00087056196 | K92: =F92*Parameters!$C$15/Parameters!$C$16 -> 1.9302857e-07 | L92: =G92*Parameters!$C$15/Parameters!$C$16 -> 2.4225241e-07 | M92: =K92*Parameters!$C$24 -> 6.5629714e-08 | N92: =L92*Parameters!$C$24 -> 8.2365818e-08 | O92: =M92+N92 -> 1.4799553e-07
A93: Down-stream | B93: Adult | C93: o,p'-DDE | D93: =Zone_Site_Means!$H$7 -> 7.3126667 | E93: =D93*Parameters!$B$4*Parameters!$B$5 -> 7.3126667e-06 | F93: =E93*Parameters!$C$9*Parameters!$C$10*Parameters!$C$11/(Parameters!$C$8*Parameters!$C$15) -> 2.0893333e-07 | G93: =E93*Parameters!$C$12*Parameters!$F$25*Parameters!$C$13*Parameters!$C$10*Parameters!$C$11*Parameters!$C$14/(Parameters!$C$8*Parameters!$C$15) -> 2.6104191e-07 | H93: =F93/Parameters!$B$25 -> 0.00041786667 | I93: =G93/Parameters!$B$25 -> 0.00052208382 | J93: =H93+I93 -> 0.00093995048 | K93: =F93*Parameters!$C$15/Parameters!$C$16 -> 2.0893333e-07 | L93: =G93*Parameters!$C$15/Parameters!$C$16 -> 2.6104191e-07 | M93: =K93*Parameters!$C$25 -> 7.1037333e-08 | N93: =L93*Parameters!$C$25 -> 8.8754249e-08 | O93: =M93+N93 -> 1.5979158e-07
A94: Down-stream | B94: Adult | C94: p,p'-DDE | D94: =Zone_Site_Means!$I$7 -> 16.397067 | E94: =D94*Parameters!$B$4*Parameters!$B$5 -> 1.6397067e-05 | F94: =E94*Parameters!$C$9*Parameters!$C$10*Parameters!$C$11/(Parameters!$C$8*Parameters!$C$15) -> 4.6848762e-07 | G94: =E94*Parameters!$C$12*Parameters!$F$26*Parameters!$C$13*Parameters!$C$10*Parameters!$C$11*Parameters!$C$14/(Parameters!$C$8*Parameters!$C$15) -> 1.2705759e-06 | H94: =F94/Parameters!$B$26 -> 0.00093697524 | I94: =G94/Parameters!$B$26 -> 0.0025411518 | J94: =H94+I94 -> 0.0034781271 | K94: =F94*Parameters!$C$15/Parameters!$C$16 -> 4.6848762e-07 | L94: =G94*Parameters!$C$15/Parameters!$C$16 -> 1.2705759e-06 | M94: =K94*Parameters!$C$26 -> 1.5928579e-07 | N94: =L94*Parameters!$C$26 -> 4.3199581e-07 | O94: =M94+N94 -> 5.912816e-07
A95: Down-stream | B95: Adult | C95: α-HCH | D95: =Zone_Site_Means!$J$7 -> 6.3691667 | E95: =D95*Parameters!$B$4*Parameters!$B$5 -> 6.3691667e-06 | F95: =E95*Parameters!$C$9*Parameters!$C$10*Parameters!$C$11/(Parameters!$C$8*Parameters!$C$15) -> 1.8197619e-07 | G95: =E95*Parameters!$C$12*Parameters!$F$27*Parameters!$C$13*Parameters!$C$10*Parameters!$C$11*Parameters!$C$14/(Parameters!$C$8*Parameters!$C$15) -> 1.1403471e-08 | H95: =F95/Parameters!$B$27 -> 0.0006065873 | I95: =G95/Parameters!$B$27 -> 3.8011571e-05 | J95: =H95+I95 -> 0.00064459887 | K95: =F95*Parameters!$C$15/Parameters!$C$16 -> 1.8197619e-07 | L95: =G95*Parameters!$C$15/Parameters!$C$16 -> 1.1403471e-08 | M95: =K95*Parameters!$C$27 -> 1.14645e-06 | N95: =L95*Parameters!$C$27 -> 7.1841869e-08 | O95: =M95+N95 -> 1.2182919e-06
A96: Down-stream | B96: Adult | C96: β-HCH | D96: =Zone_Site_Means!$K$7 -> 11.444467 | E96: =D96*Parameters!$B$4*Parameters!$B$5 -> 1.1444467e-05 | F96: =E96*Parameters!$C$9*Parameters!$C$10*Parameters!$C$11/(Parameters!$C$8*Parameters!$C$15) -> 3.2698476e-07 | G96: =E96*Parameters!$C$12*Parameters!$F$28*Parameters!$C$13*Parameters!$C$10*Parameters!$C$11*Parameters!$C$14/(Parameters!$C$8*Parameters!$C$15) -> 1.9876962e-08 | H96: =F96/Parameters!$B$28 -> 0.0010899492 | I96: =G96/Parameters!$B$28 -> 6.6256541e-05 | J96: =H96+I96 -> 0.0011562057 | K96: =F96*Parameters!$C$15/Parameters!$C$16 -> 3.2698476e-07 | L96: =G96*Parameters!$C$15/Parameters!$C$16 -> 1.9876962e-08 | M96: =K96*Parameters!$C$28 -> 5.8857257e-07 | N96: =L96*Parameters!$C$28 -> 3.5778532e-08 | O96: =M96+N96 -> 6.243511e-07
A97: Down-stream | B97: Adult | C97: γ-HCH (Lindane) | D97: =Zone_Site_Means!$L$7 -> 3.2146667 | E97: =D97*Parameters!$B$4*Parameters!$B$5 -> 3.2146667e-06 | F97: =E97*Parameters!$C$9*Parameters!$C$10*Parameters!$C$11/(Parameters!$C$8*Parameters!$C$15) -> 9.1847619e-08 | G97: =E97*Parameters!$C$12*Parameters!$F$29*Parameters!$C$13*Parameters!$C$10*Parameters!$C$11*Parameters!$C$14/(Parameters!$C$8*Parameters!$C$15) -> 5.0967157e-09 | H97: =F97/Parameters!$B$29 -> 0.00030615873 | I97: =G97/Parameters!$B$29 -> 1.6989052e-05 | J97: =H97+I97 -> 0.00032314778 | K97: =F97*Parameters!$C$15/Parameters!$C$16 -> 9.1847619e-08 | L97: =G97*Parameters!$C$15/Parameters!$C$16 -> 5.0967157e-09 | M97: =K97*Parameters!$C$29 -> 1.194019e-07 | N97: =L97*Parameters!$C$29 -> 6.6257304e-09 | O97: =M97+N97 -> 1.2602764e-07
A98: Down-stream | B98: Adult | C98: δ-HCH | D98: =Zone_Site_Means!$M$7 -> 6.8412 | E98: =D98*Parameters!$B$4*Parameters!$B$5 -> 6.8412e-06 | F98: =E98*Parameters!$C$9*Parameters!$C$10*Parameters!$C$11/(Parameters!$C$8*Parameters!$C$15) -> 1.9546286e-07 | G98: =E98*Parameters!$C$12*Parameters!$F$30*Parameters!$C$13*Parameters!$C$10*Parameters!$C$11*Parameters!$C$14/(Parameters!$C$8*Parameters!$C$15) -> 2.0534624e-08 | H98: =F98/Parameters!$B$30 -> 0.00065154286 | I98: =G98/Parameters!$B$30 -> 6.8448745e-05 | J98: =H98+I98 -> 0.0007199916 | K98: =F98*Parameters!$C$15/Parameters!$C$16 -> 1.9546286e-07 | L98: =G98*Parameters!$C$15/Parameters!$C$16 -> 2.0534624e-08 | M98: =K98*Parameters!$C$30 -> 0 | N98: =L98*Parameters!$C$30 -> 0 | O98: =M98+N98 -> 0
A99: Down-stream | B99: Adult | C99: Aldrin | D99: =Zone_Site_Means!$N$7 -> 3.3355333 | E99: =D99*Parameters!$B$4*Parameters!$B$5 -> 3.3355333e-06 | F99: =E99*Parameters!$C$9*Parameters!$C$10*Parameters!$C$11/(Parameters!$C$8*Parameters!$C$15) -> 9.5300952e-08 | G99: =E99*Parameters!$C$12*Parameters!$F$31*Parameters!$C$13*Parameters!$C$10*Parameters!$C$11*Parameters!$C$14/(Parameters!$C$8*Parameters!$C$15) -> 1.3908226e-07 | H99: =F99/Parameters!$B$31 -> 0.0031766984 | I99: =G99/Parameters!$B$31 -> 0.0046360754 | J99: =H99+I99 -> 0.0078127738 | K99: =F99*Parameters!$C$15/Parameters!$C$16 -> 9.5300952e-08 | L99: =G99*Parameters!$C$15/Parameters!$C$16 -> 1.3908226e-07 | M99: =K99*Parameters!$C$31 -> 1.6201162e-06 | N99: =L99*Parameters!$C$31 -> 2.3643984e-06 | O99: =M99+N99 -> 3.9845146e-06
A100: Down-stream | B100: Adult | C100: Dieldrin | D100: =Zone_Site_Means!$O$7 -> 5.1792667 | E100: =D100*Parameters!$B$4*Parameters!$B$5 -> 5.1792667e-06 | F100: =E100*Parameters!$C$9*Parameters!$C$10*Parameters!$C$11/(Parameters!$C$8*Parameters!$C$15) -> 1.4797905e-07 | G100: =E100*Parameters!$C$12*Parameters!$F$32*Parameters!$C$13*Parameters!$C$10*Parameters!$C$11*Parameters!$C$14/(Parameters!$C$8*Parameters!$C$15) -> 3.3019822e-08 | H100: =F100/Parameters!$B$32 -> 0.002959581 | I100: =G100/Parameters!$B$32 -> 0.00066039644 | J100: =H100+I100 -> 0.0036199774 | K100: =F100*Parameters!$C$15/Parameters!$C$16 -> 1.4797905e-07 | L100: =G100*Parameters!$C$15/Parameters!$C$16 -> 3.3019822e-08 | M100: =K100*Parameters!$C$32 -> 2.3676648e-06 | N100: =L100*Parameters!$C$32 -> 5.2831716e-07 | O100: =M100+N100 -> 2.8959819e-06
A101: Down-stream | B101: Adult | C101: Heptachlor | D101: =Zone_Site_Means!$P$7 -> 3.5108667 | E101: =D101*Parameters!$B$4*Parameters!$B$5 -> 3.5108667e-06 | F101: =E101*Parameters!$C$9*Parameters!$C$10*Parameters!$C$11/(Parameters!$C$8*Parameters!$C$15) -> 1.0031048e-07 | G101: =E101*Parameters!$C$12*Parameters!$F$33*Parameters!$C$13*Parameters!$C$10*Parameters!$C$11*Parameters!$C$14/(Parameters!$C$8*Parameters!$C$15) -> 7.1519554e-08 | H101: =F101/Parameters!$B$33 -> 0.00020062095 | I101: =G101/Parameters!$B$33 -> 0.00014303911 | J101: =H101+I101 -> 0.00034366006 | K101: =F101*Parameters!$C$15/Parameters!$C$16 -> 1.0031048e-07 | L101: =G101*Parameters!$C$15/Parameters!$C$16 -> 7.1519554e-08 | M101: =K101*Parameters!$C$33 -> 4.5139714e-07 | N101: =L101*Parameters!$C$33 -> 3.2183799e-07 | O101: =M101+N101 -> 7.7323513e-07
...

Sheet Health_Summary
A1: Hazard Index (HI = ΣTHQ) and incremental lifetime cancer risk (ΣCR) by grouping and receptor
A3: Group | B3: Receptor | C3: THQ ingestion | D3: THQ dermal | E3: HI (total) | F3: HI < 1 ? | G3: CR ingestion | H3: CR dermal | I3: CR (total) | J3: CR class (USEPA) | K3: Dominant compound (THQ) | L3: Share of HI by dominant compound (%)
A4: Overall | B4: Adult | C4: =SUMIFS(Health_Risk!$H$5:$H$424,Health_Risk!$A$5:$A$424,$A4,Health_Risk!$B$5:$B$424,$B4) -> 0.017368954 | D4: =SUMIFS(Health_Risk!$I$5:$I$424,Health_Risk!$A$5:$A$424,$A4,Health_Risk!$B$5:$B$424,$B4) -> 0.0094696162 | E4: =SUMIFS(Health_Risk!$J$5:$J$424,Health_Risk!$A$5:$A$424,$A4,Health_Risk!$B$5:$B$424,$B4) -> 0.026838571 | F4: =IF(E4<1,"Yes – no appreciable hazard","No – hazard") -> Yes – no appreciable hazard | G4: =SUMIFS(Health_Risk!$M$5:$M$424,Health_Risk!$A$5:$A$424,$A4,Health_Risk!$B$5:$B$424,$B4) -> 6.0064109e-06 | H4: =SUMIFS(Health_Risk!$N$5:$N$424,Health_Risk!$A$5:$A$424,$A4,Health_Risk!$B$5:$B$424,$B4) -> 3.2280314e-06 | I4: =SUMIFS(Health_Risk!$O$5:$O$424,Health_Risk!$A$5:$A$424,$A4,Health_Risk!$B$5:$B$424,$B4) -> 9.2344423e-06 | J4: =IF(I4>0.0001,"Above 1E-4 (unacceptable)",IF(I4>=0.000001,"Within 1E-6 – 1E-4 (acceptable)","Below 1E-6 (negligible)")) -> Within 1E-6 – 1E-4 (acceptable) | K4: =INDEX(Health_Risk!$C$5:$C$18,MATCH(MAX(Health_Risk!$J$5:$J$18),Health_Risk!$J$5:$J$18,0)) -> Heptachlor epoxide | L4: =MAX(Health_Risk!$J$5:$J$18)/E4*100 -> 36.252996
A5: Overall | B5: Child | C5: =SUMIFS(Health_Risk!$H$5:$H$424,Health_Risk!$A$5:$A$424,$A5,Health_Risk!$B$5:$B$424,$B5) -> 0.04052756 | D5: =SUMIFS(Health_Risk!$I$5:$I$424,Health_Risk!$A$5:$A$424,$A5,Health_Risk!$B$5:$B$424,$B5) -> 0.027937182 | E5: =SUMIFS(Health_Risk!$J$5:$J$424,Health_Risk!$A$5:$A$424,$A5,Health_Risk!$B$5:$B$424,$B5) -> 0.068464742 | F5: =IF(E5<1,"Yes – no appreciable hazard","No – hazard") -> Yes – no appreciable hazard | G5: =SUMIFS(Health_Risk!$M$5:$M$424,Health_Risk!$A$5:$A$424,$A5,Health_Risk!$B$5:$B$424,$B5) -> 1.2012822e-06 | H5: =SUMIFS(Health_Risk!$N$5:$N$424,Health_Risk!$A$5:$A$424,$A5,Health_Risk!$B$5:$B$424,$B5) -> 8.1628381e-07 | I5: =SUMIFS(Health_Risk!$O$5:$O$424,Health_Risk!$A$5:$A$424,$A5,Health_Risk!$B$5:$B$424,$B5) -> 2.017566e-06 | J5: =IF(I5>0.0001,"Above 1E-4 (unacceptable)",IF(I5>=0.000001,"Within 1E-6 – 1E-4 (acceptable)","Below 1E-6 (negligible)")) -> Within 1E-6 – 1E-4 (acceptable) | K5: =INDEX(Health_Risk!$C$19:$C$32,MATCH(MAX(Health_Risk!$J$19:$J$32),Health_Risk!$J$19:$J$32,0)) -> Heptachlor epoxide | L5: =MAX(Health_Risk!$J$19:$J$32)/E5*100 -> 33.998276
A6: Up-stream | B6: Adult | C6: =SUMIFS(Health_Risk!$H$5:$H$424,Health_Risk!$A$5:$A$424,$A6,Health_Risk!$B$5:$B$424,$B6) -> 0.013008654 | D6: =SUMIFS(Health_Risk!$I$5:$I$424,Health_Risk!$A$5:$A$424,$A6,Health_Risk!$B$5:$B$424,$B6) -> 0.0065405536 | E6: =SUMIFS(Health_Risk!$J$5:$J$424,Health_Risk!$A$5:$A$424,$A6,Health_Risk!$B$5:$B$424,$B6) -> 0.019549207 | F6: =IF(E6<1,"Yes – no appreciable hazard","No – hazard") -> Yes – no appreciable hazard | G6: =SUMIFS(Health_Risk!$M$5:$M$424,Health_Risk!$A$5:$A$424,$A6,Health_Risk!$B$5:$B$424,$B6) -> 4.4532244e-06 | H6: =SUMIFS(Health_Risk!$N$5:$N$424,Health_Risk!$A$5:$A$424,$A6,Health_Risk!$B$5:$B$424,$B6) -> 2.2976413e-06 | I6: =SUMIFS(Health_Risk!$O$5:$O$424,Health_Risk!$A$5:$A$424,$A6,Health_Risk!$B$5:$B$424,$B6) -> 6.7508656e-06 | J6: =IF(I6>0.0001,"Above 1E-4 (unacceptable)",IF(I6>=0.000001,"Within 1E-6 – 1E-4 (acceptable)","Below 1E-6 (negligible)")) -> Within 1E-6 – 1E-4 (acceptable) | K6: =INDEX(Health_Risk!$C$33:$C$46,MATCH(MAX(Health_Risk!$J$33:$J$46),Health_Risk!$J$33:$J$46,0)) -> Heptachlor epoxide | L6: =MAX(Health_Risk!$J$33:$J$46)/E6*100 -> 40.157212
A7: Up-stream | B7: Child | C7: =SUMIFS(Health_Risk!$H$5:$H$424,Health_Risk!$A$5:$A$424,$A7,Health_Risk!$B$5:$B$424,$B7) -> 0.030353526 | D7: =SUMIFS(Health_Risk!$I$5:$I$424,Health_Risk!$A$5:$A$424,$A7,Health_Risk!$B$5:$B$424,$B7) -> 0.019295886 | E7: =SUMIFS(Health_Risk!$J$5:$J$424,Health_Risk!$A$5:$A$424,$A7,Health_Risk!$B$5:$B$424,$B7) -> 0.049649412 | F7: =IF(E7<1,"Yes – no appreciable hazard","No – hazard") -> Yes – no appreciable hazard | G7: =SUMIFS(Health_Risk!$M$5:$M$424,Health_Risk!$A$5:$A$424,$A7,Health_Risk!$B$5:$B$424,$B7) -> 8.9064488e-07 | H7: =SUMIFS(Health_Risk!$N$5:$N$424,Health_Risk!$A$5:$A$424,$A7,Health_Risk!$B$5:$B$424,$B7) -> 5.8101273e-07 | I7: =SUMIFS(Health_Risk!$O$5:$O$424,Health_Risk!$A$5:$A$424,$A7,Health_Risk!$B$5:$B$424,$B7) -> 1.4716576e-06 | J7: =IF(I7>0.0001,"Above 1E-4 (unacceptable)",IF(I7>=0.000001,"Within 1E-6 – 1E-4 (acceptable)","Below 1E-6 (negligible)")) -> Within 1E-6 – 1E-4 (acceptable) | K7: =INDEX(Health_Risk!$C$47:$C$60,MATCH(MAX(Health_Risk!$J$47:$J$60),Health_Risk!$J$47:$J$60,0)) -> Heptachlor epoxide | L7: =MAX(Health_Risk!$J$47:$J$60)/E7*100 -> 37.826764
A8: Mid-stream | B8: Adult | C8: =SUMIFS(Health_Risk!$H$5:$H$424,Health_Risk!$A$5:$A$424,$A8,Health_Risk!$B$5:$B$424,$B8) -> 0.010991649 | D8: =SUMIFS(Health_Risk!$I$5:$I$424,Health_Risk!$A$5:$A$424,$A8,Health_Risk!$B$5:$B$424,$B8) -> 0.0065257219 | E8: =SUMIFS(Health_Risk!$J$5:$J$424,Health_Risk!$A$5:$A$424,$A8,Health_Risk!$B$5:$B$424,$B8) -> 0.01751737 | F8: =IF(E8<1,"Yes – no appreciable hazard","No – hazard") -> Yes – no appreciable hazard | G8: =SUMIFS(Health_Risk!$M$5:$M$424,Health_Risk!$A$5:$A$424,$A8,Health_Risk!$B$5:$B$424,$B8) -> 3.9133876e-06 | H8: =SUMIFS(Health_Risk!$N$5:$N$424,Health_Risk!$A$5:$A$424,$A8,Health_Risk!$B$5:$B$424,$B8) -> 2.0130447e-06 | I8: =SUMIFS(Health_Risk!$O$5:$O$424,Health_Risk!$A$5:$A$424,$A8,Health_Risk!$B$5:$B$424,$B8) -> 5.9264323e-06 | J8: =IF(I8>0.0001,"Above 1E-4 (unacceptable)",IF(I8>=0.000001,"Within 1E-6 – 1E-4 (acceptable)","Below 1E-6 (negligible)")) -> Within 1E-6 – 1E-4 (acceptable) | K8: =INDEX(Health_Risk!$C$61:$C$74,MATCH(MAX(Health_Risk!$J$61:$J$74),Health_Risk!$J$61:$J$74,0)) -> Heptachlor epoxide | L8: =MAX(Health_Risk!$J$61:$J$74)/E8*100 -> 32.897967
A9: Mid-stream | B9: Child | C9: =SUMIFS(Health_Risk!$H$5:$H$424,Health_Risk!$A$5:$A$424,$A9,Health_Risk!$B$5:$B$424,$B9) -> 0.02564718 | D9: =SUMIFS(Health_Risk!$I$5:$I$424,Health_Risk!$A$5:$A$424,$A9,Health_Risk!$B$5:$B$424,$B9) -> 0.01925213 | E9: =SUMIFS(Health_Risk!$J$5:$J$424,Health_Risk!$A$5:$A$424,$A9,Health_Risk!$B$5:$B$424,$B9) -> 0.04489931 | F9: =IF(E9<1,"Yes – no appreciable hazard","No – hazard") -> Yes – no appreciable hazard | G9: =SUMIFS(Health_Risk!$M$5:$M$424,Health_Risk!$A$5:$A$424,$A9,Health_Risk!$B$5:$B$424,$B9) -> 7.8267752e-07 | H9: =SUMIFS(Health_Risk!$N$5:$N$424,Health_Risk!$A$5:$A$424,$A9,Health_Risk!$B$5:$B$424,$B9) -> 5.0904578e-07 | I9: =SUMIFS(Health_Risk!$O$5:$O$424,Health_Risk!$A$5:$A$424,$A9,Health_Risk!$B$5:$B$424,$B9) -> 1.2917233e-06 | J9: =IF(I9>0.0001,"Above 1E-4 (unacceptable)",IF(I9>=0.000001,"Within 1E-6 – 1E-4 (acceptable)","Below 1E-6 (negligible)")) -> Within 1E-6 – 1E-4 (acceptable) | K9: =INDEX(Health_Risk!$C$75:$C$88,MATCH(MAX(Health_Risk!$J$75:$J$88),Health_Risk!$J$75:$J$88,0)) -> Heptachlor epoxide | L9: =MAX(Health_Risk!$J$75:$J$88)/E9*100 -> 30.705693
A10: Down-stream | B10: Adult | C10: =SUMIFS(Health_Risk!$H$5:$H$424,Health_Risk!$A$5:$A$424,$A10,Health_Risk!$B$5:$B$424,$B10) -> 0.023811518 | D10: =SUMIFS(Health_Risk!$I$5:$I$424,Health_Risk!$A$5:$A$424,$A10,Health_Risk!$B$5:$B$424,$B10) -> 0.01299339 | E10: =SUMIFS(Health_Risk!$J$5:$J$424,Health_Risk!$A$5:$A$424,$A10,Health_Risk!$B$5:$B$424,$B10) -> 0.036804908 | F10: =IF(E10<1,"Yes – no appreciable hazard","No – hazard") -> Yes – no appreciable hazard | G10: =SUMIFS(Health_Risk!$M$5:$M$424,Health_Risk!$A$5:$A$424,$A10,Health_Risk!$B$5:$B$424,$B10) -> 8.1941367e-06 | H10: =SUMIFS(Health_Risk!$N$5:$N$424,Health_Risk!$A$5:$A$424,$A10,Health_Risk!$B$5:$B$424,$B10) -> 4.5152576e-06 | I10: =SUMIFS(Health_Risk!$O$5:$O$424,Health_Risk!$A$5:$A$424,$A10,Health_Risk!$B$5:$B$424,$B10) -> 1.2709394e-05 | J10: =IF(I10>0.0001,"Above 1E-4 (unacceptable)",IF(I10>=0.000001,"Within 1E-6 – 1E-4 (acceptable)","Below 1E-6 (negligible)")) -> Within 1E-6 – 1E-4 (acceptable) | K10: =INDEX(Health_Risk!$C$89:$C$102,MATCH(MAX(Health_Risk!$J$89:$J$102),Health_Risk!$J$89:$J$102,0)) -> Heptachlor epoxide | L10: =MAX(Health_Risk!$J$89:$J$102)/E10*100 -> 35.966843
A11: Down-stream | B11: Child | C11: =SUMIFS(Health_Risk!$H$5:$H$424,Health_Risk!$A$5:$A$424,$A11,Health_Risk!$B$5:$B$424,$B11) -> 0.055560209 | D11: =SUMIFS(Health_Risk!$I$5:$I$424,Health_Risk!$A$5:$A$424,$A11,Health_Risk!$B$5:$B$424,$B11) -> 0.038332991 | E11: =SUMIFS(Health_Risk!$J$5:$J$424,Health_Risk!$A$5:$A$424,$A11,Health_Risk!$B$5:$B$424,$B11) -> 0.0938932 | F11: =IF(E11<1,"Yes – no appreciable hazard","No – hazard") -> Yes – no appreciable hazard | G11: =SUMIFS(Health_Risk!$M$5:$M$424,Health_Risk!$A$5:$A$424,$A11,Health_Risk!$B$5:$B$424,$B11) -> 1.6388273e-06 | H11: =SUMIFS(Health_Risk!$N$5:$N$424,Health_Risk!$A$5:$A$424,$A11,Health_Risk!$B$5:$B$424,$B11) -> 1.1417893e-06 | I11: =SUMIFS(Health_Risk!$O$5:$O$424,Health_Risk!$A$5:$A$424,$A11,Health_Risk!$B$5:$B$424,$B11) -> 2.7806166e-06 | J11: =IF(I11>0.0001,"Above 1E-4 (unacceptable)",IF(I11>=0.000001,"Within 1E-6 – 1E-4 (acceptable)","Below 1E-6 (negligible)")) -> Within 1E-6 – 1E-4 (acceptable) | K11: =INDEX(Health_Risk!$C$103:$C$116,MATCH(MAX(Health_Risk!$J$103:$J$116),Health_Risk!$J$103:$J$116,0)) -> Heptachlor epoxide | L11: =MAX(Health_Risk!$J$103:$J$116)/E11*100 -> 33.728304
A12: Bhujpur Dam | B12: Adult | C12: =SUMIFS(Health_Risk!$H$5:$H$424,Health_Risk!$A$5:$A$424,$A12,Health_Risk!$B$5:$B$424,$B12) -> 0.007609577 | D12: =SUMIFS(Health_Risk!$I$5:$I$424,Health_Risk!$A$5:$A$424,$A12,Health_Risk!$B$5:$B$424,$B12) -> 0.0039481458 | E12: =SUMIFS(Health_Risk!$J$5:$J$424,Health_Risk!$A$5:$A$424,$A12,Health_Risk!$B$5:$B$424,$B12) -> 0.011557723 | F12: =IF(E12<1,"Yes – no appreciable hazard","No – hazard") -> Yes – no appreciable hazard | G12: =SUMIFS(Health_Risk!$M$5:$M$424,Health_Risk!$A$5:$A$424,$A12,Health_Risk!$B$5:$B$424,$B12) -> 2.4050642e-06 | H12: =SUMIFS(Health_Risk!$N$5:$N$424,Health_Risk!$A$5:$A$424,$A12,Health_Risk!$B$5:$B$424,$B12) -> 1.0779277e-06 | I12: =SUMIFS(Health_Risk!$O$5:$O$424,Health_Risk!$A$5:$A$424,$A12,Health_Risk!$B$5:$B$424,$B12) -> 3.4829919e-06 | J12: =IF(I12>0.0001,"Above 1E-4 (unacceptable)",IF(I12>=0.000001,"Within 1E-6 – 1E-4 (acceptable)","Below 1E-6 (negligible)")) -> Within 1E-6 – 1E-4 (acceptable) | K12: =INDEX(Health_Risk!$C$117:$C$130,MATCH(MAX(Health_Risk!$J$117:$J$130),Health_Risk!$J$117:$J$130,0)) -> Heptachlor epoxide | L12: =MAX(Health_Risk!$J$117:$J$130)/E12*100 -> 41.282609
A13: Bhujpur Dam | B13: Child | C13: =SUMIFS(Health_Risk!$H$5:$H$424,Health_Risk!$A$5:$A$424,$A13,Health_Risk!$B$5:$B$424,$B13) -> 0.01775568 | D13: =SUMIFS(Health_Risk!$I$5:$I$424,Health_Risk!$A$5:$A$424,$A13,Health_Risk!$B$5:$B$424,$B13) -> 0.011647786 | E13: =SUMIFS(Health_Risk!$J$5:$J$424,Health_Risk!$A$5:$A$424,$A13,Health_Risk!$B$5:$B$424,$B13) -> 0.029403466 | F13: =IF(E13<1,"Yes – no appreciable hazard","No – hazard") -> Yes – no appreciable hazard | G13: =SUMIFS(Health_Risk!$M$5:$M$424,Health_Risk!$A$5:$A$424,$A13,Health_Risk!$B$5:$B$424,$B13) -> 4.8101284e-07 | H13: =SUMIFS(Health_Risk!$N$5:$N$424,Health_Risk!$A$5:$A$424,$A13,Health_Risk!$B$5:$B$424,$B13) -> 2.7257942e-07 | I13: =SUMIFS(Health_Risk!$O$5:$O$424,Health_Risk!$A$5:$A$424,$A13,Health_Risk!$B$5:$B$424,$B13) -> 7.5359226e-07 | J13: =IF(I13>0.0001,"Above 1E-4 (unacceptable)",IF(I13>=0.000001,"Within 1E-6 – 1E-4 (acceptable)","Below 1E-6 (negligible)")) -> Below 1E-6 (negligible) | K13: =INDEX(Health_Risk!$C$131:$C$144,MATCH(MAX(Health_Risk!$J$131:$J$144),Health_Risk!$J$131:$J$144,0)) -> Heptachlor epoxide | L13: =MAX(Health_Risk!$J$131:$J$144)/E13*100 -> 38.820531
A14: Ekkhuliya | B14: Adult | C14: =SUMIFS(Health_Risk!$H$5:$H$424,Health_Risk!$A$5:$A$424,$A14,Health_Risk!$B$5:$B$424,$B14) -> 0.0029640884 | D14: =SUMIFS(Health_Risk!$I$5:$I$424,Health_Risk!$A$5:$A$424,$A14,Health_Risk!$B$5:$B$424,$B14) -> 0.0022664728 | E14: =SUMIFS(Health_Risk!$J$5:$J$424,Health_Risk!$A$5:$A$424,$A14,Health_Risk!$B$5:$B$424,$B14) -> 0.0052305612 | F14: =IF(E14<1,"Yes – no appreciable hazard","No – hazard") -> Yes – no appreciable hazard | G14: =SUMIFS(Health_Risk!$M$5:$M$424,Health_Risk!$A$5:$A$424,$A14,Health_Risk!$B$5:$B$424,$B14) -> 1.1694682e-06 | H14: =SUMIFS(Health_Risk!$N$5:$N$424,Health_Risk!$A$5:$A$424,$A14,Health_Risk!$B$5:$B$424,$B14) -> 7.1765193e-07 | I14: =SUMIFS(Health_Risk!$O$5:$O$424,Health_Risk!$A$5:$A$424,$A14,Health_Risk!$B$5:$B$424,$B14) -> 1.8871201e-06 | J14: =IF(I14>0.0001,"Above 1E-4 (unacceptable)",IF(I14>=0.000001,"Within 1E-6 – 1E-4 (acceptable)","Below 1E-6 (negligible)")) -> Within 1E-6 – 1E-4 (acceptable) | K14: =INDEX(Health_Risk!$C$145:$C$158,MATCH(MAX(Health_Risk!$J$145:$J$158),Health_Risk!$J$145:$J$158,0)) -> p,p'-DDE | L14: =MAX(Health_Risk!$J$145:$J$158)/E14*100 -> 23.856418
A15: Ekkhuliya | B15: Child | C15: =SUMIFS(Health_Risk!$H$5:$H$424,Health_Risk!$A$5:$A$424,$A15,Health_Risk!$B$5:$B$424,$B15) -> 0.0069162063 | D15: =SUMIFS(Health_Risk!$I$5:$I$424,Health_Risk!$A$5:$A$424,$A15,Health_Risk!$B$5:$B$424,$B15) -> 0.006686529 | E15: =SUMIFS(Health_Risk!$J$5:$J$424,Health_Risk!$A$5:$A$424,$A15,Health_Risk!$B$5:$B$424,$B15) -> 0.013602735 | F15: =IF(E15<1,"Yes – no appreciable hazard","No – hazard") -> Yes – no appreciable hazard | G15: =SUMIFS(Health_Risk!$M$5:$M$424,Health_Risk!$A$5:$A$424,$A15,Health_Risk!$B$5:$B$424,$B15) -> 2.3389364e-07 | H15: =SUMIFS(Health_Risk!$N$5:$N$424,Health_Risk!$A$5:$A$424,$A15,Health_Risk!$B$5:$B$424,$B15) -> 1.814752e-07 | I15: =SUMIFS(Health_Risk!$O$5:$O$424,Health_Risk!$A$5:$A$424,$A15,Health_Risk!$B$5:$B$424,$B15) -> 4.1536884e-07 | J15: =IF(I15>0.0001,"Above 1E-4 (unacceptable)",IF(I15>=0.000001,"Within 1E-6 – 1E-4 (acceptable)","Below 1E-6 (negligible)")) -> Below 1E-6 (negligible) | K15: =INDEX(Health_Risk!$C$159:$C$172,MATCH(MAX(Health_Risk!$J$159:$J$172),Health_Risk!$J$159:$J$172,0)) -> p,p'-DDE | L15: =MAX(Health_Risk!$J$159:$J$172)/E15*100 -> 25.53871
A16: Nazirhat | B16: Adult | C16: =SUMIFS(Health_Risk!$H$5:$H$424,Health_Risk!$A$5:$A$424,$A16,Health_Risk!$B$5:$B$424,$B16) -> 0.028452296 | D16: =SUMIFS(Health_Risk!$I$5:$I$424,Health_Risk!$A$5:$A$424,$A16,Health_Risk!$B$5:$B$424,$B16) -> 0.013407042 | E16: =SUMIFS(Health_Risk!$J$5:$J$424,Health_Risk!$A$5:$A$424,$A16,Health_Risk!$B$5:$B$424,$B16) -> 0.041859338 | F16: =IF(E16<1,"Yes – no appreciable hazard","No – hazard") -> Yes – no appreciable hazard | G16: =SUMIFS(Health_Risk!$M$5:$M$424,Health_Risk!$A$5:$A$424,$A16,Health_Risk!$B$5:$B$424,$B16) -> 9.7851408e-06 | H16: =SUMIFS(Health_Risk!$N$5:$N$424,Health_Risk!$A$5:$A$424,$A16,Health_Risk!$B$5:$B$424,$B16) -> 5.0973441e-06 | I16: =SUMIFS(Health_Risk!$O$5:$O$424,Health_Risk!$A$5:$A$424,$A16,Health_Risk!$B$5:$B$424,$B16) -> 1.4882485e-05 | J16: =IF(I16>0.0001,"Above 1E-4 (unacceptable)",IF(I16>=0.000001,"Within 1E-6 – 1E-4 (acceptable)","Below 1E-6 (negligible)")) -> Within 1E-6 – 1E-4 (acceptable) | K16: =INDEX(Health_Risk!$C$173:$C$186,MATCH(MAX(Health_Risk!$J$173:$J$186),Health_Risk!$J$173:$J$186,0)) -> Heptachlor epoxide | L16: =MAX(Health_Risk!$J$173:$J$186)/E16*100 -> 41.961512
A17: Nazirhat | B17: Child | C17: =SUMIFS(Health_Risk!$H$5:$H$424,Health_Risk!$A$5:$A$424,$A17,Health_Risk!$B$5:$B$424,$B17) -> 0.066388691 | D17: =SUMIFS(Health_Risk!$I$5:$I$424,Health_Risk!$A$5:$A$424,$A17,Health_Risk!$B$5:$B$424,$B17) -> 0.039553343 | E17: =SUMIFS(Health_Risk!$J$5:$J$424,Health_Risk!$A$5:$A$424,$A17,Health_Risk!$B$5:$B$424,$B17) -> 0.10594203 | F17: =IF(E17<1,"Yes – no appreciable hazard","No – hazard") -> Yes – no appreciable hazard | G17: =SUMIFS(Health_Risk!$M$5:$M$424,Health_Risk!$A$5:$A$424,$A17,Health_Risk!$B$5:$B$424,$B17) -> 1.9570282e-06 | H17: =SUMIFS(Health_Risk!$N$5:$N$424,Health_Risk!$A$5:$A$424,$A17,Health_Risk!$B$5:$B$424,$B17) -> 1.2889836e-06 | I17: =SUMIFS(Health_Risk!$O$5:$O$424,Health_Risk!$A$5:$A$424,$A17,Health_Risk!$B$5:$B$424,$B17) -> 3.2460117e-06 | J17: =IF(I17>0.0001,"Above 1E-4 (unacceptable)",IF(I17>=0.000001,"Within 1E-6 – 1E-4 (acceptable)","Below 1E-6 (negligible)")) -> Within 1E-6 – 1E-4 (acceptable) | K17: =INDEX(Health_Risk!$C$187:$C$200,MATCH(MAX(Health_Risk!$J$187:$J$200),Health_Risk!$J$187:$J$200,0)) -> Heptachlor epoxide | L17: =MAX(Health_Risk!$J$187:$J$200)/E17*100 -> 39.663932
A18: Sekandar Para | B18: Adult | C18: =SUMIFS(Health_Risk!$H$5:$H$424,Health_Risk!$A$5:$A$424,$A18,Health_Risk!$B$5:$B$424,$B18) -> 0.0066210662 | D18: =SUMIFS(Health_Risk!$I$5:$I$424,Health_Risk!$A$5:$A$424,$A18,Health_Risk!$B$5:$B$424,$B18) -> 0.0057822004 | E18: =SUMIFS(Health_Risk!$J$5:$J$424,Health_Risk!$A$5:$A$424,$A18,Health_Risk!$B$5:$B$424,$B18) -> 0.012403267 | F18: =IF(E18<1,"Yes – no appreciable hazard","No – hazard") -> Yes – no appreciable hazard | G18: =SUMIFS(Health_Risk!$M$5:$M$424,Health_Risk!$A$5:$A$424,$A18,Health_Risk!$B$5:$B$424,$B18) -> 3.3532842e-06 | H18: =SUMIFS(Health_Risk!$N$5:$N$424,Health_Risk!$A$5:$A$424,$A18,Health_Risk!$B$5:$B$424,$B18) -> 1.9699749e-06 | I18: =SUMIFS(Health_Risk!$O$5:$O$424,Health_Risk!$A$5:$A$424,$A18,Health_Risk!$B$5:$B$424,$B18) -> 5.3232591e-06 | J18: =IF(I18>0.0001,"Above 1E-4 (unacceptable)",IF(I18>=0.000001,"Within 1E-6 – 1E-4 (acceptable)","Below 1E-6 (negligible)")) -> Within 1E-6 – 1E-4 (acceptable) | K18: =INDEX(Health_Risk!$C$201:$C$214,MATCH(MAX(Health_Risk!$J$201:$J$214),Health_Risk!$J$201:$J$214,0)) -> Aldrin | L18: =MAX(Health_Risk!$J$201:$J$214)/E18*100 -> 26.003357
A19: Sekandar Para | B19: Child | C19: =SUMIFS(Health_Risk!$H$5:$H$424,Health_Risk!$A$5:$A$424,$A19,Health_Risk!$B$5:$B$424,$B19) -> 0.015449154 | D19: =SUMIFS(Health_Risk!$I$5:$I$424,Health_Risk!$A$5:$A$424,$A19,Health_Risk!$B$5:$B$424,$B19) -> 0.017058599 | E19: =SUMIFS(Health_Risk!$J$5:$J$424,Health_Risk!$A$5:$A$424,$A19,Health_Risk!$B$5:$B$424,$B19) -> 0.032507753 | F19: =IF(E19<1,"Yes – no appreciable hazard","No – hazard") -> Yes – no appreciable hazard | G19: =SUMIFS(Health_Risk!$M$5:$M$424,Health_Risk!$A$5:$A$424,$A19,Health_Risk!$B$5:$B$424,$B19) -> 6.7065684e-07 | H19: =SUMIFS(Health_Risk!$N$5:$N$424,Health_Risk!$A$5:$A$424,$A19,Health_Risk!$B$5:$B$424,$B19) -> 4.9815457e-07 | I19: =SUMIFS(Health_Risk!$O$5:$O$424,Health_Risk!$A$5:$A$424,$A19,Health_Risk!$B$5:$B$424,$B19) -> 1.1688114e-06 | J19: =IF(I19>0.0001,"Above 1E-4 (unacceptable)",IF(I19>=0.000001,"Within 1E-6 – 1E-4 (acceptable)","Below 1E-6 (negligible)")) -> Within 1E-6 – 1E-4 (acceptable) | K19: =INDEX(Health_Risk!$C$215:$C$228,MATCH(MAX(Health_Risk!$J$215:$J$228),Health_Risk!$J$215:$J$228,0)) -> Aldrin | L19: =MAX(Health_Risk!$J$215:$J$228)/E19*100 -> 26.781924
A20: Nichintapur | B20: Adult | C20: =SUMIFS(Health_Risk!$H$5:$H$424,Health_Risk!$A$5:$A$424,$A20,Health_Risk!$B$5:$B$424,$B20) -> 0.012234685 | D20: =SUMIFS(Health_Risk!$I$5:$I$424,Health_Risk!$A$5:$A$424,$A20,Health_Risk!$B$5:$B$424,$B20) -> 0.005741991 | E20: =SUMIFS(Health_Risk!$J$5:$J$424,Health_Risk!$A$5:$A$424,$A20,Health_Risk!$B$5:$B$424,$B20) -> 0.017976677 | F20: =IF(E20<1,"Yes – no appreciable hazard","No – hazard") -> Yes – no appreciable hazard | G20: =SUMIFS(Health_Risk!$M$5:$M$424,Health_Risk!$A$5:$A$424,$A20,Health_Risk!$B$5:$B$424,$B20) -> 3.4333482e-06 | H20: =SUMIFS(Health_Risk!$N$5:$N$424,Health_Risk!$A$5:$A$424,$A20,Health_Risk!$B$5:$B$424,$B20) -> 1.4775962e-06 | I20: =SUMIFS(Health_Risk!$O$5:$O$424,Health_Risk!$A$5:$A$424,$A20,Health_Risk!$B$5:$B$424,$B20) -> 4.9109443e-06 | J20: =IF(I20>0.0001,"Above 1E-4 (unacceptable)",IF(I20>=0.000001,"Within 1E-6 – 1E-4 (acceptable)","Below 1E-6 (negligible)")) -> Within 1E-6 – 1E-4 (acceptable) | K20: =INDEX(Health_Risk!$C$229:$C$242,MATCH(MAX(Health_Risk!$J$229:$J$242),Health_Risk!$J$229:$J$242,0)) -> Heptachlor epoxide | L20: =MAX(Health_Risk!$J$229:$J$242)/E20*100 -> 46.67117
A21: Nichintapur | B21: Child | C21: =SUMIFS(Health_Risk!$H$5:$H$424,Health_Risk!$A$5:$A$424,$A21,Health_Risk!$B$5:$B$424,$B21) -> 0.028547599 | D21: =SUMIFS(Health_Risk!$I$5:$I$424,Health_Risk!$A$5:$A$424,$A21,Health_Risk!$B$5:$B$424,$B21) -> 0.016939974 | E21: =SUMIFS(Health_Risk!$J$5:$J$424,Health_Risk!$A$5:$A$424,$A21,Health_Risk!$B$5:$B$424,$B21) -> 0.045487573 | F21: =IF(E21<1,"Yes – no appreciable hazard","No – hazard") -> Yes – no appreciable hazard | G21: =SUMIFS(Health_Risk!$M$5:$M$424,Health_Risk!$A$5:$A$424,$A21,Health_Risk!$B$5:$B$424,$B21) -> 6.8666964e-07 | H21: =SUMIFS(Health_Risk!$N$5:$N$424,Health_Risk!$A$5:$A$424,$A21,Health_Risk!$B$5:$B$424,$B21) -> 3.73645e-07 | I21: =SUMIFS(Health_Risk!$O$5:$O$424,Health_Risk!$A$5:$A$424,$A21,Health_Risk!$B$5:$B$424,$B21) -> 1.0603146e-06 | J21: =IF(I21>0.0001,"Above 1E-4 (unacceptable)",IF(I21>=0.000001,"Within 1E-6 – 1E-4 (acceptable)","Below 1E-6 (negligible)")) -> Within 1E-6 – 1E-4 (acceptable) | K21: =INDEX(Health_Risk!$C$243:$C$256,MATCH(MAX(Health_Risk!$J$243:$J$256),Health_Risk!$J$243:$J$256,0)) -> Heptachlor epoxide | L21: =MAX(Health_Risk!$J$243:$J$256)/E21*100 -> 44.125121
A22: Nadimpur | B22: Adult | C22: =SUMIFS(Health_Risk!$H$5:$H$424,Health_Risk!$A$5:$A$424,$A22,Health_Risk!$B$5:$B$424,$B22) -> 0.014119194 | D22: =SUMIFS(Health_Risk!$I$5:$I$424,Health_Risk!$A$5:$A$424,$A22,Health_Risk!$B$5:$B$424,$B22) -> 0.0080529743 | E22: =SUMIFS(Health_Risk!$J$5:$J$424,Health_Risk!$A$5:$A$424,$A22,Health_Risk!$B$5:$B$424,$B22) -> 0.022172168 | F22: =IF(E22<1,"Yes – no appreciable hazard","No – hazard") -> Yes – no appreciable hazard | G22: =SUMIFS(Health_Risk!$M$5:$M$424,Health_Risk!$A$5:$A$424,$A22,Health_Risk!$B$5:$B$424,$B22) -> 4.9535305e-06 | H22: =SUMIFS(Health_Risk!$N$5:$N$424,Health_Risk!$A$5:$A$424,$A22,Health_Risk!$B$5:$B$424,$B22) -> 2.591563e-06 | I22: =SUMIFS(Health_Risk!$O$5:$O$424,Health_Risk!$A$5:$A$424,$A22,Health_Risk!$B$5:$B$424,$B22) -> 7.5450935e-06 | J22: =IF(I22>0.0001,"Above 1E-4 (unacceptable)",IF(I22>=0.000001,"Within 1E-6 – 1E-4 (acceptable)","Below 1E-6 (negligible)")) -> Within 1E-6 – 1E-4 (acceptable) | K22: =INDEX(Health_Risk!$C$257:$C$270,MATCH(MAX(Health_Risk!$J$257:$J$270),Health_Risk!$J$257:$J$270,0)) -> Heptachlor epoxide | L22: =MAX(Health_Risk!$J$257:$J$270)/E22*100 -> 34.653993
A23: Nadimpur | B23: Child | C23: =SUMIFS(Health_Risk!$H$5:$H$424,Health_Risk!$A$5:$A$424,$A23,Health_Risk!$B$5:$B$424,$B23) -> 0.032944786 | D23: =SUMIFS(Health_Risk!$I$5:$I$424,Health_Risk!$A$5:$A$424,$A23,Health_Risk!$B$5:$B$424,$B23) -> 0.023757817 | E23: =SUMIFS(Health_Risk!$J$5:$J$424,Health_Risk!$A$5:$A$424,$A23,Health_Risk!$B$5:$B$424,$B23) -> 0.056702603 | F23: =IF(E23<1,"Yes – no appreciable hazard","No – hazard") -> Yes – no appreciable hazard | G23: =SUMIFS(Health_Risk!$M$5:$M$424,Health_Risk!$A$5:$A$424,$A23,Health_Risk!$B$5:$B$424,$B23) -> 9.907061e-07 | H23: =SUMIFS(Health_Risk!$N$5:$N$424,Health_Risk!$A$5:$A$424,$A23,Health_Risk!$B$5:$B$424,$B23) -> 6.5533776e-07 | I23: =SUMIFS(Health_Risk!$O$5:$O$424,Health_Risk!$A$5:$A$424,$A23,Health_Risk!$B$5:$B$424,$B23) -> 1.6460439e-06 | J23: =IF(I23>0.0001,"Above 1E-4 (unacceptable)",IF(I23>=0.000001,"Within 1E-6 – 1E-4 (acceptable)","Below 1E-6 (negligible)")) -> Within 1E-6 – 1E-4 (acceptable) | K23: =INDEX(Health_Risk!$C$271:$C$284,MATCH(MAX(Health_Risk!$J$271:$J$284),Health_Risk!$J$271:$J$284,0)) -> Heptachlor epoxide | L23: =MAX(Health_Risk!$J$271:$J$284)/E23*100 -> 32.417464
A24: West Binajuri | B24: Adult | C24: =SUMIFS(Health_Risk!$H$5:$H$424,Health_Risk!$A$5:$A$424,$A24,Health_Risk!$B$5:$B$424,$B24) -> 0.01360597 | D24: =SUMIFS(Health_Risk!$I$5:$I$424,Health_Risk!$A$5:$A$424,$A24,Health_Risk!$B$5:$B$424,$B24) -> 0.0078616382 | E24: =SUMIFS(Health_Risk!$J$5:$J$424,Health_Risk!$A$5:$A$424,$A24,Health_Risk!$B$5:$B$424,$B24) -> 0.021467608 | F24: =IF(E24<1,"Yes – no appreciable hazard","No – hazard") -> Yes – no appreciable hazard | G24: =SUMIFS(Health_Risk!$M$5:$M$424,Health_Risk!$A$5:$A$424,$A24,Health_Risk!$B$5:$B$424,$B24) -> 4.815523e-06 | H24: =SUMIFS(Health_Risk!$N$5:$N$424,Health_Risk!$A$5:$A$424,$A24,Health_Risk!$B$5:$B$424,$B24) -> 2.3743453e-06 | I24: =SUMIFS(Health_Risk!$O$5:$O$424,Health_Risk!$A$5:$A$424,$A24,Health_Risk!$B$5:$B$424,$B24) -> 7.1898683e-06 | J24: =IF(I24>0.0001,"Above 1E-4 (unacceptable)",IF(I24>=0.000001,"Within 1E-6 – 1E-4 (acceptable)","Below 1E-6 (negligible)")) -> Within 1E-6 – 1E-4 (acceptable) | K24: =INDEX(Health_Risk!$C$285:$C$298,MATCH(MAX(Health_Risk!$J$285:$J$298),Health_Risk!$J$285:$J$298,0)) -> Heptachlor epoxide | L24: =MAX(Health_Risk!$J$285:$J$298)/E24*100 -> 32.432942
A25: West Binajuri | B25: Child | C25: =SUMIFS(Health_Risk!$H$5:$H$424,Health_Risk!$A$5:$A$424,$A25,Health_Risk!$B$5:$B$424,$B25) -> 0.031747263 | D25: =SUMIFS(Health_Risk!$I$5:$I$424,Health_Risk!$A$5:$A$424,$A25,Health_Risk!$B$5:$B$424,$B25) -> 0.023193339 | E25: =SUMIFS(Health_Risk!$J$5:$J$424,Health_Risk!$A$5:$A$424,$A25,Health_Risk!$B$5:$B$424,$B25) -> 0.054940602 | F25: =IF(E25<1,"Yes – no appreciable hazard","No – hazard") -> Yes – no appreciable hazard | G25: =SUMIFS(Health_Risk!$M$5:$M$424,Health_Risk!$A$5:$A$424,$A25,Health_Risk!$B$5:$B$424,$B25) -> 9.6310459e-07 | H25: =SUMIFS(Health_Risk!$N$5:$N$424,Health_Risk!$A$5:$A$424,$A25,Health_Risk!$B$5:$B$424,$B25) -> 6.0040916e-07 | I25: =SUMIFS(Health_Risk!$O$5:$O$424,Health_Risk!$A$5:$A$424,$A25,Health_Risk!$B$5:$B$424,$B25) -> 1.5635138e-06 | J25: =IF(I25>0.0001,"Above 1E-4 (unacceptable)",IF(I25>=0.000001,"Within 1E-6 – 1E-4 (acceptable)","Below 1E-6 (negligible)")) -> Within 1E-6 – 1E-4 (acceptable) | K25: =INDEX(Health_Risk!$C$299:$C$312,MATCH(MAX(Health_Risk!$J$299:$J$312),Health_Risk!$J$299:$J$312,0)) -> Heptachlor epoxide | L25: =MAX(Health_Risk!$J$299:$J$312)/E25*100 -> 30.317764
A26: Napiter Ghona | B26: Adult | C26: =SUMIFS(Health_Risk!$H$5:$H$424,Health_Risk!$A$5:$A$424,$A26,Health_Risk!$B$5:$B$424,$B26) -> 0.020170039 | D26: =SUMIFS(Health_Risk!$I$5:$I$424,Health_Risk!$A$5:$A$424,$A26,Health_Risk!$B$5:$B$424,$B26) -> 0.0095473912 | E26: =SUMIFS(Health_Risk!$J$5:$J$424,Health_Risk!$A$5:$A$424,$A26,Health_Risk!$B$5:$B$424,$B26) -> 0.02971743 | F26: =IF(E26<1,"Yes – no appreciable hazard","No – hazard") -> Yes – no appreciable hazard | G26: =SUMIFS(Health_Risk!$M$5:$M$424,Health_Risk!$A$5:$A$424,$A26,Health_Risk!$B$5:$B$424,$B26) -> 6.3315773e-06 | H26: =SUMIFS(Health_Risk!$N$5:$N$424,Health_Risk!$A$5:$A$424,$A26,Health_Risk!$B$5:$B$424,$B26) -> 3.1123527e-06 | I26: =SUMIFS(Health_Risk!$O$5:$O$424,Health_Risk!$A$5:$A$424,$A26,Health_Risk!$B$5:$B$424,$B26) -> 9.44393e-06 | J26: =IF(I26>0.0001,"Above 1E-4 (unacceptable)",IF(I26>=0.000001,"Within 1E-6 – 1E-4 (acceptable)","Below 1E-6 (negligible)")) -> Within 1E-6 – 1E-4 (acceptable) | K26: =INDEX(Health_Risk!$C$313:$C$326,MATCH(MAX(Health_Risk!$J$313:$J$326),Health_Risk!$J$313:$J$326,0)) -> Heptachlor epoxide | L26: =MAX(Health_Risk!$J$313:$J$326)/E26*100 -> 43.347556
A27: Napiter Ghona | B27: Child | C27: =SUMIFS(Health_Risk!$H$5:$H$424,Health_Risk!$A$5:$A$424,$A27,Health_Risk!$B$5:$B$424,$B27) -> 0.047063425 | D27: =SUMIFS(Health_Risk!$I$5:$I$424,Health_Risk!$A$5:$A$424,$A27,Health_Risk!$B$5:$B$424,$B27) -> 0.028166633 | E27: =SUMIFS(Health_Risk!$J$5:$J$424,Health_Risk!$A$5:$A$424,$A27,Health_Risk!$B$5:$B$424,$B27) -> 0.075230058 | F27: =IF(E27<1,"Yes – no appreciable hazard","No – hazard") -> Yes – no appreciable hazard | G27: =SUMIFS(Health_Risk!$M$5:$M$424,Health_Risk!$A$5:$A$424,$A27,Health_Risk!$B$5:$B$424,$B27) -> 1.2663155e-06 | H27: =SUMIFS(Health_Risk!$N$5:$N$424,Health_Risk!$A$5:$A$424,$A27,Health_Risk!$B$5:$B$424,$B27) -> 7.8703171e-07 | I27: =SUMIFS(Health_Risk!$O$5:$O$424,Health_Risk!$A$5:$A$424,$A27,Health_Risk!$B$5:$B$424,$B27) -> 2.0533472e-06 | J27: =IF(I27>0.0001,"Above 1E-4 (unacceptable)",IF(I27>=0.000001,"Within 1E-6 – 1E-4 (acceptable)","Below 1E-6 (negligible)")) -> Within 1E-6 – 1E-4 (acceptable) | K27: =INDEX(Health_Risk!$C$327:$C$340,MATCH(MAX(Health_Risk!$J$327:$J$340),Health_Risk!$J$327:$J$340,0)) -> Heptachlor epoxide | L27: =MAX(Health_Risk!$J$327:$J$340)/E27*100 -> 40.964255
A28: Horekrishno Mohajoner Tek | B28: Adult | C28: =SUMIFS(Health_Risk!$H$5:$H$424,Health_Risk!$A$5:$A$424,$A28,Health_Risk!$B$5:$B$424,$B28) -> 0.021179236 | D28: =SUMIFS(Health_Risk!$I$5:$I$424,Health_Risk!$A$5:$A$424,$A28,Health_Risk!$B$5:$B$424,$B28) -> 0.011647817 | E28: =SUMIFS(Health_Risk!$J$5:$J$424,Health_Risk!$A$5:$A$424,$A28,Health_Risk!$B$5:$B$424,$B28) -> 0.032827053 | F28: =IF(E28<1,"Yes – no appreciable hazard","No – hazard") -> Yes – no appreciable hazard | G28: =SUMIFS(Health_Risk!$M$5:$M$424,Health_Risk!$A$5:$A$424,$A28,Health_Risk!$B$5:$B$424,$B28) -> 7.551547e-06 | H28: =SUMIFS(Health_Risk!$N$5:$N$424,Health_Risk!$A$5:$A$424,$A28,Health_Risk!$B$5:$B$424,$B28) -> 4.0758977e-06 | I28: =SUMIFS(Health_Risk!$O$5:$O$424,Health_Risk!$A$5:$A$424,$A28,Health_Risk!$B$5:$B$424,$B28) -> 1.1627445e-05 | J28: =IF(I28>0.0001,"Above 1E-4 (unacceptable)",IF(I28>=0.000001,"Within 1E-6 – 1E-4 (acceptable)","Below 1E-6 (negligible)")) -> Within 1E-6 – 1E-4 (acceptable) | K28: =INDEX(Health_Risk!$C$341:$C$354,MATCH(MAX(Health_Risk!$J$341:$J$354),Health_Risk!$J$341:$J$354,0)) -> Heptachlor epoxide | L28: =MAX(Health_Risk!$J$341:$J$354)/E28*100 -> 34.66377
A29: Horekrishno Mohajoner Tek | B29: Child | C29: =SUMIFS(Health_Risk!$H$5:$H$424,Health_Risk!$A$5:$A$424,$A29,Health_Risk!$B$5:$B$424,$B29) -> 0.049418218 | D29: =SUMIFS(Health_Risk!$I$5:$I$424,Health_Risk!$A$5:$A$424,$A29,Health_Risk!$B$5:$B$424,$B29) -> 0.034363292 | E29: =SUMIFS(Health_Risk!$J$5:$J$424,Health_Risk!$A$5:$A$424,$A29,Health_Risk!$B$5:$B$424,$B29) -> 0.08378151 | F29: =IF(E29<1,"Yes – no appreciable hazard","No – hazard") -> Yes – no appreciable hazard | G29: =SUMIFS(Health_Risk!$M$5:$M$424,Health_Risk!$A$5:$A$424,$A29,Health_Risk!$B$5:$B$424,$B29) -> 1.5103094e-06 | H29: =SUMIFS(Health_Risk!$N$5:$N$424,Health_Risk!$A$5:$A$424,$A29,Health_Risk!$B$5:$B$424,$B29) -> 1.0306868e-06 | I29: =SUMIFS(Health_Risk!$O$5:$O$424,Health_Risk!$A$5:$A$424,$A29,Health_Risk!$B$5:$B$424,$B29) -> 2.5409962e-06 | J29: =IF(I29>0.0001,"Above 1E-4 (unacceptable)",IF(I29>=0.000001,"Within 1E-6 – 1E-4 (acceptable)","Below 1E-6 (negligible)")) -> Within 1E-6 – 1E-4 (acceptable) | K29: =INDEX(Health_Risk!$C$355:$C$368,MATCH(MAX(Health_Risk!$J$355:$J$368),Health_Risk!$J$355:$J$368,0)) -> Heptachlor epoxide | L29: =MAX(Health_Risk!$J$355:$J$368)/E29*100 -> 32.492274
A30: Chayar Char | B30: Adult | C30: =SUMIFS(Health_Risk!$H$5:$H$424,Health_Risk!$A$5:$A$424,$A30,Health_Risk!$B$5:$B$424,$B30) -> 0.025361538 | D30: =SUMIFS(Health_Risk!$I$5:$I$424,Health_Risk!$A$5:$A$424,$A30,Health_Risk!$B$5:$B$424,$B30) -> 0.014397387 | E30: =SUMIFS(Health_Risk!$J$5:$J$424,Health_Risk!$A$5:$A$424,$A30,Health_Risk!$B$5:$B$424,$B30) -> 0.039758925 | F30: =IF(E30<1,"Yes – no appreciable hazard","No – hazard") -> Yes – no appreciable hazard | G30: =SUMIFS(Health_Risk!$M$5:$M$424,Health_Risk!$A$5:$A$424,$A30,Health_Risk!$B$5:$B$424,$B30) -> 9.0339695e-06 | H30: =SUMIFS(Health_Risk!$N$5:$N$424,Health_Risk!$A$5:$A$424,$A30,Health_Risk!$B$5:$B$424,$B30) -> 5.0868228e-06 | I30: =SUMIFS(Health_Risk!$O$5:$O$424,Health_Risk!$A$5:$A$424,$A30,Health_Risk!$B$5:$B$424,$B30) -> 1.4120792e-05 | J30: =IF(I30>0.0001,"Above 1E-4 (unacceptable)",IF(I30>=0.000001,"Within 1E-6 – 1E-4 (acceptable)","Below 1E-6 (negligible)")) -> Within 1E-6 – 1E-4 (acceptable) | K30: =INDEX(Health_Risk!$C$369:$C$382,MATCH(MAX(Health_Risk!$J$369:$J$382),Health_Risk!$J$369:$J$382,0)) -> Heptachlor epoxide | L30: =MAX(Health_Risk!$J$369:$J$382)/E30*100 -> 34.296595
A31: Chayar Char | B31: Child | C31: =SUMIFS(Health_Risk!$H$5:$H$424,Health_Risk!$A$5:$A$424,$A31,Health_Risk!$B$5:$B$424,$B31) -> 0.059176922 | D31: =SUMIFS(Health_Risk!$I$5:$I$424,Health_Risk!$A$5:$A$424,$A31,Health_Risk!$B$5:$B$424,$B31) -> 0.042475049 | E31: =SUMIFS(Health_Risk!$J$5:$J$424,Health_Risk!$A$5:$A$424,$A31,Health_Risk!$B$5:$B$424,$B31) -> 0.10165197 | F31: =IF(E31<1,"Yes – no appreciable hazard","No – hazard") -> Yes – no appreciable hazard | G31: =SUMIFS(Health_Risk!$M$5:$M$424,Health_Risk!$A$5:$A$424,$A31,Health_Risk!$B$5:$B$424,$B31) -> 1.8067939e-06 | H31: =SUMIFS(Health_Risk!$N$5:$N$424,Health_Risk!$A$5:$A$424,$A31,Health_Risk!$B$5:$B$424,$B31) -> 1.286323e-06 | I31: =SUMIFS(Health_Risk!$O$5:$O$424,Health_Risk!$A$5:$A$424,$A31,Health_Risk!$B$5:$B$424,$B31) -> 3.0931169e-06 | J31: =IF(I31>0.0001,"Above 1E-4 (unacceptable)",IF(I31>=0.000001,"Within 1E-6 – 1E-4 (acceptable)","Below 1E-6 (negligible)")) -> Within 1E-6 – 1E-4 (acceptable) | K31: =INDEX(Health_Risk!$C$383:$C$396,MATCH(MAX(Health_Risk!$J$383:$J$396),Health_Risk!$J$383:$J$396,0)) -> Heptachlor epoxide | L31: =MAX(Health_Risk!$J$383:$J$396)/E31*100 -> 32.09153
