Workbook

Sheet README
A1: Halda River OCP Risk Assessment — Sediment: calculation workbook
A3: Companion workbook to the Results chapter "OCP Residues in Surface Sediment, Ecological Risk and Human Health Risk". Every derived number in the chapter is reproduced here with live formulas.
A5: SHEETS
A6: Raw Data ............ 33 sediment samples (11 sites × 3 replicates) × 14 OCPs, µg/kg, as supplied (0 = below detection limit). ΣDDT, ΣHCH, ΣCyclodiene, ΣOCP and per-sample mPEL-Q are formulas.
A7: Descriptive Stats ... mean, SD, median, range, detection frequency per compound; class composition (%).
A8: Site Means .......... mean and SD per site (n = 3) for every compound and class sum.
A9: Zone Means .......... mean, SD and n per zone; class composition by zone.
A10: Group Means ......... single lookup table of mean concentrations for the 11 sites, 3 zones and overall — feeds the risk sheets.
A11: Statistics .......... Kruskal–Wallis test of ΣOCP across zones (formula-based, rank method) and Spearman correlation with site order; SciPy results for cross-check and pairwise Mann–Whitney tests.
A12: Diagnostic Ratios ... DDT/(DDD+DDE), (DDD+DDE)/ΣDDT, DDD/(DDD+DDE), α/γ-HCH, α/β-HCH, β-HCH share.
A13: SQG ................. sediment quality guidelines (TEL/PEL-type values) with sources and surrogate flags — editable inputs.
A14: Ecological Risk ..... RQ = C/TEL, RQ-PEL = C/PEL, risk class, mean PEL-quotient (mPEL-Q), ΣRQ, exceedance counts, per-compound exceedance frequency.
... A23: NOTE: the Kruskal–Wallis H and p on the Statistics sheet are computed with worksheet formulas (rank method, tie-corrected) and agree with the SciPy values listed beside them. Mann–Whitney U tests are reported from SciPy (scipy.stats.mannwhitneyu, two-sided) as values.

Sheet Raw Data
A1: Raw sediment OCP concentrations (µg/kg, wet weight; 0 = not detected)
A2: Source: Sediment.xlsx supplied by the researcher. Blue = input data. Columns R–V are formulas.
A4: Zone | B4: Site | C4: Sample ID | D4: o,p'-DDT | E4: p,p'-DDT | F4: o,p'-DDD | G4: p,p'-DDD | H4: o,p'-DDE | I4: p,p'-DDE | J4: α-HCH | K4: β-HCH | L4: γ-HCH (Lindane) | M4: δ-HCH | N4: Aldrin | O4: Dieldrin | P4: Heptachlor | Q4: Heptachlor epoxide | R4: ΣDDT | S4: ΣHCH | T4: ΣDRN | U4: ΣOCP | V4: mPEL-Q (sample) | W4: ΣHPT
A5: Up-stream | B5: Bhujpur Dam | C5: BSR1 | D5: 3.236 | E5: 6.367 | F5: 2.036 | G5: 2.24 | H5: 7.643 | I5: 11.445 | J5: 3.291 | K5: 6.484 | L5: 0.5 | M5: 0.5 | N5: 0.5 | O5: 0.5 | P5: 0.5 | Q5: 1.836 | R5: =D5+E5+F5+G5+H5+I5 -> 32.967 | S5: =J5+K5+L5+M5 -> 10.775 | T5: =N5+O5 -> 1 | U5: =SUM(D5:Q5) -> 47.078 | V5: =(D5/SQG!$D$5+E5/SQG!$D$6+F5/SQG!$D$7+G5/SQG!$D$8+H5/SQG!$D$9+I5/SQG!$D$10+J5/SQG!$D$11+K5/SQG!$D$12+L5/SQG!$D$13+M5/SQG!$D$14+N5/SQG!$D$15+O5/SQG!$D$16+P5/SQG!$D$17+Q5/SQG!$D$18)/14 -> 0.47911186 | W5: =P5+Q5 -> 2.336
A6: Up-stream | B6: Bhujpur Dam | C6: BSR2 | D6: 1.364 | E6: 5.93 | F6: 4.475 | G6: 4.352 | H6: 8.472 | I6: 9.141 | J6: 2.113 | K6: 4.163 | L6: 0.5 | M6: 0.5 | N6: 0.5 | O6: 1.342 | P6: 0.5 | Q6: 2.511 | R6: =D6+E6+F6+G6+H6+I6 -> 33.734 | S6: =J6+K6+L6+M6 -> 7.276 | T6: =N6+O6 -> 1.842 | U6: =SUM(D6:Q6) -> 45.863 | V6: =(D6/SQG!$D$5+E6/SQG!$D$6+F6/SQG!$D$7+G6/SQG!$D$8+H6/SQG!$D$9+I6/SQG!$D$10+J6/SQG!$D$11+K6/SQG!$D$12+L6/SQG!$D$13+M6/SQG!$D$14+N6/SQG!$D$15+O6/SQG!$D$16+P6/SQG!$D$17+Q6/SQG!$D$18)/14 -> 0.49210842 | W6: =P6+Q6 -> 3.011
A7: Up-stream | B7: Bhujpur Dam | C7: BSR3 | D7: 3.784 | E7: 6.937 | F7: 4.837 | G7: 4.756 | H7: 8.253 | I7: 12.065 | J7: 2.188 | K7: 4.31 | L7: 0.5 | M7: 0.5 | N7: 0.5 | O7: 1.293 | P7: 0.5 | Q7: 2.274 | R7: =D7+E7+F7+G7+H7+I7 -> 40.632 | S7: =J7+K7+L7+M7 -> 7.498 | T7: =N7+O7 -> 1.793 | U7: =SUM(D7:Q7) -> 52.697 | V7: =(D7/SQG!$D$5+E7/SQG!$D$6+F7/SQG!$D$7+G7/SQG!$D$8+H7/SQG!$D$9+I7/SQG!$D$10+J7/SQG!$D$11+K7/SQG!$D$12+L7/SQG!$D$13+M7/SQG!$D$14+N7/SQG!$D$15+O7/SQG!$D$16+P7/SQG!$D$17+Q7/SQG!$D$18)/14 -> 0.57188045 | W7: =P7+Q7 -> 2.774
A8: Up-stream | B8: Ekkhuliya | C8: ESR1 | D8: 0.5 | E8: 4.728 | F8: 0.5 | G8: 0.5 | H8: 7.255 | I8: 8.344 | J8: 0.5 | K8: 0.985 | L8: 0.5 | M8: 0.5 | N8: 0.5 | O8: 0.5 | P8: 0.5 | Q8: 0.5 | R8: =D8+E8+F8+G8+H8+I8 -> 21.827 | S8: =J8+K8+L8+M8 -> 2.485 | T8: =N8+O8 -> 1 | U8: =SUM(D8:Q8) -> 26.312 | V8: =(D8/SQG!$D$5+E8/SQG!$D$6+F8/SQG!$D$7+G8/SQG!$D$8+H8/SQG!$D$9+I8/SQG!$D$10+J8/SQG!$D$11+K8/SQG!$D$12+L8/SQG!$D$13+M8/SQG!$D$14+N8/SQG!$D$15+O8/SQG!$D$16+P8/SQG!$D$17+Q8/SQG!$D$18)/14 -> 0.31048861 | W8: =P8+Q8 -> 1
A9: Up-stream | B9: Ekkhuliya | C9: ESR2 | D9: 0.5 | E9: 4.278 | F9: 0.5 | G9: 0.5 | H9: 7.426 | I9: 7.921 | J9: 0.5 | K9: 0.985 | L9: 0.5 | M9: 0.5 | N9: 0.5 | O9: 0.5 | P9: 0.5 | Q9: 0.5 | R9: =D9+E9+F9+G9+H9+I9 -> 21.125 | S9: =J9+K9+L9+M9 -> 2.485 | T9: =N9+O9 -> 1 | U9: =SUM(D9:Q9) -> 25.61 | V9: =(D9/SQG!$D$5+E9/SQG!$D$6+F9/SQG!$D$7+G9/SQG!$D$8+H9/SQG!$D$9+I9/SQG!$D$10+J9/SQG!$D$11+K9/SQG!$D$12+L9/SQG!$D$13+M9/SQG!$D$14+N9/SQG!$D$15+O9/SQG!$D$16+P9/SQG!$D$17+Q9/SQG!$D$18)/14 -> 0.3010834 | W9: =P9+Q9 -> 1
A10: Up-stream | B10: Ekkhuliya | C10: ESR3 | D10: 0.5 | E10: 5.022 | F10: 0.5 | G10: 0.5 | H10: 7.103 | I10: 8.742 | J10: 0.5 | K10: 0.985 | L10: 0.5 | M10: 0.5 | N10: 0.5 | O10: 0.5 | P10: 0.5 | Q10: 0.5 | R10: =D10+E10+F10+G10+H10+I10 -> 22.367 | S10: =J10+K10+L10+M10 -> 2.485 | T10: =N10+O10 -> 1 | U10: =SUM(D10:Q10) -> 26.852 | V10: =(D10/SQG!$D$5+E10/SQG!$D$6+F10/SQG!$D$7+G10/SQG!$D$8+H10/SQG!$D$9+I10/SQG!$D$10+J10/SQG!$D$11+K10/SQG!$D$12+L10/SQG!$D$13+M10/SQG!$D$14+N10/SQG!$D$15+O10/SQG!$D$16+P10/SQG!$D$17+Q10/SQG!$D$18)/14 -> 0.3174943 | W10: =P10+Q10 -> 1
A11: Up-stream | B11: Nazirhat | C11: NZSR1 | D11: 7.374 | E11: 11.566 | F11: 7.364 | G11: 8.948 | H11: 9.267 | I11: 17.866 | J11: 7.862 | K11: 15.489 | L11: 3.037 | M11: 4.139 | N11: 3.989 | O11: 7.938 | P11: 6.779 | Q11: 8.298 | R11: =D11+E11+F11+G11+H11+I11 -> 62.385 | S11: =J11+K11+L11+M11 -> 30.527 | T11: =N11+O11 -> 11.927 | U11: =SUM(D11:Q11) -> 119.916 | V11: =(D11/SQG!$D$5+E11/SQG!$D$6+F11/SQG!$D$7+G11/SQG!$D$8+H11/SQG!$D$9+I11/SQG!$D$10+J11/SQG!$D$11+K11/SQG!$D$12+L11/SQG!$D$13+M11/SQG!$D$14+N11/SQG!$D$15+O11/SQG!$D$16+P11/SQG!$D$17+Q11/SQG!$D$18)/14 -> 1.3598052 | W11: =P11+Q11 -> 15.077
A12: Up-stream | B12: Nazirhat | C12: NZSR2 | D12: 7.384 | E12: 13.893 | F12: 8.038 | G12: 8.576 | H12: 9.153 | I12: 19.093 | J12: 7.487 | K12: 14.75 | L12: 5.036 | M12: 4.347 | N12: 4.157 | O12: 7.425 | P12: 6.637 | Q12: 11.253 | R12: =D12+E12+F12+G12+H12+I12 -> 66.137 | S12: =J12+K12+L12+M12 -> 31.62 | T12: =N12+O12 -> 11.582 | U12: =SUM(D12:Q12) -> 127.229 | V12: =(D12/SQG!$D$5+E12/SQG!$D$6+F12/SQG!$D$7+G12/SQG!$D$8+H12/SQG!$D$9+I12/SQG!$D$10+J12/SQG!$D$11+K12/SQG!$D$12+L12/SQG!$D$13+M12/SQG!$D$14+N12/SQG!$D$15+O12/SQG!$D$16+P12/SQG!$D$17+Q12/SQG!$D$18)/14 -> 1.5801737 | W12: =P12+Q12 -> 17.89
A13: Up-stream | B13: Nazirhat | C13: NZSR3 | D13: 7.927 | E13: 9.297 | F13: 5.645 | G13: 8.314 | H13: 9.253 | I13: 19.172 | J13: 6.887 | K13: 13.567 | L13: 2.998 | M13: 4.351 | N13: 4.947 | O13: 6.035 | P13: 6.773 | Q13: 9.121 | R13: =D13+E13+F13+G13+H13+I13 -> 59.608 | S13: =J13+K13+L13+M13 -> 27.803 | T13: =N13+O13 -> 10.982 | U13: =SUM(D13:Q13) -> 114.287 | V13: =(D13/SQG!$D$5+E13/SQG!$D$6+F13/SQG!$D$7+G13/SQG!$D$8+H13/SQG!$D$9+I13/SQG!$D$10+J13/SQG!$D$11+K13/SQG!$D$12+L13/SQG!$D$13+M13/SQG!$D$14+N13/SQG!$D$15+O13/SQG!$D$16+P13/SQG!$D$17+Q13/SQG!$D$18)/14 -> 1.3265629 | W13: =P13+Q13 -> 15.894
A14: Mid-stream | B14: Sekandar Para | C14: SSR1 | D14: 3.364 | E14: 6.047 | F14: 0.5 | G14: 3.966 | H14: 6.356 | I14: 12.113 | J14: 2.618 | K14: 5.155 | L14: 0.5 | M14: 0.5 | N14: 1.931 | O14: 3.241 | P14: 0.5 | Q14: 0.5 | R14: =D14+E14+F14+G14+H14+I14 -> 32.346 | S14: =J14+K14+L14+M14 -> 8.773 | T14: =N14+O14 -> 5.172 | U14: =SUM(D14:Q14) -> 47.291 | V14: =(D14/SQG!$D$5+E14/SQG!$D$6+F14/SQG!$D$7+G14/SQG!$D$8+H14/SQG!$D$9+I14/SQG!$D$10+J14/SQG!$D$11+K14/SQG!$D$12+L14/SQG!$D$13+M14/SQG!$D$14+N14/SQG!$D$15+O14/SQG!$D$16+P14/SQG!$D$17+Q14/SQG!$D$18)/14 -> 0.4661514 | W14: =P14+Q14 -> 1
A15: Mid-stream | B15: Sekandar Para | C15: SSR2 | D15: 3.893 | E15: 7.384 | F15: 0.5 | G15: 7.668 | H15: 6.364 | I15: 16.787 | J15: 2.562 | K15: 5.047 | L15: 0.5 | M15: 0.5 | N15: 1.113 | O15: 3.984 | P15: 0.5 | Q15: 0.5 | R15: =D15+E15+F15+G15+H15+I15 -> 42.596 | S15: =J15+K15+L15+M15 -> 8.609 | T15: =N15+O15 -> 5.097 | U15: =SUM(D15:Q15) -> 57.302 | V15: =(D15/SQG!$D$5+E15/SQG!$D$6+F15/SQG!$D$7+G15/SQG!$D$8+H15/SQG!$D$9+I15/SQG!$D$10+J15/SQG!$D$11+K15/SQG!$D$12+L15/SQG!$D$13+M15/SQG!$D$14+N15/SQG!$D$15+O15/SQG!$D$16+P15/SQG!$D$17+Q15/SQG!$D$18)/14 -> 0.58186121 | W15: =P15+Q15 -> 1
A16: Mid-stream | B16: Sekandar Para | C16: SSR3 | D16: 5.637 | E16: 4.938 | F16: 0.5 | G16: 4.756 | H16: 6.924 | I16: 10.1 | J16: 4.119 | K16: 8.115 | L16: 0.5 | M16: 0.5 | N16: 0.5 | O16: 2.846 | P16: 0.5 | Q16: 0.5 | R16: =D16+E16+F16+G16+H16+I16 -> 32.855 | S16: =J16+K16+L16+M16 -> 13.234 | T16: =N16+O16 -> 3.346 | U16: =SUM(D16:Q16) -> 50.435 | V16: =(D16/SQG!$D$5+E16/SQG!$D$6+F16/SQG!$D$7+G16/SQG!$D$8+H16/SQG!$D$9+I16/SQG!$D$10+J16/SQG!$D$11+K16/SQG!$D$12+L16/SQG!$D$13+M16/SQG!$D$14+N16/SQG!$D$15+O16/SQG!$D$16+P16/SQG!$D$17+Q16/SQG!$D$18)/14 -> 0.47149286 | W16: =P16+Q16 -> 1
... A37: Down-stream | B37: Kalurghat | C37: KSR3 | D37: 13.048 | E37: 14.111 | F37: 11.325 | G37: 9.493 | H37: 12.437 | I37: 32.735 | J37: 8.893 | K37: 17.52 | L37: 4.977 | M37: 14.908 | N37: 7.584 | O37: 11.475 | P37: 11.57 | Q37: 13.546 | R37: =D37+E37+F37+G37+H37+I37 -> 93.149 | S37: =J37+K37+L37+M37 -> 46.298 | T37: =N37+O37 -> 19.059 | U37: =SUM(D37:Q37) -> 183.622 | V37: =(D37/SQG!$D$5+E37/SQG!$D$6+F37/SQG!$D$7+G37/SQG!$D$8+H37/SQG!$D$9+I37/SQG!$D$10+J37/SQG!$D$11+K37/SQG!$D$12+L37/SQG!$D$13+M37/SQG!$D$14+N37/SQG!$D$15+O37/SQG!$D$16+P37/SQG!$D$17+Q37/SQG!$D$18)/14 -> 2.1226346 | W37: =P37+Q37 -> 25.116

Sheet Descriptive Stats
A1: Descriptive statistics of OCPs in sediment (µg/kg, n = 33)
A2: All cells are formulas on the Raw Data sheet. Detection frequency = share of samples with concentration > 0.
A4: Compound | B4: Mean | C4: SD | D4: Median | E4: Min | F4: Max | G4: n detected | H4: Detection frequency (%) | I4: Share of ΣOCP (%)
A5: o,p'-DDT | B5: =AVERAGE('Raw Data'!D$5:D$37) -> 6.9943939 | C5: =STDEV('Raw Data'!D$5:D$37) -> 3.5152525 | D5: =MEDIAN('Raw Data'!D$5:D$37) -> 7.374 | E5: =MIN('Raw Data'!D$5:D$37) -> 0.5 | F5: =MAX('Raw Data'!D$5:D$37) -> 13.048 | G5: =COUNTIF('Raw Data'!D$5:D$37,">0") -> 33 | H5: =G5/COUNT('Raw Data'!D$5:D$37)*100 -> 100 | I5: =B5/$B$22*100 -> 7.6835041
A6: p,p'-DDT | B6: =AVERAGE('Raw Data'!E$5:E$37) -> 9.2050303 | C6: =STDEV('Raw Data'!E$5:E$37) -> 2.9431853 | D6: =MEDIAN('Raw Data'!E$5:E$37) -> 9.044 | E6: =MIN('Raw Data'!E$5:E$37) -> 4.278 | F6: =MAX('Raw Data'!E$5:E$37) -> 14.374 | G6: =COUNTIF('Raw Data'!E$5:E$37,">0") -> 33 | H6: =G6/COUNT('Raw Data'!E$5:E$37)*100 -> 100 | I6: =B6/$B$22*100 -> 10.11194
A7: o,p'-DDD | B7: =AVERAGE('Raw Data'!F$5:F$37) -> 5.3420303 | C7: =STDEV('Raw Data'!F$5:F$37) -> 3.7713779 | D7: =MEDIAN('Raw Data'!F$5:F$37) -> 6.047 | E7: =MIN('Raw Data'!F$5:F$37) -> 0.5 | F7: =MAX('Raw Data'!F$5:F$37) -> 11.843 | G7: =COUNTIF('Raw Data'!F$5:F$37,">0") -> 33 | H7: =G7/COUNT('Raw Data'!F$5:F$37)*100 -> 100 | I7: =B7/$B$22*100 -> 5.8683443
A8: p,p'-DDD | B8: =AVERAGE('Raw Data'!G$5:G$37) -> 5.5593939 | C8: =STDEV('Raw Data'!G$5:G$37) -> 2.8017918 | D8: =MEDIAN('Raw Data'!G$5:G$37) -> 5.48 | E8: =MIN('Raw Data'!G$5:G$37) -> 0.5 | F8: =MAX('Raw Data'!G$5:G$37) -> 9.872 | G8: =COUNTIF('Raw Data'!G$5:G$37,">0") -> 33 | H8: =G8/COUNT('Raw Data'!G$5:G$37)*100 -> 100 | I8: =B8/$B$22*100 -> 6.1071233
A9: o,p'-DDE | B9: =AVERAGE('Raw Data'!H$5:H$37) -> 8.3409091 | C9: =STDEV('Raw Data'!H$5:H$37) -> 1.5404943 | D9: =MEDIAN('Raw Data'!H$5:H$37) -> 8.251 | E9: =MIN('Raw Data'!H$5:H$37) -> 5.374 | F9: =MAX('Raw Data'!H$5:H$37) -> 12.437 | G9: =COUNTIF('Raw Data'!H$5:H$37,">0") -> 33 | H9: =G9/COUNT('Raw Data'!H$5:H$37)*100 -> 100 | I9: =B9/$B$22*100 -> 9.1626823
A10: p,p'-DDE | B10: =AVERAGE('Raw Data'!I$5:I$37) -> 18.737273 | C10: =STDEV('Raw Data'!I$5:I$37) -> 6.1004838 | D10: =MEDIAN('Raw Data'!I$5:I$37) -> 19.48 | E10: =MIN('Raw Data'!I$5:I$37) -> 7.921 | F10: =MAX('Raw Data'!I$5:I$37) -> 32.735 | G10: =COUNTIF('Raw Data'!I$5:I$37,">0") -> 33 | H10: =G10/COUNT('Raw Data'!I$5:I$37)*100 -> 100 | I10: =B10/$B$22*100 -> 20.583329
A11: α-HCH | B11: =AVERAGE('Raw Data'!J$5:J$37) -> 5.2813636 | C11: =STDEV('Raw Data'!J$5:J$37) -> 2.5135387 | D11: =MEDIAN('Raw Data'!J$5:J$37) -> 5.731 | E11: =MIN('Raw Data'!J$5:J$37) -> 0.5 | F11: =MAX('Raw Data'!J$5:J$37) -> 9.014 | G11: =COUNTIF('Raw Data'!J$5:J$37,">0") -> 33 | H11: =G11/COUNT('Raw Data'!J$5:J$37)*100 -> 100 | I11: =B11/$B$22*100 -> 5.8017006
A12: β-HCH | B12: =AVERAGE('Raw Data'!K$5:K$37) -> 10.419485 | C12: =STDEV('Raw Data'!K$5:K$37) -> 4.9616194 | D12: =MEDIAN('Raw Data'!K$5:K$37) -> 11.291 | E12: =MIN('Raw Data'!K$5:K$37) -> 0.985 | F12: =MAX('Raw Data'!K$5:K$37) -> 17.757 | G12: =COUNTIF('Raw Data'!K$5:K$37,">0") -> 33 | H12: =G12/COUNT('Raw Data'!K$5:K$37)*100 -> 100 | I12: =B12/$B$22*100 -> 11.446046
A13: γ-HCH (Lindane) | B13: =AVERAGE('Raw Data'!L$5:L$37) -> 1.9577273 | C13: =STDEV('Raw Data'!L$5:L$37) -> 1.5744588 | D13: =MEDIAN('Raw Data'!L$5:L$37) -> 2.046 | E13: =MIN('Raw Data'!L$5:L$37) -> 0.5 | F13: =MAX('Raw Data'!L$5:L$37) -> 5.036 | G13: =COUNTIF('Raw Data'!L$5:L$37,">0") -> 33 | H13: =G13/COUNT('Raw Data'!L$5:L$37)*100 -> 100 | I13: =B13/$B$22*100 -> 2.1506089
A14: δ-HCH | B14: =AVERAGE('Raw Data'!M$5:M$37) -> 4.5849394 | C14: =STDEV('Raw Data'!M$5:M$37) -> 4.2316967 | D14: =MEDIAN('Raw Data'!M$5:M$37) -> 3.477 | E14: =MIN('Raw Data'!M$5:M$37) -> 0.5 | F14: =MAX('Raw Data'!M$5:M$37) -> 16.699 | G14: =COUNTIF('Raw Data'!M$5:M$37,">0") -> 33 | H14: =G14/COUNT('Raw Data'!M$5:M$37)*100 -> 100 | I14: =B14/$B$22*100 -> 5.0366624
A15: Aldrin | B15: =AVERAGE('Raw Data'!N$5:N$37) -> 2.528697 | C15: =STDEV('Raw Data'!N$5:N$37) -> 2.2642055 | D15: =MEDIAN('Raw Data'!N$5:N$37) -> 1.946 | E15: =MIN('Raw Data'!N$5:N$37) -> 0.5 | F15: =MAX('Raw Data'!N$5:N$37) -> 8.452 | G15: =COUNTIF('Raw Data'!N$5:N$37,">0") -> 33 | H15: =G15/COUNT('Raw Data'!N$5:N$37)*100 -> 100 | I15: =B15/$B$22*100 -> 2.7778323
A16: Dieldrin | B16: =AVERAGE('Raw Data'!O$5:O$37) -> 4.1012727 | C16: =STDEV('Raw Data'!O$5:O$37) -> 3.1667255 | D16: =MEDIAN('Raw Data'!O$5:O$37) -> 3.465 | E16: =MIN('Raw Data'!O$5:O$37) -> 0.5 | F16: =MAX('Raw Data'!O$5:O$37) -> 11.475 | G16: =COUNTIF('Raw Data'!O$5:O$37,">0") -> 33 | H16: =G16/COUNT('Raw Data'!O$5:O$37)*100 -> 100 | I16: =B16/$B$22*100 -> 4.5053433
A17: Heptachlor | B17: =AVERAGE('Raw Data'!P$5:P$37) -> 2.8690909 | C17: =STDEV('Raw Data'!P$5:P$37) -> 2.9895673 | D17: =MEDIAN('Raw Data'!P$5:P$37) -> 1.715 | E17: =MIN('Raw Data'!P$5:P$37) -> 0.5 | F17: =MAX('Raw Data'!P$5:P$37) -> 11.57 | G17: =COUNTIF('Raw Data'!P$5:P$37,">0") -> 33 | H17: =G17/COUNT('Raw Data'!P$5:P$37)*100 -> 100 | I17: =B17/$B$22*100 -> 3.151763
A18: Heptachlor epoxide | B18: =AVERAGE('Raw Data'!Q$5:Q$37) -> 5.109697 | C18: =STDEV('Raw Data'!Q$5:Q$37) -> 3.9189 | D18: =MEDIAN('Raw Data'!Q$5:Q$37) -> 4.111 | E18: =MIN('Raw Data'!Q$5:Q$37) -> 0.5 | F18: =MAX('Raw Data'!Q$5:Q$37) -> 13.836 | G18: =COUNTIF('Raw Data'!Q$5:Q$37,">0") -> 33 | H18: =G18/COUNT('Raw Data'!Q$5:Q$37)*100 -> 100 | I18: =B18/$B$22*100 -> 5.6131208
A19: ΣDDT | B19: =AVERAGE('Raw Data'!R$5:R$37) -> 54.17903 | C19: =STDEV('Raw Data'!R$5:R$37) -> 18.36913 | D19: =MEDIAN('Raw Data'!R$5:R$37) -> 54.286 | E19: =MIN('Raw Data'!R$5:R$37) -> 21.125 | F19: =MAX('Raw Data'!R$5:R$37) -> 93.149 | G19: =COUNTIF('Raw Data'!R$5:R$37,">0") -> 33 | H19: =G19/COUNT('Raw Data'!R$5:R$37)*100 -> 100 | I19: =B19/$B$22*100 -> 59.516923
A20: ΣHCH | B20: =AVERAGE('Raw Data'!S$5:S$37) -> 22.243515 | C20: =STDEV('Raw Data'!S$5:S$37) -> 12.282143 | D20: =MEDIAN('Raw Data'!S$5:S$37) -> 23.736 | E20: =MIN('Raw Data'!S$5:S$37) -> 2.485 | F20: =MAX('Raw Data'!S$5:S$37) -> 47.852 | G20: =COUNTIF('Raw Data'!S$5:S$37,">0") -> 33 | H20: =G20/COUNT('Raw Data'!S$5:S$37)*100 -> 100 | I20: =B20/$B$22*100 -> 24.435018
A21: ΣDRN | B21: =AVERAGE('Raw Data'!T$5:T$37) -> 6.6299697 | C21: =STDEV('Raw Data'!T$5:T$37) -> 5.2941812 | D21: =MEDIAN('Raw Data'!T$5:T$37) -> 5.172 | E21: =MIN('Raw Data'!T$5:T$37) -> 1 | F21: =MAX('Raw Data'!T$5:T$37) -> 19.059 | G21: =COUNTIF('Raw Data'!T$5:T$37,">0") -> 33 | H21: =G21/COUNT('Raw Data'!T$5:T$37)*100 -> 100 | I21: =B21/$B$22*100 -> 7.2831757
A22: ΣOCP | B22: =AVERAGE('Raw Data'!U$5:U$37) -> 91.031303 | C22: =STDEV('Raw Data'!U$5:U$37) -> 41.045978 | D22: =MEDIAN('Raw Data'!U$5:U$37) -> 84.424 | E22: =MIN('Raw Data'!U$5:U$37) -> 25.61 | F22: =MAX('Raw Data'!U$5:U$37) -> 183.622 | G22: =COUNTIF('Raw Data'!U$5:U$37,">0") -> 33 | H22: =G22/COUNT('Raw Data'!U$5:U$37)*100 -> 100 | I22: =B22/$B$22*100 -> 100
A23: ΣHPT | B23: =AVERAGE('Raw Data'!W$5:W$37) -> 7.9787879 | C23: =STDEV('Raw Data'!W$5:W$37) -> 6.7644453 | D23: =MEDIAN('Raw Data'!W$5:W$37) -> 5.579 | E23: =MIN('Raw Data'!W$5:W$37) -> 1 | F23: =MAX('Raw Data'!W$5:W$37) -> 25.116 | G23: =COUNTIF('Raw Data'!W$5:W$37,">0") -> 33 | H23: =G23/COUNT('Raw Data'!W$5:W$37)*100 -> 100 | I23: =B23/$B$22*100 -> 8.7648837
A24: ΣDDT = o,p'- and p,p'-DDT, -DDD, -DDE; ΣHCH = α, β, γ, δ-HCH; ΣCyclodiene = aldrin, dieldrin, heptachlor, heptachlor epoxide.

Sheet Site Means
A1: Site-wise mean and SD (µg/kg, n = 3 per site)
A2: Formulas reference the contiguous block of the three replicate rows of each site on the Raw Data sheet.
A4: Site | B4: Zone | C4: Rows | D4: o,p'-DDT | E4: p,p'-DDT | F4: o,p'-DDD | G4: p,p'-DDD | H4: o,p'-DDE | I4: p,p'-DDE | J4: α-HCH | K4: β-HCH | L4: γ-HCH (Lindane) | M4: δ-HCH | N4: Aldrin | O4: Dieldrin | P4: Heptachlor | Q4: Heptachlor epoxide | R4: ΣDDT | S4: ΣHCH | T4: ΣDRN | U4: ΣOCP | W4: ΣHPT
A5: Bhujpur Dam | B5: Up-stream | C5: 5–7 | D5: =AVERAGE('Raw Data'!D5:D7) -> 2.7946667 | E5: =AVERAGE('Raw Data'!E5:E7) -> 6.4113333 | F5: =AVERAGE('Raw Data'!F5:F7) -> 3.7826667 | G5: =AVERAGE('Raw Data'!G5:G7) -> 3.7826667 | H5: =AVERAGE('Raw Data'!H5:H7) -> 8.1226667 | I5: =AVERAGE('Raw Data'!I5:I7) -> 10.883667 | J5: =AVERAGE('Raw Data'!J5:J7) -> 2.5306667 | K5: =AVERAGE('Raw Data'!K5:K7) -> 4.9856667 | ... U5: =AVERAGE('Raw Data'!U5:U7) -> 48.546 | W5: =AVERAGE('Raw Data'!W5:W7) -> 2.707
A6: Ekkhuliya | B6: Up-stream | C6: 8–10 | D6: =AVERAGE('Raw Data'!D8:D10) -> 0.5 | E6: =AVERAGE('Raw Data'!E8:E10) -> 4.676 | F6: =AVERAGE('Raw Data'!F8:F10) -> 0.5 | G6: =AVERAGE('Raw Data'!G8:G10) -> 0.5 | H6: =AVERAGE('Raw Data'!H8:H10) -> 7.2613333 | I6: =AVERAGE('Raw Data'!I8:I10) -> 8.3356667 | J6: =AVERAGE('Raw Data'!J8:J10) -> 0.5 | K6: =AVERAGE('Raw Data'!K8:K10) -> 0.985 | ... U6: =AVERAGE('Raw Data'!U8:U10) -> 26.258 | W6: =AVERAGE('Raw Data'!W8:W10) -> 1
A7: Nazirhat | B7: Up-stream | C7: 11–13 | D7: =AVERAGE('Raw Data'!D11:D13) -> 7.5616667 | E7: =AVERAGE('Raw Data'!E11:E13) -> 11.585333 | F7: =AVERAGE('Raw Data'!F11:F13) -> 7.0156667 | G7: =AVERAGE('Raw Data'!G11:G13) -> 8.6126667 | H7: =AVERAGE('Raw Data'!H11:H13) -> 9.2243333 | I7: =AVERAGE('Raw Data'!I11:I13) -> 18.710333 | J7: =AVERAGE('Raw Data'!J11:J13) -> 7.412 | K7: =AVERAGE('Raw Data'!K11:K13) -> 14.602 | ... U7: =AVERAGE('Raw Data'!U11:U13) -> 120.47733 | W7: =AVERAGE('Raw Data'!W11:W13) -> 16.287
A8: Sekandar Para | B8: Mid-stream | C8: 14–16 | D8: =AVERAGE('Raw Data'!D14:D16) -> 4.298 | E8: =AVERAGE('Raw Data'!E14:E16) -> 6.123 | F8: =AVERAGE('Raw Data'!F14:F16) -> 0.5 | G8: =AVERAGE('Raw Data'!G14:G16) -> 5.4633333 | H8: =AVERAGE('Raw Data'!H14:H16) -> 6.548 | I8: =AVERAGE('Raw Data'!I14:I16) -> 13 | J8: =AVERAGE('Raw Data'!J14:J16) -> 3.0996667 | K8: =AVERAGE('Raw Data'!K14:K16) -> 6.1056667 | ... U8: =AVERAGE('Raw Data'!U14:U16) -> 51.676 | W8: =AVERAGE('Raw Data'!W14:W16) -> 1
A9: Nichintapur | B9: Mid-stream | C9: 17–19 | D9: =AVERAGE('Raw Data'!D17:D19) -> 6.0546667 | E9: =AVERAGE('Raw Data'!E17:E19) -> 8.6763333 | F9: =AVERAGE('Raw Data'!F17:F19) -> 5.019 | G9: =AVERAGE('Raw Data'!G17:G19) -> 3.3926667 | H9: =AVERAGE('Raw Data'!H17:H19) -> 7.388 | I9: =AVERAGE('Raw Data'!I17:I19) -> 18.89 | J9: =AVERAGE('Raw Data'!J17:J19) -> 4.0103333 | K9: =AVERAGE('Raw Data'!K17:K19) -> 7.9003333 | ... U9: =AVERAGE('Raw Data'!U17:U19) -> 72.805 | W9: =AVERAGE('Raw Data'!W17:W19) -> 4.982
A10: Nadimpur | B10: Mid-stream | C10: 20–22 | D10: =AVERAGE('Raw Data'!D20:D22) -> 6.5976667 | E10: =AVERAGE('Raw Data'!E20:E22) -> 9.0756667 | F10: =AVERAGE('Raw Data'!F20:F22) -> 5.859 | G10: =AVERAGE('Raw Data'!G20:G22) -> 4.752 | H10: =AVERAGE('Raw Data'!H20:H22) -> 7.642 | I10: =AVERAGE('Raw Data'!I20:I22) -> 20.352 | J10: =AVERAGE('Raw Data'!J20:J22) -> 5.3076667 | K10: =AVERAGE('Raw Data'!K20:K22) -> 10.522667 | ... U10: =AVERAGE('Raw Data'!U20:U22) -> 80.833333 | W10: =AVERAGE('Raw Data'!W20:W22) -> 4.8703333
A11: West Binajuri | B11: Down-stream | C11: 23–25 | D11: =AVERAGE('Raw Data'!D23:D25) -> 8.3486667 | E11: =AVERAGE('Raw Data'!E23:E25) -> 8.9196667 | F11: =AVERAGE('Raw Data'!F23:F25) -> 0.5 | G11: =AVERAGE('Raw Data'!G23:G25) -> 5.0226667 | H11: =AVERAGE('Raw Data'!H23:H25) -> 7.599 | I11: =AVERAGE('Raw Data'!I23:I25) -> 19.880667 | J11: =AVERAGE('Raw Data'!J23:J25) -> 6.789 | K11: =AVERAGE('Raw Data'!K23:K25) -> 13.374333 | ... U11: =AVERAGE('Raw Data'!U23:U25) -> 85.460333 | W11: =AVERAGE('Raw Data'!W23:W25) -> 3.6716667
A12: Napiter Ghona | B12: Down-stream | C12: 26–28 | D12: =AVERAGE('Raw Data'!D26:D28) -> 9.2173333 | E12: =AVERAGE('Raw Data'!E26:E28) -> 8.7166667 | F12: =AVERAGE('Raw Data'!F26:F28) -> 8.5176667 | G12: =AVERAGE('Raw Data'!G26:G28) -> 5.1293333 | H12: =AVERAGE('Raw Data'!H26:H28) -> 8.131 | I12: =AVERAGE('Raw Data'!I26:I28) -> 20.945667 | J12: =AVERAGE('Raw Data'!J26:J28) -> 5.8396667 | K12: =AVERAGE('Raw Data'!K26:K28) -> 11.503667 | ... U12: =AVERAGE('Raw Data'!U26:U28) -> 100.73633 | W12: =AVERAGE('Raw Data'!W26:W28) -> 9.0593333
A13: Horekrishno Mohajoner Tek | B13: Down-stream | C13: 29–31 | D13: =AVERAGE('Raw Data'!D29:D31) -> 9.456 | E13: =AVERAGE('Raw Data'!E29:E31) -> 10.034667 | F13: =AVERAGE('Raw Data'!F29:F31) -> 6.386 | G13: =AVERAGE('Raw Data'!G29:G31) -> 8.6613333 | H13: =AVERAGE('Raw Data'!H29:H31) -> 9.2606667 | I13: =AVERAGE('Raw Data'!I29:I31) -> 21.23 | J13: =AVERAGE('Raw Data'!J29:J31) -> 7.4593333 | K13: =AVERAGE('Raw Data'!K29:K31) -> 14.695667 | ... U13: =AVERAGE('Raw Data'!U29:U31) -> 111.74067 | W13: =AVERAGE('Raw Data'!W29:W31) -> 8.2726667
A14: Chayar Char | B14: Down-stream | C14: 32–34 | D14: =AVERAGE('Raw Data'!D32:D34) -> 9.984 | E14: =AVERAGE('Raw Data'!E32:E34) -> 13.183667 | F14: =AVERAGE('Raw Data'!F32:F34) -> 9.1683333 | G14: =AVERAGE('Raw Data'!G32:G34) -> 6.525 | H14: =AVERAGE('Raw Data'!H32:H34) -> 9.1703333 | I14: =AVERAGE('Raw Data'!I32:I34) -> 23.928667 | J14: =AVERAGE('Raw Data'!J32:J34) -> 6.7353333 | K14: =AVERAGE('Raw Data'!K32:K34) -> 13.335667 | ... U14: =AVERAGE('Raw Data'!U32:U34) -> 128.581 | W14: =AVERAGE('Raw Data'!W32:W34) -> 13.197333
A15: Kalurghat | B15: Down-stream | C15: 35–37 | D15: =AVERAGE('Raw Data'!D35:D37) -> 12.125667 | E15: =AVERAGE('Raw Data'!E35:E37) -> 13.853 | F15: =AVERAGE('Raw Data'!F35:F37) -> 11.514 | G15: =AVERAGE('Raw Data'!G35:G37) -> 9.3116667 | H15: =AVERAGE('Raw Data'!H35:H37) -> 11.402667 | I15: =AVERAGE('Raw Data'!I35:I37) -> 29.953333 | J15: =AVERAGE('Raw Data'!J35:J37) -> 8.4113333 | K15: =AVERAGE('Raw Data'!K35:K37) -> 16.603667 | ... U15: =AVERAGE('Raw Data'!U35:U37) -> 174.23033 | W15: =AVERAGE('Raw Data'!W35:W37) -> 22.719333
A18: Site (SD) | B18: Zone | C18: Rows | D18: o,p'-DDT | E18: p,p'-DDT | F18: o,p'-DDD | G18: p,p'-DDD | H18: o,p'-DDE | I18: p,p'-DDE | J18: α-HCH | K18: β-HCH | L18: γ-HCH (Lindane) | M18: δ-HCH | N18: Aldrin | O18: Dieldrin | P18: Heptachlor | Q18: Heptachlor epoxide | R18: ΣDDT | S18: ΣHCH | T18: ΣDRN | U18: ΣOCP | W18: ΣHPT
A19: Bhujpur Dam | B19: Up-stream | C19: 5–7 | D19: =STDEV('Raw Data'!D5:D7) -> 1.2689292 | E19: =STDEV('Raw Data'!E5:E7) -> 0.50496171 | F19: =STDEV('Raw Data'!F5:F7) -> 1.5234482 | G19: =STDEV('Raw Data'!G5:G7) -> 1.3511733 | H19: =STDEV('Raw Data'!H5:H7) -> 0.42959322 | I19: =STDEV('Raw Data'!I5:I7) -> 1.5407029 | J19: =STDEV('Raw Data'!J5:J7) -> 0.65953494 | K19: =STDEV('Raw Data'!K5:K7) -> 1.2996747 | ... U19: =STDEV('Raw Data'!U5:U7) -> 3.6458411 | W19: =STDEV('Raw Data'!W5:W7) -> 0.34245146
A20: Ekkhuliya | B20: Up-stream | C20: 8–10 | D20: =STDEV('Raw Data'!D8:D10) -> 0 | E20: =STDEV('Raw Data'!E8:E10) -> 0.37471589 | F20: =STDEV('Raw Data'!F8:F10) -> 0 | G20: =STDEV('Raw Data'!G8:G10) -> 0 | H20: =STDEV('Raw Data'!H8:H10) -> 0.16159311 | I20: =STDEV('Raw Data'!I8:I10) -> 0.41056343 | J20: =STDEV('Raw Data'!J8:J10) -> 0 | K20: =STDEV('Raw Data'!K8:K10) -> 0 | ... U20: =STDEV('Raw Data'!U8:U10) -> 0.62275838 | W20: =STDEV('Raw Data'!W8:W10) -> 0
A21: Nazirhat | B21: Up-stream | C21: 11–13 | D21: =STDEV('Raw Data'!D11:D13) -> 0.31642745 | E21: =STDEV('Raw Data'!E11:E13) -> 2.298061 | F21: =STDEV('Raw Data'!F11:F13) -> 1.2339426 | G21: =STDEV('Raw Data'!G11:G13) -> 0.31858646 | H21: =STDEV('Raw Data'!H11:H13) -> 0.062171805 | I21: =STDEV('Raw Data'!I11:I13) -> 0.73228023 | J21: =STDEV('Raw Data'!J11:J13) -> 0.49180789 | K21: =STDEV('Raw Data'!K11:K13) -> 0.96950967 | ... U21: =STDEV('Raw Data'!U11:U13) -> 6.4892343 | W21: =STDEV('Raw Data'!W11:W13) -> 1.4470933
A22: Sekandar Para | B22: Mid-stream | C22: 14–16 | D22: =STDEV('Raw Data'!D14:D16) -> 1.189391 | E22: =STDEV('Raw Data'!E14:E16) -> 1.2247698 | F22: =STDEV('Raw Data'!F14:F16) -> 0 | G22: =STDEV('Raw Data'!G14:G16) -> 1.9497285 | H22: =STDEV('Raw Data'!H14:H16) -> 0.32565012 | I22: =STDEV('Raw Data'!I14:I16) -> 3.4306077 | J22: =STDEV('Raw Data'!J14:J16) -> 0.88321251 | K22: =STDEV('Raw Data'!K14:K16) -> 1.7409714 | ... U22: =STDEV('Raw Data'!U14:U16) -> 5.1195792 | W22: =STDEV('Raw Data'!W14:W16) -> 0
A23: Nichintapur | B23: Mid-stream | C23: 17–19 | D23: =STDEV('Raw Data'!D17:D19) -> 0.97643911 | E23: =STDEV('Raw Data'!E17:E19) -> 0.63162832 | F23: =STDEV('Raw Data'!F17:F19) -> 1.771895 | G23: =STDEV('Raw Data'!G17:G19) -> 2.5720671 | H23: =STDEV('Raw Data'!H17:H19) -> 0.45816045 | I23: =STDEV('Raw Data'!I17:I19) -> 1.3925778 | J23: =STDEV('Raw Data'!J17:J19) -> 0.88220991 | K23: =STDEV('Raw Data'!K17:K19) -> 1.7378436 | ... U23: =STDEV('Raw Data'!U17:U19) -> 6.1899367 | W23: =STDEV('Raw Data'!W17:W19) -> 0.52294264
A24: Nadimpur | B24: Mid-stream | C24: 20–22 | D24: =STDEV('Raw Data'!D20:D22) -> 1.5728243 | E24: =STDEV('Raw Data'!E20:E22) -> 1.4607838 | F24: =STDEV('Raw Data'!F20:F22) -> 2.4435163 | G24: =STDEV('Raw Data'!G20:G22) -> 0.7052262 | H24: =STDEV('Raw Data'!H20:H22) -> 2.0275298 | I24: =STDEV('Raw Data'!I20:I22) -> 0.76907152 | J24: =STDEV('Raw Data'!J20:J22) -> 1.3347308 | K24: =STDEV('Raw Data'!K20:K22) -> 2.7341288 | ... U24: =STDEV('Raw Data'!U20:U22) -> 3.0524958 | W24: =STDEV('Raw Data'!W20:W22) -> 1.0468258
A25: West Binajuri | B25: Down-stream | C25: 23–25 | D25: =STDEV('Raw Data'!D23:D25) -> 1.2350742 | E25: =STDEV('Raw Data'!E23:E25) -> 1.075593 | F25: =STDEV('Raw Data'!F23:F25) -> 0 | G25: =STDEV('Raw Data'!G23:G25) -> 2.0443878 | H25: =STDEV('Raw Data'!H23:H25) -> 0.56473711 | I25: =STDEV('Raw Data'!I23:I25) -> 0.72597544 | J25: =STDEV('Raw Data'!J23:J25) -> 0.64458359 | K25: =STDEV('Raw Data'!K23:K25) -> 1.2696694 | ... U25: =STDEV('Raw Data'!U23:U25) -> 2.3238077 | W25: =STDEV('Raw Data'!W23:W25) -> 0.97036144
A26: Napiter Ghona | B26: Down-stream | C26: 26–28 | D26: =STDEV('Raw Data'!D26:D28) -> 0.60929167 | E26: =STDEV('Raw Data'!E26:E28) -> 1.7657017 | F26: =STDEV('Raw Data'!F26:F28) -> 1.9037653 | G26: =STDEV('Raw Data'!G26:G28) -> 1.37452 | H26: =STDEV('Raw Data'!H26:H28) -> 0.17393102 | I26: =STDEV('Raw Data'!I26:I28) -> 2.9084966 | J26: =STDEV('Raw Data'!J26:J28) -> 1.777889 | K26: =STDEV('Raw Data'!K26:K28) -> 3.5027797 | ... U26: =STDEV('Raw Data'!U26:U28) -> 6.1337067 | W26: =STDEV('Raw Data'!W26:W28) -> 0.50652674
A27: Horekrishno Mohajoner Tek | B27: Down-stream | C27: 29–31 | D27: =STDEV('Raw Data'!D29:D31) -> 2.232347 | E27: =STDEV('Raw Data'!E29:E31) -> 0.84021981 | F27: =STDEV('Raw Data'!F29:F31) -> 0.4883554 | G27: =STDEV('Raw Data'!G29:G31) -> 1.7619141 | H27: =STDEV('Raw Data'!H29:H31) -> 0.2016168 | I27: =STDEV('Raw Data'!I29:I31) -> 1.5636816 | J27: =STDEV('Raw Data'!J29:J31) -> 0.6182025 | K27: =STDEV('Raw Data'!K29:K31) -> 1.2503817 | ... U27: =STDEV('Raw Data'!U29:U31) -> 1.879517 | W27: =STDEV('Raw Data'!W29:W31) -> 1.7176147
A28: Chayar Char | B28: Down-stream | C28: 32–34 | D28: =STDEV('Raw Data'!D32:D34) -> 2.629815 | E28: =STDEV('Raw Data'!E32:E34) -> 0.32581334 | F28: =STDEV('Raw Data'!F32:F34) -> 0.94951268 | G28: =STDEV('Raw Data'!G32:G34) -> 0.82275391 | H28: =STDEV('Raw Data'!H32:H34) -> 1.6458607 | I28: =STDEV('Raw Data'!I32:I34) -> 1.5111778 | J28: =STDEV('Raw Data'!J32:J34) -> 1.1626377 | K28: =STDEV('Raw Data'!K32:K34) -> 2.2697789 | ... U28: =STDEV('Raw Data'!U32:U34) -> 9.6853442 | W28: =STDEV('Raw Data'!W32:W34) -> 1.4151104
A29: Kalurghat | B29: Down-stream | C29: 35–37 | D29: =STDEV('Raw Data'!D35:D37) -> 1.5932 | E29: =STDEV('Raw Data'!E35:E37) -> 0.68733034 | F29: =STDEV('Raw Data'!F35:F37) -> 0.28597378 | G29: =STDEV('Raw Data'!G35:G37) -> 0.31581218 | H29: =STDEV('Raw Data'!H35:H37) -> 1.7518317 | I29: =STDEV('Raw Data'!I35:I37) -> 2.9167846 | J29: =STDEV('Raw Data'!J35:J37) -> 0.94100708 | K29: =STDEV('Raw Data'!K35:K37) -> 1.7962968 | ... U29: =STDEV('Raw Data'!U35:U37) -> 8.8370262 | W29: =STDEV('Raw Data'!W35:W37) -> 2.5702654

Sheet Zone Means
A1: Zone-wise mean, SD and n (µg/kg)
A2: Up-stream = rows of Bhujpur Dam, Ekkhuliya, Nazirhat; Mid-stream = Sekandar Para, Nichintapur, Nadimpur; Down-stream = the five remaining sites.
A4: Zone | B4: n | C4: Rows | D4: o,p'-DDT | E4: p,p'-DDT | F4: o,p'-DDD | G4: p,p'-DDD | H4: o,p'-DDE | I4: p,p'-DDE | J4: α-HCH | K4: β-HCH | L4: γ-HCH (Lindane) | M4: δ-HCH | N4: Aldrin | O4: Dieldrin | P4: Heptachlor | Q4: Heptachlor epoxide | R4: ΣDDT | S4: ΣHCH | T4: ΣDRN | U4: ΣOCP | W4: ΣHPT
A5: Up-stream | B5: =COUNTA('Raw Data'!C5:C13) -> 9 | C5: 5–13 | D5: =AVERAGE('Raw Data'!D5:D13) -> 3.6187778 | E5: =AVERAGE('Raw Data'!E5:E13) -> 7.5575556 | F5: =AVERAGE('Raw Data'!F5:F13) -> 3.7661111 | G5: =AVERAGE('Raw Data'!G5:G13) -> 4.2984444 | H5: =AVERAGE('Raw Data'!H5:H13) -> 8.2027778 | I5: =AVERAGE('Raw Data'!I5:I13) -> 12.643222 | J5: =AVERAGE('Raw Data'!J5:J13) -> 3.4808889 | K5: =AVERAGE('Raw Data'!K5:K13) -> 6.8575556 | ... U5: =AVERAGE('Raw Data'!U5:U13) -> 65.093778 | W5: =AVERAGE('Raw Data'!W5:W13) -> 6.6646667
A6: Mid-stream | B6: =COUNTA('Raw Data'!C14:C22) -> 9 | C6: 14–22 | D6: =AVERAGE('Raw Data'!D14:D22) -> 5.6501111 | E6: =AVERAGE('Raw Data'!E14:E22) -> 7.9583333 | F6: =AVERAGE('Raw Data'!F14:F22) -> 3.7926667 | G6: =AVERAGE('Raw Data'!G14:G22) -> 4.536 | H6: =AVERAGE('Raw Data'!H14:H22) -> 7.1926667 | I6: =AVERAGE('Raw Data'!I14:I22) -> 17.414 | J6: =AVERAGE('Raw Data'!J14:J22) -> 4.1392222 | K6: =AVERAGE('Raw Data'!K14:K22) -> 8.1762222 | ... U6: =AVERAGE('Raw Data'!U14:U22) -> 68.438111 | W6: =AVERAGE('Raw Data'!W14:W22) -> 3.6174444
A7: Down-stream | B7: =COUNTA('Raw Data'!C23:C37) -> 15 | C7: 23–37 | D7: =AVERAGE('Raw Data'!D23:D37) -> 9.8263333 | E7: =AVERAGE('Raw Data'!E23:E37) -> 10.941533 | F7: =AVERAGE('Raw Data'!F23:F37) -> 7.2172 | G7: =AVERAGE('Raw Data'!G23:G37) -> 6.93 | H7: =AVERAGE('Raw Data'!H23:H37) -> 9.1127333 | I7: =AVERAGE('Raw Data'!I23:I37) -> 23.187667 | J7: =AVERAGE('Raw Data'!J23:J37) -> 7.0469333 | K7: =AVERAGE('Raw Data'!K23:K37) -> 13.9026 | ... U7: =AVERAGE('Raw Data'!U23:U37) -> 120.14973 | W7: =AVERAGE('Raw Data'!W23:W37) -> 11.384067
A10: Zone (SD) | B10: n | C10: Rows | D10: o,p'-DDT | E10: p,p'-DDT | F10: o,p'-DDD | G10: p,p'-DDD | H10: o,p'-DDE | I10: p,p'-DDE | J10: α-HCH | K10: β-HCH | L10: γ-HCH (Lindane) | M10: δ-HCH | N10: Aldrin | O10: Dieldrin | P10: Heptachlor | Q10: Heptachlor epoxide | R10: ΣDDT | S10: ΣHCH | T10: ΣDRN | U10: ΣOCP | W10: ΣHPT
A11: Up-stream | B11: =B5 -> 9 | C11: 5–13 | D11: =STDEV('Raw Data'!D5:D13) -> 3.1874272 | E11: =STDEV('Raw Data'!E5:E13) -> 3.333045 | F11: =STDEV('Raw Data'!F5:F13) -> 2.9868277 | G11: =STDEV('Raw Data'!G5:G13) -> 3.6016402 | H11: =STDEV('Raw Data'!H5:H13) -> 0.8830338 | I11: =STDEV('Raw Data'!I5:I13) -> 4.7636626 | J11: =STDEV('Raw Data'!J5:J13) -> 3.1040395 | K11: =STDEV('Raw Data'!K5:K13) -> 6.1151461 | ... U11: =STDEV('Raw Data'!U5:U13) -> 42.807322 | W11: =STDEV('Raw Data'!W5:W13) -> 7.2925075
A12: Mid-stream | B12: =B6 -> 9 | C12: 14–22 | D12: =STDEV('Raw Data'!D14:D22) -> 1.5146334 | E12: =STDEV('Raw Data'!E14:E22) -> 1.7125649 | F12: =STDEV('Raw Data'!F14:F22) -> 2.9169035 | G12: =STDEV('Raw Data'!G14:G22) -> 1.8864673 | H12: =STDEV('Raw Data'!H14:H22) -> 1.1630039 | I12: =STDEV('Raw Data'!I14:I22) -> 3.8646001 | J12: =STDEV('Raw Data'!J14:J22) -> 1.3260553 | K12: =STDEV('Raw Data'!K14:K22) -> 2.6613069 | ... U12: =STDEV('Raw Data'!U14:U22) -> 13.732831 | W12: =STDEV('Raw Data'!W14:W22) -> 2.0489906
A13: Down-stream | B13: =B7 -> 15 | C13: 23–37 | D13: =STDEV('Raw Data'!D23:D37) -> 2.0120782 | E13: =STDEV('Raw Data'!E23:E37) -> 2.4084798 | F13: =STDEV('Raw Data'!F23:F37) -> 3.9551885 | G13: =STDEV('Raw Data'!G23:G37) -> 2.1883172 | H13: =STDEV('Raw Data'!H23:H37) -> 1.6455081 | I13: =STDEV('Raw Data'!I23:I37) -> 4.1644873 | J13: =STDEV('Raw Data'!J23:J37) -> 1.2914521 | K13: =STDEV('Raw Data'!K23:K37) -> 2.5423182 | ... U13: =STDEV('Raw Data'!U23:U37) -> 32.045884 | W13: =STDEV('Raw Data'!W23:W37) -> 6.7851829
A16: Zone | B16: ΣDDT (%) | C16: ΣHCH (%) | D16: ΣDRN (%) | E16: ΣHPT (%)
A17: Up-stream | B17: =R5/U5*100 -> 61.583288 | C17: =S5/U5*100 -> 20.987498 | D17: =T5/U5*100 -> 7.1906514 | E17: =W5/U5*100 -> 10.238562
A18: Mid-stream | B18: =R6/U6*100 -> 68.008566 | C18: =S6/U6*100 -> 22.04993 | D18: =T6/U6*100 -> 4.655788 | E18: =W6/U6*100 -> 5.2857164
A19: Down-stream | B19: =R7/U7*100 -> 55.943084 | C19: =S7/U7*100 -> 26.370817 | D19: =T7/U7*100 -> 8.2111987 | E19: =W7/U7*100 -> 9.4748997
A20: Overall | B20: ='Descriptive Stats'!B19/'Descriptive Stats'!B22*100 -> 59.516923 | C20: ='Descriptive Stats'!B20/'Descriptive Stats'!B22*100 -> 24.435018 | D20: ='Descriptive Stats'!B21/'Descriptive Stats'!B22*100 -> 7.2831757 | E20: ='Descriptive Stats'!B23/'Descriptive Stats'!B22*100 -> 8.7648837

Sheet Group Means
A1: Mean concentrations (µg/kg) for every site, zone and overall — lookup table for the risk sheets
A2: Green = links to Site Means / Zone Means / Descriptive Stats.
A4: Group | B4: Type | C4: o,p'-DDT | D4: p,p'-DDT | E4: o,p'-DDD | F4: p,p'-DDD | G4: o,p'-DDE | H4: p,p'-DDE | I4: α-HCH | J4: β-HCH | K4: γ-HCH (Lindane) | L4: δ-HCH | M4: Aldrin | N4: Dieldrin | O4: Heptachlor | P4: Heptachlor epoxide | Q4: ΣDDT | R4: ΣHCH | S4: ΣCyclodiene | T4: ΣOCP
A5: Bhujpur Dam | B5: Site | C5: ='Site Means'!D5 -> 2.7946667 | D5: ='Site Means'!E5 -> 6.4113333 | E5: ='Site Means'!F5 -> 3.7826667 | F5: ='Site Means'!G5 -> 3.7826667 | G5: ='Site Means'!H5 -> 8.1226667 | H5: ='Site Means'!I5 -> 10.883667 | I5: ='Site Means'!J5 -> 2.5306667 | J5: ='Site Means'!K5 -> 4.9856667 | ... T5: ='Site Means'!U5 -> 48.546
A6: Ekkhuliya | B6: Site | C6: ='Site Means'!D6 -> 0.5 | D6: ='Site Means'!E6 -> 4.676 | E6: ='Site Means'!F6 -> 0.5 | F6: ='Site Means'!G6 -> 0.5 | G6: ='Site Means'!H6 -> 7.2613333 | H6: ='Site Means'!I6 -> 8.3356667 | I6: ='Site Means'!J6 -> 0.5 | J6: ='Site Means'!K6 -> 0.985 | ... T6: ='Site Means'!U6 -> 26.258
A7: Nazirhat | B7: Site | C7: ='Site Means'!D7 -> 7.5616667 | D7: ='Site Means'!E7 -> 11.585333 | E7: ='Site Means'!F7 -> 7.0156667 | F7: ='Site Means'!G7 -> 8.6126667 | G7: ='Site Means'!H7 -> 9.2243333 | H7: ='Site Means'!I7 -> 18.710333 | I7: ='Site Means'!J7 -> 7.412 | J7: ='Site Means'!K7 -> 14.602 | ... T7: ='Site Means'!U7 -> 120.47733
A8: Sekandar Para | B8: Site | C8: ='Site Means'!D8 -> 4.298 | D8: ='Site Means'!E8 -> 6.123 | E8: ='Site Means'!F8 -> 0.5 | F8: ='Site Means'!G8 -> 5.4633333 | G8: ='Site Means'!H8 -> 6.548 | H8: ='Site Means'!I8 -> 13 | I8: ='Site Means'!J8 -> 3.0996667 | J8: ='Site Means'!K8 -> 6.1056667 | ... T8: ='Site Means'!U8 -> 51.676
A9: Nichintapur | B9: Site | C9: ='Site Means'!D9 -> 6.0546667 | D9: ='Site Means'!E9 -> 8.6763333 | E9: ='Site Means'!F9 -> 5.019 | F9: ='Site Means'!G9 -> 3.3926667 | G9: ='Site Means'!H9 -> 7.388 | H9: ='Site Means'!I9 -> 18.89 | I9: ='Site Means'!J9 -> 4.0103333 | J9: ='Site Means'!K9 -> 7.9003333 | ... T9: ='Site Means'!U9 -> 72.805
A10: Nadimpur | B10: Site | C10: ='Site Means'!D10 -> 6.5976667 | D10: ='Site Means'!E10 -> 9.0756667 | E10: ='Site Means'!F10 -> 5.859 | F10: ='Site Means'!G10 -> 4.752 | G10: ='Site Means'!H10 -> 7.642 | H10: ='Site Means'!I10 -> 20.352 | I10: ='Site Means'!J10 -> 5.3076667 | J10: ='Site Means'!K10 -> 10.522667 | ... T10: ='Site Means'!U10 -> 80.833333
A11: West Binajuri | B11: Site | C11: ='Site Means'!D11 -> 8.3486667 | D11: ='Site Means'!E11 -> 8.9196667 | E11: ='Site Means'!F11 -> 0.5 | F11: ='Site Means'!G11 -> 5.0226667 | G11: ='Site Means'!H11 -> 7.599 | H11: ='Site Means'!I11 -> 19.880667 | I11: ='Site Means'!J11 -> 6.789 | J11: ='Site Means'!K11 -> 13.374333 | ... T11: ='Site Means'!U11 -> 85.460333
A12: Napiter Ghona | B12: Site | C12: ='Site Means'!D12 -> 9.2173333 | D12: ='Site Means'!E12 -> 8.7166667 | E12: ='Site Means'!F12 -> 8.5176667 | F12: ='Site Means'!G12 -> 5.1293333 | G12: ='Site Means'!H12 -> 8.131 | H12: ='Site Means'!I12 -> 20.945667 | I12: ='Site Means'!J12 -> 5.8396667 | J12: ='Site Means'!K12 -> 11.503667 | ... T12: ='Site Means'!U12 -> 100.73633
A13: Horekrishno Mohajoner Tek | B13: Site | C13: ='Site Means'!D13 -> 9.456 | D13: ='Site Means'!E13 -> 10.034667 | E13: ='Site Means'!F13 -> 6.386 | F13: ='Site Means'!G13 -> 8.6613333 | G13: ='Site Means'!H13 -> 9.2606667 | H13: ='Site Means'!I13 -> 21.23 | I13: ='Site Means'!J13 -> 7.4593333 | J13: ='Site Means'!K13 -> 14.695667 | ... T13: ='Site Means'!U13 -> 111.74067
A14: Chayar Char | B14: Site | C14: ='Site Means'!D14 -> 9.984 | D14: ='Site Means'!E14 -> 13.183667 | E14: ='Site Means'!F14 -> 9.1683333 | F14: ='Site Means'!G14 -> 6.525 | G14: ='Site Means'!H14 -> 9.1703333 | H14: ='Site Means'!I14 -> 23.928667 | I14: ='Site Means'!J14 -> 6.7353333 | J14: ='Site Means'!K14 -> 13.335667 | ... T14: ='Site Means'!U14 -> 128.581
A15: Kalurghat | B15: Site | C15: ='Site Means'!D15 -> 12.125667 | D15: ='Site Means'!E15 -> 13.853 | E15: ='Site Means'!F15 -> 11.514 | F15: ='Site Means'!G15 -> 9.3116667 | G15: ='Site Means'!H15 -> 11.402667 | H15: ='Site Means'!I15 -> 29.953333 | I15: ='Site Means'!J15 -> 8.4113333 | J15: ='Site Means'!K15 -> 16.603667 | ... T15: ='Site Means'!U15 -> 174.23033
A16: Up-stream | B16: Zone | C16: ='Zone Means'!D5 -> 3.6187778 | D16: ='Zone Means'!E5 -> 7.5575556 | E16: ='Zone Means'!F5 -> 3.7661111 | F16: ='Zone Means'!G5 -> 4.2984444 | G16: ='Zone Means'!H5 -> 8.2027778 | H16: ='Zone Means'!I5 -> 12.643222 | I16: ='Zone Means'!J5 -> 3.4808889 | J16: ='Zone Means'!K5 -> 6.8575556 | ... T16: ='Zone Means'!U5 -> 65.093778
A17: Mid-stream | B17: Zone | C17: ='Zone Means'!D6 -> 5.6501111 | D17: ='Zone Means'!E6 -> 7.9583333 | E17: ='Zone Means'!F6 -> 3.7926667 | F17: ='Zone Means'!G6 -> 4.536 | G17: ='Zone Means'!H6 -> 7.1926667 | H17: ='Zone Means'!I6 -> 17.414 | I17: ='Zone Means'!J6 -> 4.1392222 | J17: ='Zone Means'!K6 -> 8.1762222 | ... T17: ='Zone Means'!U6 -> 68.438111
A18: Down-stream | B18: Zone | C18: ='Zone Means'!D7 -> 9.8263333 | D18: ='Zone Means'!E7 -> 10.941533 | E18: ='Zone Means'!F7 -> 7.2172 | F18: ='Zone Means'!G7 -> 6.93 | G18: ='Zone Means'!H7 -> 9.1127333 | H18: ='Zone Means'!I7 -> 23.187667 | I18: ='Zone Means'!J7 -> 7.0469333 | J18: ='Zone Means'!K7 -> 13.9026 | ... T18: ='Zone Means'!U7 -> 120.14973
A19: Overall | B19: All samples | C19: ='Descriptive Stats'!B5 -> 6.9943939 | D19: ='Descriptive Stats'!B6 -> 9.2050303 | E19: ='Descriptive Stats'!B7 -> 5.3420303 | F19: ='Descriptive Stats'!B8 -> 5.5593939 | G19: ='Descriptive Stats'!B9 -> 8.3409091 | H19: ='Descriptive Stats'!B10 -> 18.737273 | I19: ='Descriptive Stats'!B11 -> 5.2813636 | J19: ='Descriptive Stats'!B12 -> 10.419485 | K19: ='Descriptive Stats'!B13 -> 1.9577273 | L19: ='Descriptive Stats'!B14 -> 4.5849394 | M19: ='Descriptive Stats'!B15 -> 2.528697 | N19: ='Descriptive Stats'!B16 -> 4.1012727 | O19: ='Descriptive Stats'!B17 -> 2.8690909 | P19: ='Descriptive Stats'!B18 -> 5.109697 | Q19: ='Descriptive Stats'!B19 -> 54.17903 | R19: ='Descriptive Stats'!B20 -> 22.243515 | S19: ='Descriptive Stats'!B21 -> 6.6299697 | T19: ='Descriptive Stats'!B22 -> 91.031303

Sheet Statistics
A1: Non-parametric statistics on ΣOCP
A2: Kruskal–Wallis by worksheet formulas (ranks via RANK.AVG, tie-corrected); SciPy values shown for cross-check. Pairwise Mann–Whitney from SciPy (values).
A4: Sample | B4: Zone | C4: Site order (1 = most up-stream) | D4: ΣOCP | E4: Rank of ΣOCP | F4: Rank of site order
A5: ='Raw Data'!C5 -> BSR1 | B5: ='Raw Data'!A5 -> Up-stream | C5: 1 | D5: ='Raw Data'!U5 -> 47.078 | E5: =_xlfn.RANK.AVG(D5,$D$5:$D$37,1) -> 5 | F5: =_xlfn.RANK.AVG(C5,$C$5:$C$37,1) -> 2
A6: ='Raw Data'!C6 -> BSR2 | B6: ='Raw Data'!A6 -> Up-stream | C6: 1 | D6: ='Raw Data'!U6 -> 45.863 | E6: =_xlfn.RANK.AVG(D6,$D$5:$D$37,1) -> 4 | F6: =_xlfn.RANK.AVG(C6,$C$5:$C$37,1) -> 2
A7: ='Raw Data'!C7 -> BSR3 | B7: ='Raw Data'!A7 -> Up-stream | C7: 1 | D7: ='Raw Data'!U7 -> 52.697 | E7: =_xlfn.RANK.AVG(D7,$D$5:$D$37,1) -> 8 | F7: =_xlfn.RANK.AVG(C7,$C$5:$C$37,1) -> 2
A8: ='Raw Data'!C8 -> ESR1 | B8: ='Raw Data'!A8 -> Up-stream | C8: 2 | D8: ='Raw Data'!U8 -> 26.312 | E8: =_xlfn.RANK.AVG(D8,$D$5:$D$37,1) -> 2 | F8: =_xlfn.RANK.AVG(C8,$C$5:$C$37,1) -> 5
A9: ='Raw Data'!C9 -> ESR2 | B9: ='Raw Data'!A9 -> Up-stream | C9: 2 | D9: ='Raw Data'!U9 -> 25.61 | E9: =_xlfn.RANK.AVG(D9,$D$5:$D$37,1) -> 1 | F9: =_xlfn.RANK.AVG(C9,$C$5:$C$37,1) -> 5
A10: ='Raw Data'!C10 -> ESR3 | B10: ='Raw Data'!A10 -> Up-stream | C10: 2 | D10: ='Raw Data'!U10 -> 26.852 | E10: =_xlfn.RANK.AVG(D10,$D$5:$D$37,1) -> 3 | F10: =_xlfn.RANK.AVG(C10,$C$5:$C$37,1) -> 5
A11: ='Raw Data'!C11 -> NZSR1 | B11: ='Raw Data'!A11 -> Up-stream | C11: 3 | D11: ='Raw Data'!U11 -> 119.916 | E11: =_xlfn.RANK.AVG(D11,$D$5:$D$37,1) -> 26 | F11: =_xlfn.RANK.AVG(C11,$C$5:$C$37,1) -> 8
A12: ='Raw Data'!C12 -> NZSR2 | B12: ='Raw Data'!A12 -> Up-stream | C12: 3 | D12: ='Raw Data'!U12 -> 127.229 | E12: =_xlfn.RANK.AVG(D12,$D$5:$D$37,1) -> 29 | F12: =_xlfn.RANK.AVG(C12,$C$5:$C$37,1) -> 8
A13: ='Raw Data'!C13 -> NZSR3 | B13: ='Raw Data'!A13 -> Up-stream | C13: 3 | D13: ='Raw Data'!U13 -> 114.287 | E13: =_xlfn.RANK.AVG(D13,$D$5:$D$37,1) -> 25 | F13: =_xlfn.RANK.AVG(C13,$C$5:$C$37,1) -> 8
A14: ='Raw Data'!C14 -> SSR1 | B14: ='Raw Data'!A14 -> Mid-stream | C14: 4 | D14: ='Raw Data'!U14 -> 47.291 | E14: =_xlfn.RANK.AVG(D14,$D$5:$D$37,1) -> 6 | F14: =_xlfn.RANK.AVG(C14,$C$5:$C$37,1) -> 11
A15: ='Raw Data'!C15 -> SSR2 | B15: ='Raw Data'!A15 -> Mid-stream | C15: 4 | D15: ='Raw Data'!U15 -> 57.302 | E15: =_xlfn.RANK.AVG(D15,$D$5:$D$37,1) -> 9 | F15: =_xlfn.RANK.AVG(C15,$C$5:$C$37,1) -> 11
A16: ='Raw Data'!C16 -> SSR3 | B16: ='Raw Data'!A16 -> Mid-stream | C16: 4 | D16: ='Raw Data'!U16 -> 50.435 | E16: =_xlfn.RANK.AVG(D16,$D$5:$D$37,1) -> 7 | F16: =_xlfn.RANK.AVG(C16,$C$5:$C$37,1) -> 11
... A37: ='Raw Data'!C37 -> KSR3 | B37: ='Raw Data'!A37 -> Down-stream | C37: 11 | D37: ='Raw Data'!U37 -> 183.622 | E37: =_xlfn.RANK.AVG(D37,$D$5:$D$37,1) -> 33 | F37: =_xlfn.RANK.AVG(C37,$C$5:$C$37,1) -> 32
A39: Kruskal–Wallis test of ΣOCP across zones
A40: Zone | B40: n_i | C40: Sum of ranks R_i | D40: R_i² / n_i
A41: Up-stream | B41: =COUNTIF($B$5:$B$37,A41) -> 9 | C41: =SUMIF($B$5:$B$37,A41,$E$5:$E$37) -> 103 | D41: =C41^2/B41 -> 1178.7778
A42: Mid-stream | B42: =COUNTIF($B$5:$B$37,A42) -> 9 | C42: =SUMIF($B$5:$B$37,A42,$E$5:$E$37) -> 97 | D42: =C42^2/B42 -> 1045.4444
A43: Down-stream | B43: =COUNTIF($B$5:$B$37,A43) -> 15 | C43: =SUMIF($B$5:$B$37,A43,$E$5:$E$37) -> 361 | D43: =C43^2/B43 -> 8688.0667
A44: N | B44: =SUM(B41:B43) -> 33
A45: H (uncorrected) = 12/(N(N+1)) × Σ(R_i²/n_i) − 3(N+1) | B45: =12/(B44*(B44+1))*SUM(D41:D43)-3*(B44+1) -> 14.708972
A46: Tie correction C = 1 − Σ(t³−t)/(N³−N) | B46: =1-SUMPRODUCT((COUNTIF($D$5:$D$37,$D$5:$D$37)^2-1))/(B44^3-B44) -> 1
A47: H (tie-corrected) | B47: =B45/B46 -> 14.708972
A48: degrees of freedom (k − 1) | B48: 2
A49: p-value = CHISQ.DIST.RT(H, df) | B49: =_xlfn.CHISQ.DIST.RT(B47,B48) -> 0.00063971612
A50: SciPy cross-check: H | B50: 13.64896 | C50: scipy.stats.kruskal
A51: SciPy cross-check: p | B51: 0.0010868408
A53: Spearman rank correlation, ΣOCP vs site order (1–11)
A54: ρ = CORREL(rank ΣOCP, rank site order) | B54: =CORREL(E5:E37,F5:F37) -> 0.77591941
A55: t = ρ√((n−2)/(1−ρ²)) | B55: =B54*SQRT((COUNT(D5:D37)-2)/(1-B54^2)) -> 6.8483147
A56: p (two-sided, t-approximation) | B56: =_xlfn.T.DIST.2T(ABS(B55),COUNT(D5:D37)-2) -> 1.1270477e-07
A57: SciPy cross-check: ρ, p | B57: 0.82422567 | C57: 3.7516452e-09
A59: Pairwise Mann–Whitney U tests (SciPy, two-sided; Bonferroni ×3) — values
A60: Comparison | B60: U | C60: p (raw) | D60: p (Bonferroni) | E60: Significant (α = 0.05)?
A61: Up-stream vs Mid-stream | B61: 27 | C61: 0.25099827 | D61: =MIN(1,C61*3) -> 0.75299481 | E61: =IF(D61<0.05,"Yes","No") -> No
A62: Up-stream vs Down-stream | B62: 19 | C62: 0.0042075513 | D62: =MIN(1,C62*3) -> 0.012622654 | E62: =IF(D62<0.05,"Yes","No") -> Yes
A63: Mid-stream vs Down-stream | B63: 15 | C63: 0.0019307622 | D63: =MIN(1,C63*3) -> 0.0057922865 | E63: =IF(D63<0.05,"Yes","No") -> Yes
A65: Kruskal–Wallis by zone for individual compounds and by site for ΣOCP (SciPy values)
A66: Variable | B66: H | C66: p
A67: p,p'-DDT (zones) | B67: 21.39798 | C67: 2.2567722e-05
A68: p,p'-DDD (zones) | B68: 18.525966 | C68: 9.4871922e-05
A69: α-HCH (zones) | B69: 21.10311 | C69: 2.6152785e-05
A70: β-HCH (zones) | B70: 0.24707444 | C70: 0.88378875
A71: δ-HCH (zones) | B71: 18.612581 | C71: 9.0850911e-05
A72: Aldrin (zones) | B72: 5.6571796 | C72: 0.059096134
A73: Heptachlor (zones) | B73: 9.939823 | C73: 0.0069437625
A74: ΣOCP (11 sites) | B74: 31.508021 | C74: 0.00048343778

Sheet Diagnostic Ratios
A1: Source-diagnostic ratios (from group mean concentrations)
A2: DDT/(DDD+DDE) > 1 = recent input; (DDD+DDE)/ΣDDT > 0.5 = aged; DDD/(DDD+DDE) > 0.5 = anaerobic degradation; α/γ-HCH 4–7 = technical HCH, < 1 = lindane. "n.a." = denominator not detected.
A4: Group | B4: DDT (o,p'+p,p') | C4: DDD (o,p'+p,p') | D4: DDE (o,p'+p,p') | E4: DDT/(DDD+DDE) | F4: (DDD+DDE)/ΣDDT | G4: DDD/(DDD+DDE) | H4: o,p'-DDT/p,p'-DDT | I4: α/γ-HCH | J4: α/β-HCH | K4: β-HCH/ΣHCH (%) | L4: (α+γ)/ΣHCH (%)
A5: Bhujpur Dam | B5: ='Group Means'!C5+'Group Means'!D5 -> 9.206 | C5: ='Group Means'!E5+'Group Means'!F5 -> 7.5653333 | D5: ='Group Means'!G5+'Group Means'!H5 -> 19.006333 | E5: =IF((C5+D5)>0,B5/(C5+D5),"n.a.") -> 0.34645926 | F5: =IF('Group Means'!Q5>0,(C5+D5)/'Group Means'!Q5,"n.a.") -> 0.74268864 | G5: =IF((C5+D5)>0,C5/(C5+D5),"n.a.") -> 0.28471429 | H5: =IF('Group Means'!D5>0,'Group Means'!C5/'Group Means'!D5,"n.a.") -> 0.43589477 | I5: =IF('Group Means'!K5>0,'Group Means'!I5/'Group Means'!K5,"n.a.") -> 5.0613333 | J5: =IF('Group Means'!J5>0,'Group Means'!I5/'Group Means'!J5,"n.a.") -> 0.50758842 | K5: =IF('Group Means'!R5>0,'Group Means'!J5/'Group Means'!R5*100,"n.a.") -> 58.542409 | L5: =IF('Group Means'!R5>0,('Group Means'!I5+'Group Means'!K5)/'Group Means'!R5*100,"n.a.") -> 35.58652
A6: Ekkhuliya | B6: ='Group Means'!C6+'Group Means'!D6 -> 5.176 | C6: ='Group Means'!E6+'Group Means'!F6 -> 1 | D6: ='Group Means'!G6+'Group Means'!H6 -> 15.597 | E6: =IF((C6+D6)>0,B6/(C6+D6),"n.a.") -> 0.31186359 | F6: =IF('Group Means'!Q6>0,(C6+D6)/'Group Means'!Q6,"n.a.") -> 0.76227438 | G6: =IF((C6+D6)>0,C6/(C6+D6),"n.a.") -> 0.060251853 | H6: =IF('Group Means'!D6>0,'Group Means'!C6/'Group Means'!D6,"n.a.") -> 0.106929 | I6: =IF('Group Means'!K6>0,'Group Means'!I6/'Group Means'!K6,"n.a.") -> 1 | J6: =IF('Group Means'!J6>0,'Group Means'!I6/'Group Means'!J6,"n.a.") -> 0.50761421 | K6: =IF('Group Means'!R6>0,'Group Means'!J6/'Group Means'!R6*100,"n.a.") -> 39.637827 | L6: =IF('Group Means'!R6>0,('Group Means'!I6+'Group Means'!K6)/'Group Means'!R6*100,"n.a.") -> 40.241449
A7: Nazirhat | B7: ='Group Means'!C7+'Group Means'!D7 -> 19.147 | C7: ='Group Means'!E7+'Group Means'!F7 -> 15.628333 | D7: ='Group Means'!G7+'Group Means'!H7 -> 27.934667 | E7: =IF((C7+D7)>0,B7/(C7+D7),"n.a.") -> 0.43952437 | F7: =IF('Group Means'!Q7>0,(C7+D7)/'Group Means'!Q7,"n.a.") -> 0.6946739 | G7: =IF((C7+D7)>0,C7/(C7+D7),"n.a.") -> 0.35875246 | H7: =IF('Group Means'!D7>0,'Group Means'!C7/'Group Means'!D7,"n.a.") -> 0.65269306 | I7: =IF('Group Means'!K7>0,'Group Means'!I7/'Group Means'!K7,"n.a.") -> 2.0084907 | J7: =IF('Group Means'!J7>0,'Group Means'!I7/'Group Means'!J7,"n.a.") -> 0.5076017 | K7: =IF('Group Means'!R7>0,'Group Means'!J7/'Group Means'!R7*100,"n.a.") -> 48.700389 | L7: =IF('Group Means'!R7>0,('Group Means'!I7+'Group Means'!K7)/'Group Means'!R7*100,"n.a.") -> 37.028349
A8: Sekandar Para | B8: ='Group Means'!C8+'Group Means'!D8 -> 10.421 | C8: ='Group Means'!E8+'Group Means'!F8 -> 5.9633333 | D8: ='Group Means'!G8+'Group Means'!H8 -> 19.548 | E8: =IF((C8+D8)>0,B8/(C8+D8),"n.a.") -> 0.40848512 | F8: =IF('Group Means'!Q8>0,(C8+D8)/'Group Means'!Q8,"n.a.") -> 0.70998265 | G8: =IF((C8+D8)>0,C8/(C8+D8),"n.a.") -> 0.23375232 | H8: =IF('Group Means'!D8>0,'Group Means'!C8/'Group Means'!D8,"n.a.") -> 0.70194349 | I8: =IF('Group Means'!K8>0,'Group Means'!I8/'Group Means'!K8,"n.a.") -> 6.1993333 | J8: =IF('Group Means'!J8>0,'Group Means'!I8/'Group Means'!J8,"n.a.") -> 0.50767047 | K8: =IF('Group Means'!R8>0,'Group Means'!J8/'Group Means'!R8*100,"n.a.") -> 59.828194 | L8: =IF('Group Means'!R8>0,('Group Means'!I8+'Group Means'!K8)/'Group Means'!R8*100,"n.a.") -> 35.272407
A9: Nichintapur | B9: ='Group Means'!C9+'Group Means'!D9 -> 14.731 | C9: ='Group Means'!E9+'Group Means'!F9 -> 8.4116667 | D9: ='Group Means'!G9+'Group Means'!H9 -> 26.278 | E9: =IF((C9+D9)>0,B9/(C9+D9),"n.a.") -> 0.42465095 | F9: =IF('Group Means'!Q9>0,(C9+D9)/'Group Means'!Q9,"n.a.") -> 0.70192632 | G9: =IF((C9+D9)>0,C9/(C9+D9),"n.a.") -> 0.24248335 | H9: =IF('Group Means'!D9>0,'Group Means'!C9/'Group Means'!D9,"n.a.") -> 0.69783703 | I9: =IF('Group Means'!K9>0,'Group Means'!I9/'Group Means'!K9,"n.a.") -> 8.0206667 | J9: =IF('Group Means'!J9>0,'Group Means'!I9/'Group Means'!J9,"n.a.") -> 0.50761571 | K9: =IF('Group Means'!R9>0,'Group Means'!J9/'Group Means'!R9*100,"n.a.") -> 51.353108 | L9: =IF('Group Means'!R9>0,('Group Means'!I9+'Group Means'!K9)/'Group Means'!R9*100,"n.a.") -> 29.317704
A10: Nadimpur | B10: ='Group Means'!C10+'Group Means'!D10 -> 15.673333 | C10: ='Group Means'!E10+'Group Means'!F10 -> 10.611 | D10: ='Group Means'!G10+'Group Means'!H10 -> 27.994 | E10: =IF((C10+D10)>0,B10/(C10+D10),"n.a.") -> 0.40599232 | F10: =IF('Group Means'!Q10>0,(C10+D10)/'Group Means'!Q10,"n.a.") -> 0.71124144 | G10: =IF((C10+D10)>0,C10/(C10+D10),"n.a.") -> 0.27486077 | H10: =IF('Group Means'!D10>0,'Group Means'!C10/'Group Means'!D10,"n.a.") -> 0.72696221 | I10: =IF('Group Means'!K10>0,'Group Means'!I10/'Group Means'!K10,"n.a.") -> 10.615333 | J10: =IF('Group Means'!J10>0,'Group Means'!I10/'Group Means'!J10,"n.a.") -> 0.50440319 | K10: =IF('Group Means'!R10>0,'Group Means'!J10/'Group Means'!R10*100,"n.a.") -> 53.463401 | L10: =IF('Group Means'!R10>0,('Group Means'!I10+'Group Means'!K10)/'Group Means'!R10*100,"n.a.") -> 29.507503
A11: West Binajuri | B11: ='Group Means'!C11+'Group Means'!D11 -> 17.268333 | C11: ='Group Means'!E11+'Group Means'!F11 -> 5.5226667 | D11: ='Group Means'!G11+'Group Means'!H11 -> 27.479667 | E11: =IF((C11+D11)>0,B11/(C11+D11),"n.a.") -> 0.52324583 | F11: =IF('Group Means'!Q11>0,(C11+D11)/'Group Means'!Q11,"n.a.") -> 0.65649285 | G11: =IF((C11+D11)>0,C11/(C11+D11),"n.a.") -> 0.1673417 | H11: =IF('Group Means'!D11>0,'Group Means'!C11/'Group Means'!D11,"n.a.") -> 0.93598415 | I11: =IF('Group Means'!K11>0,'Group Means'!I11/'Group Means'!K11,"n.a.") -> 2.4783402 | J11: =IF('Group Means'!J11>0,'Group Means'!I11/'Group Means'!J11,"n.a.") -> 0.50761409 | K11: =IF('Group Means'!R11>0,'Group Means'!J11/'Group Means'!R11*100,"n.a.") -> 51.250511 | L11: =IF('Group Means'!R11>0,('Group Means'!I11+'Group Means'!K11)/'Group Means'!R11*100,"n.a.") -> 36.51262
A12: Napiter Ghona | B12: ='Group Means'!C12+'Group Means'!D12 -> 17.934 | C12: ='Group Means'!E12+'Group Means'!F12 -> 13.647 | D12: ='Group Means'!G12+'Group Means'!H12 -> 29.076667 | E12: =IF((C12+D12)>0,B12/(C12+D12),"n.a.") -> 0.41976734 | F12: =IF('Group Means'!Q12>0,(C12+D12)/'Group Means'!Q12,"n.a.") -> 0.70434075 | G12: =IF((C12+D12)>0,C12/(C12+D12),"n.a.") -> 0.31942483 | H12: =IF('Group Means'!D12>0,'Group Means'!C12/'Group Means'!D12,"n.a.") -> 1.0574379 | I12: =IF('Group Means'!K12>0,'Group Means'!I12/'Group Means'!K12,"n.a.") -> 2.5062947 | J12: =IF('Group Means'!J12>0,'Group Means'!I12/'Group Means'!J12,"n.a.") -> 0.50763525 | K12: =IF('Group Means'!R12>0,'Group Means'!J12/'Group Means'!R12*100,"n.a.") -> 45.723863 | L12: =IF('Group Means'!R12>0,('Group Means'!I12+'Group Means'!K12)/'Group Means'!R12*100,"n.a.") -> 32.472144
A13: Horekrishno Mohajoner Tek | B13: ='Group Means'!C13+'Group Means'!D13 -> 19.490667 | C13: ='Group Means'!E13+'Group Means'!F13 -> 15.047333 | D13: ='Group Means'!G13+'Group Means'!H13 -> 30.490667 | E13: =IF((C13+D13)>0,B13/(C13+D13),"n.a.") -> 0.42800884 | F13: =IF('Group Means'!Q13>0,(C13+D13)/'Group Means'!Q13,"n.a.") -> 0.70027578 | G13: =IF((C13+D13)>0,C13/(C13+D13),"n.a.") -> 0.33043466 | H13: =IF('Group Means'!D13>0,'Group Means'!C13/'Group Means'!D13,"n.a.") -> 0.94233324 | I13: =IF('Group Means'!K13>0,'Group Means'!I13/'Group Means'!K13,"n.a.") -> 3.2986439 | J13: =IF('Group Means'!J13>0,'Group Means'!I13/'Group Means'!J13,"n.a.") -> 0.50758727 | K13: =IF('Group Means'!R13>0,'Group Means'!J13/'Group Means'!R13*100,"n.a.") -> 48.242091 | L13: =IF('Group Means'!R13>0,('Group Means'!I13+'Group Means'!K13)/'Group Means'!R13*100,"n.a.") -> 31.910447
A14: Chayar Char | B14: ='Group Means'!C14+'Group Means'!D14 -> 23.167667 | C14: ='Group Means'!E14+'Group Means'!F14 -> 15.693333 | D14: ='Group Means'!G14+'Group Means'!H14 -> 33.099 | E14: =IF((C14+D14)>0,B14/(C14+D14),"n.a.") -> 0.47482186 | F14: =IF('Group Means'!Q14>0,(C14+D14)/'Group Means'!Q14,"n.a.") -> 0.67804799 | G14: =IF((C14+D14)>0,C14/(C14+D14),"n.a.") -> 0.32163523 | H14: =IF('Group Means'!D14>0,'Group Means'!C14/'Group Means'!D14,"n.a.") -> 0.7573007 | I14: =IF('Group Means'!K14>0,'Group Means'!I14/'Group Means'!K14,"n.a.") -> 1.8981682 | J14: =IF('Group Means'!J14>0,'Group Means'!I14/'Group Means'!J14,"n.a.") -> 0.50506161 | K14: =IF('Group Means'!R14>0,'Group Means'!J14/'Group Means'!R14*100,"n.a.") -> 41.844387 | L14: =IF('Group Means'!R14>0,('Group Means'!I14+'Group Means'!K14)/'Group Means'!R14*100,"n.a.") -> 32.267883
A15: Kalurghat | B15: ='Group Means'!C15+'Group Means'!D15 -> 25.978667 | C15: ='Group Means'!E15+'Group Means'!F15 -> 20.825667 | D15: ='Group Means'!G15+'Group Means'!H15 -> 41.356 | E15: =IF((C15+D15)>0,B15/(C15+D15),"n.a.") -> 0.41778659 | F15: =IF('Group Means'!Q15>0,(C15+D15)/'Group Means'!Q15,"n.a.") -> 0.70532477 | G15: =IF((C15+D15)>0,C15/(C15+D15),"n.a.") -> 0.33491651 | H15: =IF('Group Means'!D15>0,'Group Means'!C15/'Group Means'!D15,"n.a.") -> 0.8753098 | I15: =IF('Group Means'!K15>0,'Group Means'!I15/'Group Means'!K15,"n.a.") -> 1.883556 | J15: =IF('Group Means'!J15>0,'Group Means'!I15/'Group Means'!J15,"n.a.") -> 0.50659493 | K15: =IF('Group Means'!R15>0,'Group Means'!J15/'Group Means'!R15*100,"n.a.") -> 37.032549 | L15: =IF('Group Means'!R15>0,('Group Means'!I15+'Group Means'!K15)/'Group Means'!R15*100,"n.a.") -> 28.720652
A16: Up-stream | B16: ='Group Means'!C16+'Group Means'!D16 -> 11.176333 | C16: ='Group Means'!E16+'Group Means'!F16 -> 8.0645556 | D16: ='Group Means'!G16+'Group Means'!H16 -> 20.846 | E16: =IF((C16+D16)>0,B16/(C16+D16),"n.a.") -> 0.38658314 | F16: =IF('Group Means'!Q16>0,(C16+D16)/'Group Means'!Q16,"n.a.") -> 0.72119729 | G16: =IF((C16+D16)>0,C16/(C16+D16),"n.a.") -> 0.27894848 | H16: =IF('Group Means'!D16>0,'Group Means'!C16/'Group Means'!D16,"n.a.") -> 0.47882913 | I16: =IF('Group Means'!K16>0,'Group Means'!I16/'Group Means'!K16,"n.a.") -> 2.2264231 | J16: =IF('Group Means'!J16>0,'Group Means'!I16/'Group Means'!J16,"n.a.") -> 0.50759908 | K16: =IF('Group Means'!R16>0,'Group Means'!J16/'Group Means'!R16*100,"n.a.") -> 50.196008 | L16: =IF('Group Means'!R16>0,('Group Means'!I16+'Group Means'!K16)/'Group Means'!R16*100,"n.a.") -> 36.923565
... A19: Overall | B19: ='Group Means'!C19+'Group Means'!D19 -> 16.199424 | C19: ='Group Means'!E19+'Group Means'!F19 -> 10.901424 | D19: ='Group Means'!G19+'Group Means'!H19 -> 27.078182 | E19: =IF((C19+D19)>0,B19/(C19+D19),"n.a.") -> 0.42652955 | F19: =IF('Group Means'!Q19>0,(C19+D19)/'Group Means'!Q19,"n.a.") -> 0.70100195 | G19: =IF((C19+D19)>0,C19/(C19+D19),"n.a.") -> 0.28703363 | H19: =IF('Group Means'!D19>0,'Group Means'!C19/'Group Means'!D19,"n.a.") -> 0.75984475 | I19: =IF('Group Means'!K19>0,'Group Means'!I19/'Group Means'!K19,"n.a.") -> 2.6977014 | J19: =IF('Group Means'!J19>0,'Group Means'!I19/'Group Means'!J19,"n.a.") -> 0.50687378 | K19: =IF('Group Means'!R19>0,'Group Means'!J19/'Group Means'!R19*100,"n.a.") -> 46.842798 | L19: =IF('Group Means'!R19>0,('Group Means'!I19+'Group Means'!K19)/'Group Means'!R19*100,"n.a.") -> 32.544725

Sheet SQG
A1: Sediment quality guidelines (µg/kg dry weight) — editable inputs
A2: Threshold-effect value = TEL/ISQG (CCME 2001), LEL (Persaud et al. 1993) or TEC (MacDonald et al. 2000); probable-effect value = PEL, SEL or PEC. Surrogate = 1 where no compound-specific guideline exists.
A4: Compound | B4: Threshold-effect value (TEL) | C4: Surrogate? (1 = yes) | D4: Probable-effect value (PEL) | E4: Source
A5: o,p'-DDT | B5: 1.19 | C5: 1 | D5: 4.77 | E5: Surrogate: CCME DDT
A6: p,p'-DDT | B6: 1.19 | C6: 0 | D6: 4.77 | E6: CCME (2001) freshwater ISQG/PEL (DDT)
A7: o,p'-DDD | B7: 3.54 | C7: 1 | D7: 8.51 | E7: Surrogate: CCME DDD
A8: p,p'-DDD | B8: 3.54 | C8: 0 | D8: 8.51 | E8: CCME (2001) freshwater ISQG/PEL (DDD)
A9: o,p'-DDE | B9: 1.42 | C9: 1 | D9: 6.75 | E9: Surrogate: CCME DDE
A10: p,p'-DDE | B10: 1.42 | C10: 0 | D10: 6.75 | E10: CCME (2001) freshwater ISQG/PEL (DDE)
A11: α-HCH | B11: 6 | C11: 0 | D11: 100 | E11: Ontario MOE LEL/SEL (Persaud et al., 1993)
A12: β-HCH | B12: 5 | C12: 0 | D12: 210 | E12: Ontario MOE LEL/SEL (Persaud et al., 1993)
A13: γ-HCH (Lindane) | B13: 0.94 | C13: 0 | D13: 1.38 | E13: CCME (2001) freshwater ISQG/PEL (lindane)
A14: δ-HCH | B14: 3 | C14: 1 | D14: 120 | E14: Surrogate: Ontario MOE LEL/SEL for total HCH
A15: Aldrin | B15: 2 | C15: 0 | D15: 80 | E15: Ontario MOE LEL/SEL (Persaud et al., 1993)
A16: Dieldrin | B16: 2.85 | C16: 0 | D16: 6.67 | E16: CCME (2001) freshwater ISQG/PEL
... A18: Heptachlor epoxide | B18: 0.6 | C18: 0 | D18: 2.74 | E18: CCME (2001) freshwater ISQG/PEL
A20: Class sum | B20: Threshold-effect value | D20: Probable-effect value | E20: Source
A21: ΣDDT | B21: 5.28 | D21: 572 | E21: MacDonald et al. (2000) consensus TEC/PEC (total DDT)
A22: ΣHCH | B22: 3 | D22: 120 | E22: Ontario MOE LEL/SEL (total HCH; Persaud et al., 1993)
A25: Risk-class thresholds (Hernando et al., 2006): RQ < 0.1 Low; 0.1 ≤ RQ < 1 Medium; RQ ≥ 1 High.
A26: RQ low/medium boundary | B26: 0.1
A27: RQ medium/high boundary | B27: 1
A29: mPEL-Q bands (Long et al., 1998): ≤ 0.1 → ~8 % probability of toxicity; 0.11–1.5 → ~21 %; 1.51–2.3 → ~49 %; > 2.3 → ~73 %.

Sheet Ecological Risk
A1: Ecological risk screening: RQ = C/TEL, RQ-PEL = C/PEL, mean PEL-quotient
A2: C = group mean concentration (Group Means sheet). Non-detects give RQ = 0. Blank guideline cells would give errors — keep all 14 guideline values filled on the SQG sheet.
A4: A. Mean concentration (µg/kg)
A5: Group | B5: o,p'-DDT | C5: p,p'-DDT | D5: o,p'-DDD | E5: p,p'-DDD | F5: o,p'-DDE | G5: p,p'-DDE | H5: α-HCH | I5: β-HCH | J5: γ-HCH (Lindane) | K5: δ-HCH | L5: Aldrin | M5: Dieldrin | N5: Heptachlor | O5: Heptachlor epoxide
A6: Bhujpur Dam | B6: ='Group Means'!C5 -> 2.7946667 | C6: ='Group Means'!D5 -> 6.4113333 | D6: ='Group Means'!E5 -> 3.7826667 | E6: ='Group Means'!F5 -> 3.7826667 | F6: ='Group Means'!G5 -> 8.1226667 | G6: ='Group Means'!H5 -> 10.883667 | H6: ='Group Means'!I5 -> 2.5306667 | I6: ='Group Means'!J5 -> 4.9856667 | ... O6: ='Group Means'!P5 -> 2.207
A7: Ekkhuliya | B7: ='Group Means'!C6 -> 0.5 | C7: ='Group Means'!D6 -> 4.676 | D7: ='Group Means'!E6 -> 0.5 | E7: ='Group Means'!F6 -> 0.5 | F7: ='Group Means'!G6 -> 7.2613333 | G7: ='Group Means'!H6 -> 8.3356667 | H7: ='Group Means'!I6 -> 0.5 | I7: ='Group Means'!J6 -> 0.985 | ... O7: ='Group Means'!P6 -> 0.5
A8: Nazirhat | B8: ='Group Means'!C7 -> 7.5616667 | C8: ='Group Means'!D7 -> 11.585333 | D8: ='Group Means'!E7 -> 7.0156667 | E8: ='Group Means'!F7 -> 8.6126667 | F8: ='Group Means'!G7 -> 9.2243333 | G8: ='Group Means'!H7 -> 18.710333 | H8: ='Group Means'!I7 -> 7.412 | I8: ='Group Means'!J7 -> 14.602 | ... O8: ='Group Means'!P7 -> 9.5573333
A9: Sekandar Para | B9: ='Group Means'!C8 -> 4.298 | C9: ='Group Means'!D8 -> 6.123 | D9: ='Group Means'!E8 -> 0.5 | E9: ='Group Means'!F8 -> 5.4633333 | F9: ='Group Means'!G8 -> 6.548 | G9: ='Group Means'!H8 -> 13 | H9: ='Group Means'!I8 -> 3.0996667 | I9: ='Group Means'!J8 -> 6.1056667 | ... O9: ='Group Means'!P8 -> 0.5
A10: Nichintapur | B10: ='Group Means'!C9 -> 6.0546667 | C10: ='Group Means'!D9 -> 8.6763333 | D10: ='Group Means'!E9 -> 5.019 | E10: ='Group Means'!F9 -> 3.3926667 | F10: ='Group Means'!G9 -> 7.388 | G10: ='Group Means'!H9 -> 18.89 | H10: ='Group Means'!I9 -> 4.0103333 | I10: ='Group Means'!J9 -> 7.9003333 | ... O10: ='Group Means'!P9 -> 3.7963333
A11: Nadimpur | B11: ='Group Means'!C10 -> 6.5976667 | C11: ='Group Means'!D10 -> 9.0756667 | D11: ='Group Means'!E10 -> 5.859 | E11: ='Group Means'!F10 -> 4.752 | F11: ='Group Means'!G10 -> 7.642 | G11: ='Group Means'!H10 -> 20.352 | H11: ='Group Means'!I10 -> 5.3076667 | I11: ='Group Means'!J10 -> 10.522667 | ... O11: ='Group Means'!P10 -> 3.5363333
A12: West Binajuri | B12: ='Group Means'!C11 -> 8.3486667 | C12: ='Group Means'!D11 -> 8.9196667 | D12: ='Group Means'!E11 -> 0.5 | E12: ='Group Means'!F11 -> 5.0226667 | F12: ='Group Means'!G11 -> 7.599 | G12: ='Group Means'!H11 -> 19.880667 | H12: ='Group Means'!I11 -> 6.789 | I12: ='Group Means'!J11 -> 13.374333 | ... O12: ='Group Means'!P11 -> 3.1716667
A13: Napiter Ghona | B13: ='Group Means'!C12 -> 9.2173333 | C13: ='Group Means'!D12 -> 8.7166667 | D13: ='Group Means'!E12 -> 8.5176667 | E13: ='Group Means'!F12 -> 5.1293333 | F13: ='Group Means'!G12 -> 8.131 | G13: ='Group Means'!H12 -> 20.945667 | H13: ='Group Means'!I12 -> 5.8396667 | I13: ='Group Means'!J12 -> 11.503667 | ... O13: ='Group Means'!P12 -> 5.7333333
A14: Horekrishno Mohajoner Tek | B14: ='Group Means'!C13 -> 9.456 | C14: ='Group Means'!D13 -> 10.034667 | D14: ='Group Means'!E13 -> 6.386 | E14: ='Group Means'!F13 -> 8.6613333 | F14: ='Group Means'!G13 -> 9.2606667 | G14: ='Group Means'!H13 -> 21.23 | H14: ='Group Means'!I13 -> 7.4593333 | I14: ='Group Means'!J13 -> 14.695667 | ... O14: ='Group Means'!P13 -> 5.407
A15: Chayar Char | B15: ='Group Means'!C14 -> 9.984 | C15: ='Group Means'!D14 -> 13.183667 | D15: ='Group Means'!E14 -> 9.1683333 | E15: ='Group Means'!F14 -> 6.525 | F15: ='Group Means'!G14 -> 9.1703333 | G15: ='Group Means'!H14 -> 23.928667 | H15: ='Group Means'!I14 -> 6.7353333 | I15: ='Group Means'!J14 -> 13.335667 | ... O15: ='Group Means'!P14 -> 8.24
A16: Kalurghat | B16: ='Group Means'!C15 -> 12.125667 | C16: ='Group Means'!D15 -> 13.853 | D16: ='Group Means'!E15 -> 11.514 | E16: ='Group Means'!F15 -> 9.3116667 | F16: ='Group Means'!G15 -> 11.402667 | G16: ='Group Means'!H15 -> 29.953333 | H16: ='Group Means'!I15 -> 8.4113333 | I16: ='Group Means'!J15 -> 16.603667 | ... O16: ='Group Means'!P15 -> 13.557667
A17: Up-stream | B17: ='Group Means'!C16 -> 3.6187778 | C17: ='Group Means'!D16 -> 7.5575556 | D17: ='Group Means'!E16 -> 3.7661111 | E17: ='Group Means'!F16 -> 4.2984444 | F17: ='Group Means'!G16 -> 8.2027778 | G17: ='Group Means'!H16 -> 12.643222 | H17: ='Group Means'!I16 -> 3.4808889 | I17: ='Group Means'!J16 -> 6.8575556 | ... O17: ='Group Means'!P16 -> 4.0881111
... A20: Overall | B20: ='Group Means'!C19 -> 6.9943939 | C20: ='Group Means'!D19 -> 9.2050303 | D20: ='Group Means'!E19 -> 5.3420303 | E20: ='Group Means'!F19 -> 5.5593939 | F20: ='Group Means'!G19 -> 8.3409091 | G20: ='Group Means'!H19 -> 18.737273 | H20: ='Group Means'!I19 -> 5.2813636 | I20: ='Group Means'!J19 -> 10.419485 | ... O20: ='Group Means'!P19 -> 5.109697
A23: B. RQ = C / TEL (threshold-effect quotient)
A24: Group | B24: o,p'-DDT | C24: p,p'-DDT | D24: o,p'-DDD | E24: p,p'-DDD | F24: o,p'-DDE | G24: p,p'-DDE | H24: α-HCH | I24: β-HCH | J24: γ-HCH (Lindane) | K24: δ-HCH | L24: Aldrin | M24: Dieldrin | N24: Heptachlor | O24: Heptachlor epoxide | P24: ΣRQ | Q24: No. compounds RQ ≥ 1
A25: Bhujpur Dam | B25: =B6/SQG!$B$5 -> 2.3484594 | C25: =C6/SQG!$B$6 -> 5.3876751 | D25: =D6/SQG!$B$7 -> 1.0685499 | E25: =E6/SQG!$B$8 -> 1.0685499 | F25: =F6/SQG!$B$9 -> 5.7201878 | G25: =G6/SQG!$B$10 -> 7.664554 | H25: =H6/SQG!$B$11 -> 0.42177778 | I25: =I6/SQG!$B$12 -> 0.99713333 | J25: =J6/SQG!$B$13 -> 0.53191489 | K25: =K6/SQG!$B$14 -> 0.16666667 | L25: =L6/SQG!$B$15 -> 0.25 | M25: =M6/SQG!$B$16 -> 0.36666667 | N25: =N6/SQG!$B$17 -> 0.83333333 | O25: =O6/SQG!$B$18 -> 3.6783333 | P25: =SUM(B25:O25) -> 30.503802 | Q25: =COUNTIF(B25:O25,">="&SQG!$B$27) -> 7
A26: Ekkhuliya | B26: =B7/SQG!$B$5 -> 0.42016807 | C26: =C7/SQG!$B$6 -> 3.9294118 | D26: =D7/SQG!$B$7 -> 0.14124294 | E26: =E7/SQG!$B$8 -> 0.14124294 | F26: =F7/SQG!$B$9 -> 5.113615 | G26: =G7/SQG!$B$10 -> 5.8701878 | H26: =H7/SQG!$B$11 -> 0.083333333 | I26: =I7/SQG!$B$12 -> 0.197 | J26: =J7/SQG!$B$13 -> 0.53191489 | K26: =K7/SQG!$B$14 -> 0.16666667 | L26: =L7/SQG!$B$15 -> 0.25 | M26: =M7/SQG!$B$16 -> 0.1754386 | N26: =N7/SQG!$B$17 -> 0.83333333 | O26: =O7/SQG!$B$18 -> 0.83333333 | P26: =SUM(B26:O26) -> 18.686889 | Q26: =COUNTIF(B26:O26,">="&SQG!$B$27) -> 3
A27: Nazirhat | B27: =B8/SQG!$B$5 -> 6.3543417 | C27: =C8/SQG!$B$6 -> 9.7355742 | D27: =D8/SQG!$B$7 -> 1.9818267 | E27: =E8/SQG!$B$8 -> 2.4329567 | F27: =F8/SQG!$B$9 -> 6.4960094 | G27: =G8/SQG!$B$10 -> 13.176291 | H27: =H8/SQG!$B$11 -> 1.2353333 | I27: =I8/SQG!$B$12 -> 2.9204 | J27: =J8/SQG!$B$13 -> 3.9258865 | K27: =K8/SQG!$B$14 -> 1.4263333 | L27: =L8/SQG!$B$15 -> 2.1821667 | M27: =M8/SQG!$B$16 -> 2.5026901 | N27: =N8/SQG!$B$17 -> 11.216111 | O27: =O8/SQG!$B$18 -> 15.928889 | P27: =SUM(B27:O27) -> 81.51481 | Q27: =COUNTIF(B27:O27,">="&SQG!$B$27) -> 14
A28: Sekandar Para | B28: =B9/SQG!$B$5 -> 3.6117647 | C28: =C9/SQG!$B$6 -> 5.1453782 | D28: =D9/SQG!$B$7 -> 0.14124294 | E28: =E9/SQG!$B$8 -> 1.5433145 | F28: =F9/SQG!$B$9 -> 4.6112676 | G28: =G9/SQG!$B$10 -> 9.1549296 | H28: =H9/SQG!$B$11 -> 0.51661111 | I28: =I9/SQG!$B$12 -> 1.2211333 | J28: =J9/SQG!$B$13 -> 0.53191489 | K28: =K9/SQG!$B$14 -> 0.16666667 | L28: =L9/SQG!$B$15 -> 0.59066667 | M28: =M9/SQG!$B$16 -> 1.1778947 | N28: =N9/SQG!$B$17 -> 0.83333333 | O28: =O9/SQG!$B$18 -> 0.83333333 | P28: =SUM(B28:O28) -> 30.079452 | Q28: =COUNTIF(B28:O28,">="&SQG!$B$27) -> 7
A29: Nichintapur | B29: =B10/SQG!$B$5 -> 5.0879552 | C29: =C10/SQG!$B$6 -> 7.2910364 | D29: =D10/SQG!$B$7 -> 1.4177966 | E29: =E10/SQG!$B$8 -> 0.95838041 | F29: =F10/SQG!$B$9 -> 5.2028169 | G29: =G10/SQG!$B$10 -> 13.302817 | H29: =H10/SQG!$B$11 -> 0.66838889 | I29: =I10/SQG!$B$12 -> 1.5800667 | J29: =J10/SQG!$B$13 -> 0.53191489 | K29: =K10/SQG!$B$14 -> 0.99122222 | L29: =L10/SQG!$B$15 -> 0.25 | M29: =M10/SQG!$B$16 -> 0.88350877 | N29: =N10/SQG!$B$17 -> 1.9761111 | O29: =O10/SQG!$B$18 -> 6.3272222 | P29: =SUM(B29:O29) -> 46.469237 | Q29: =COUNTIF(B29:O29,">="&SQG!$B$27) -> 8
A30: Nadimpur | B30: =B11/SQG!$B$5 -> 5.5442577 | C30: =C11/SQG!$B$6 -> 7.6266106 | D30: =D11/SQG!$B$7 -> 1.6550847 | E30: =E11/SQG!$B$8 -> 1.3423729 | F30: =F11/SQG!$B$9 -> 5.3816901 | G30: =G11/SQG!$B$10 -> 14.332394 | H30: =H11/SQG!$B$11 -> 0.88461111 | I30: =I11/SQG!$B$12 -> 2.1045333 | J30: =J11/SQG!$B$13 -> 0.53191489 | K30: =K11/SQG!$B$14 -> 1.1172222 | L30: =L11/SQG!$B$15 -> 0.75133333 | M30: =M11/SQG!$B$16 -> 0.1754386 | N30: =N11/SQG!$B$17 -> 2.2233333 | O30: =O11/SQG!$B$18 -> 5.8938889 | P30: =SUM(B30:O30) -> 49.564686 | Q30: =COUNTIF(B30:O30,">="&SQG!$B$27) -> 10
A31: West Binajuri | B31: =B12/SQG!$B$5 -> 7.0156863 | C31: =C12/SQG!$B$6 -> 7.4955182 | D31: =D12/SQG!$B$7 -> 0.14124294 | E31: =E12/SQG!$B$8 -> 1.4188324 | F31: =F12/SQG!$B$9 -> 5.3514085 | G31: =G12/SQG!$B$10 -> 14.000469 | H31: =H12/SQG!$B$11 -> 1.1315 | I31: =I12/SQG!$B$12 -> 2.6748667 | J31: =J12/SQG!$B$13 -> 2.9141844 | K31: =K12/SQG!$B$14 -> 1.0644444 | L31: =L12/SQG!$B$15 -> 0.86566667 | M31: =M12/SQG!$B$16 -> 1.2949708 | N31: =N12/SQG!$B$17 -> 0.83333333 | O31: =O12/SQG!$B$18 -> 5.2861111 | P31: =SUM(B31:O31) -> 51.488235 | Q31: =COUNTIF(B31:O31,">="&SQG!$B$27) -> 11
A32: Napiter Ghona | B32: =B13/SQG!$B$5 -> 7.7456583 | C32: =C13/SQG!$B$6 -> 7.32493 | D32: =D13/SQG!$B$7 -> 2.4061205 | E32: =E13/SQG!$B$8 -> 1.4489642 | F32: =F13/SQG!$B$9 -> 5.7260563 | G32: =G13/SQG!$B$10 -> 14.750469 | H32: =H13/SQG!$B$11 -> 0.97327778 | I32: =I13/SQG!$B$12 -> 2.3007333 | J32: =J13/SQG!$B$13 -> 2.4787234 | K32: =K13/SQG!$B$14 -> 1.8285556 | L32: =L13/SQG!$B$15 -> 1.0481667 | M32: =M13/SQG!$B$16 -> 1.3207018 | N32: =N13/SQG!$B$17 -> 5.5433333 | O32: =O13/SQG!$B$18 -> 9.5555556 | P32: =SUM(B32:O32) -> 64.451246 | Q32: =COUNTIF(B32:O32,">="&SQG!$B$27) -> 13
A33: Horekrishno Mohajoner Tek | B33: =B14/SQG!$B$5 -> 7.9462185 | C33: =C14/SQG!$B$6 -> 8.432493 | D33: =D14/SQG!$B$7 -> 1.8039548 | E33: =E14/SQG!$B$8 -> 2.4467043 | F33: =F14/SQG!$B$9 -> 6.5215962 | G33: =G14/SQG!$B$10 -> 14.950704 | H33: =H14/SQG!$B$11 -> 1.2432222 | I33: =I14/SQG!$B$12 -> 2.9391333 | J33: =J14/SQG!$B$13 -> 2.4056738 | K33: =K14/SQG!$B$14 -> 2.0153333 | L33: =L14/SQG!$B$15 -> 1.6653333 | M33: =M14/SQG!$B$16 -> 1.6302924 | N33: =N14/SQG!$B$17 -> 4.7761111 | O33: =O14/SQG!$B$18 -> 9.0116667 | P33: =SUM(B33:O33) -> 67.788437 | Q33: =COUNTIF(B33:O33,">="&SQG!$B$27) -> 14
A34: Chayar Char | B34: =B15/SQG!$B$5 -> 8.389916 | C34: =C15/SQG!$B$6 -> 11.078711 | D34: =D15/SQG!$B$7 -> 2.5899247 | E34: =E15/SQG!$B$8 -> 1.8432203 | F34: =F15/SQG!$B$9 -> 6.4579812 | G34: =G15/SQG!$B$10 -> 16.851174 | H34: =H15/SQG!$B$11 -> 1.1225556 | I34: =I15/SQG!$B$12 -> 2.6671333 | J34: =J15/SQG!$B$13 -> 3.7748227 | K34: =K15/SQG!$B$14 -> 2.7501111 | L34: =L15/SQG!$B$15 -> 2.1618333 | M34: =M15/SQG!$B$16 -> 2.5369591 | N34: =N15/SQG!$B$17 -> 8.2622222 | O34: =O15/SQG!$B$18 -> 13.733333 | P34: =SUM(B34:O34) -> 84.219898 | Q34: =COUNTIF(B34:O34,">="&SQG!$B$27) -> 14
A35: Kalurghat | B35: =B16/SQG!$B$5 -> 10.189636 | C35: =C16/SQG!$B$6 -> 11.641176 | D35: =D16/SQG!$B$7 -> 3.2525424 | E35: =E16/SQG!$B$8 -> 2.6304143 | F35: =F16/SQG!$B$9 -> 8.0300469 | G35: =G16/SQG!$B$10 -> 21.093897 | H35: =H16/SQG!$B$11 -> 1.4018889 | I35: =I16/SQG!$B$12 -> 3.3207333 | J35: =J16/SQG!$B$13 -> 4.7507092 | K35: =K16/SQG!$B$14 -> 5.1182222 | L35: =L16/SQG!$B$15 -> 3.8926667 | M35: =M16/SQG!$B$16 -> 3.7649123 | N35: =N16/SQG!$B$17 -> 15.269444 | O35: =O16/SQG!$B$18 -> 22.596111 | P35: =SUM(B35:O35) -> 116.9524 | Q35: =COUNTIF(B35:O35,">="&SQG!$B$27) -> 14
A36: Up-stream | B36: =B17/SQG!$B$5 -> 3.0409897 | C36: =C17/SQG!$B$6 -> 6.350887 | D36: =D17/SQG!$B$7 -> 1.0638732 | E36: =E17/SQG!$B$8 -> 1.2142498 | F36: =F17/SQG!$B$9 -> 5.7766041 | G36: =G17/SQG!$B$10 -> 8.9036776 | H36: =H17/SQG!$B$11 -> 0.58014815 | I36: =I17/SQG!$B$12 -> 1.3715111 | J36: =J17/SQG!$B$13 -> 1.6632388 | K36: =K17/SQG!$B$14 -> 0.58655556 | L36: =L17/SQG!$B$15 -> 0.89405556 | M36: =M17/SQG!$B$16 -> 1.0149318 | N36: =N17/SQG!$B$17 -> 4.2942593 | O36: =O17/SQG!$B$18 -> 6.8135185 | P36: =SUM(B36:O36) -> 43.5685 | Q36: =COUNTIF(B36:O36,">="&SQG!$B$27) -> 11
... A39: Overall | B39: =B20/SQG!$B$5 -> 5.877642 | C39: =C20/SQG!$B$6 -> 7.7353196 | D39: =D20/SQG!$B$7 -> 1.5090481 | E39: =E20/SQG!$B$8 -> 1.5704503 | F39: =F20/SQG!$B$9 -> 5.8738796 | G39: =G20/SQG!$B$10 -> 13.195262 | H39: =H20/SQG!$B$11 -> 0.88022727 | I39: =I20/SQG!$B$12 -> 2.083897 | J39: =J20/SQG!$B$13 -> 2.0826886 | K39: =K20/SQG!$B$14 -> 1.5283131 | L39: =L20/SQG!$B$15 -> 1.2643485 | M39: =M20/SQG!$B$16 -> 1.4390431 | N39: =N20/SQG!$B$17 -> 4.7818182 | O39: =O20/SQG!$B$18 -> 8.5161616 | P39: =SUM(B39:O39) -> 58.338099 | Q39: =COUNTIF(B39:O39,">="&SQG!$B$27) -> 13
A42: C. RQ-PEL = C / PEL (probable-effect quotient)
A43: Group | B43: o,p'-DDT | C43: p,p'-DDT | D43: o,p'-DDD | E43: p,p'-DDD | F43: o,p'-DDE | G43: p,p'-DDE | H43: α-HCH | I43: β-HCH | J43: γ-HCH (Lindane) | K43: δ-HCH | L43: Aldrin | M43: Dieldrin | N43: Heptachlor | O43: Heptachlor epoxide | P43: mPEL-Q (all 14) | Q43: mPEL-Q (excl. surrogates) | R43: No. compounds > PEL | S43: Toxicity-probability band
A44: Bhujpur Dam | B44: =B6/SQG!$D$5 -> 0.585884 | C44: =C6/SQG!$D$6 -> 1.344095 | D44: =D6/SQG!$D$7 -> 0.44449667 | E44: =E6/SQG!$D$8 -> 0.44449667 | F44: =F6/SQG!$D$9 -> 1.203358 | G44: =G6/SQG!$D$10 -> 1.6123951 | H44: =H6/SQG!$D$11 -> 0.025306667 | I44: =I6/SQG!$D$12 -> 0.02374127 | J44: =J6/SQG!$D$13 -> 0.36231884 | K44: =K6/SQG!$D$14 -> 0.0041666667 | L44: =L6/SQG!$D$15 -> 0.00625 | M44: =M6/SQG!$D$16 -> 0.15667166 | N44: =N6/SQG!$D$17 -> 0.18248175 | O44: =O6/SQG!$D$18 -> 0.80547445 | P44: =AVERAGE(B44:O44) -> 0.51436691 | Q44: =(B44*(1-SQG!$C$5)+C44*(1-SQG!$C$6)+D44*(1-SQG!$C$7)+E44*(1-SQG!$C$8)+F44*(1-SQG!$C$9)+G44*(1-SQG!$C$10)+H44*(1-SQG!$C$11)+I44*(1-SQG!$C$12)+J44*(1-SQG!$C$13)+K44*(1-SQG!$C$14)+L44*(1-SQG!$C$15)+M44*(1-SQG!$C$16)+N44*(1-SQG!$C$17)+O44*(1-SQG!$C$18))/(COUNT(SQG!$C$5:$C$18)-SUM(SQG!$C$5:$C$18)) -> 0.53119441 | R44: =COUNTIF(B44:O44,">=1") -> 3 | S44: =IF(P44<=0.1,"≤0.1 (~8%)",IF(P44<=1.5,"0.11–1.5 (~21%)",IF(P44<=2.3,"1.51–2.3 (~49%)",">2.3 (~73%)"))) -> 0.11–1.5 (~21%)
A45: Ekkhuliya | B45: =B7/SQG!$D$5 -> 0.1048218 | C45: =C7/SQG!$D$6 -> 0.9802935 | D45: =D7/SQG!$D$7 -> 0.058754407 | E45: =E7/SQG!$D$8 -> 0.058754407 | F45: =F7/SQG!$D$9 -> 1.0757531 | G45: =G7/SQG!$D$10 -> 1.2349136 | H45: =H7/SQG!$D$11 -> 0.005 | I45: =I7/SQG!$D$12 -> 0.0046904762 | J45: =J7/SQG!$D$13 -> 0.36231884 | K45: =K7/SQG!$D$14 -> 0.0041666667 | L45: =L7/SQG!$D$15 -> 0.00625 | M45: =M7/SQG!$D$16 -> 0.074962519 | N45: =N7/SQG!$D$17 -> 0.18248175 | O45: =O7/SQG!$D$18 -> 0.18248175 | P45: =AVERAGE(B45:O45) -> 0.30968877 | Q45: =(B45*(1-SQG!$C$5)+C45*(1-SQG!$C$6)+D45*(1-SQG!$C$7)+E45*(1-SQG!$C$8)+F45*(1-SQG!$C$9)+G45*(1-SQG!$C$10)+H45*(1-SQG!$C$11)+I45*(1-SQG!$C$12)+J45*(1-SQG!$C$13)+K45*(1-SQG!$C$14)+L45*(1-SQG!$C$15)+M45*(1-SQG!$C$16)+N45*(1-SQG!$C$17)+O45*(1-SQG!$C$18))/(COUNT(SQG!$C$5:$C$18)-SUM(SQG!$C$5:$C$18)) -> 0.32329612 | R45: =COUNTIF(B45:O45,">=1") -> 2 | S45: =IF(P45<=0.1,"≤0.1 (~8%)",IF(P45<=1.5,"0.11–1.5 (~21%)",IF(P45<=2.3,"1.51–2.3 (~49%)",">2.3 (~73%)"))) -> 0.11–1.5 (~21%)
A46: Nazirhat | B46: =B8/SQG!$D$5 -> 1.5852551 | C46: =C8/SQG!$D$6 -> 2.4287911 | D46: =D8/SQG!$D$7 -> 0.82440266 | E46: =E8/SQG!$D$8 -> 1.0120642 | F46: =F8/SQG!$D$9 -> 1.3665679 | G46: =G8/SQG!$D$10 -> 2.7719012 | H46: =H8/SQG!$D$11 -> 0.07412 | I46: =I8/SQG!$D$12 -> 0.069533333 | J46: =J8/SQG!$D$13 -> 2.6741546 | K46: =K8/SQG!$D$14 -> 0.035658333 | L46: =L8/SQG!$D$15 -> 0.054554167 | M46: =M8/SQG!$D$16 -> 1.0693653 | N46: =N8/SQG!$D$17 -> 2.4560827 | O46: =O8/SQG!$D$18 -> 3.4880779 | P46: =AVERAGE(B46:O46) -> 1.4221806 | Q46: =(B46*(1-SQG!$C$5)+C46*(1-SQG!$C$6)+D46*(1-SQG!$C$7)+E46*(1-SQG!$C$8)+F46*(1-SQG!$C$9)+G46*(1-SQG!$C$10)+H46*(1-SQG!$C$11)+I46*(1-SQG!$C$12)+J46*(1-SQG!$C$13)+K46*(1-SQG!$C$14)+L46*(1-SQG!$C$15)+M46*(1-SQG!$C$16)+N46*(1-SQG!$C$17)+O46*(1-SQG!$C$18))/(COUNT(SQG!$C$5:$C$18)-SUM(SQG!$C$5:$C$18)) -> 1.5158402 | R46: =COUNTIF(B46:O46,">=1") -> 9 | S46: =IF(P46<=0.1,"≤0.1 (~8%)",IF(P46<=1.5,"0.11–1.5 (~21%)",IF(P46<=2.3,"1.51–2.3 (~49%)",">2.3 (~73%)"))) -> 0.11–1.5 (~21%)
A47: Sekandar Para | B47: =B9/SQG!$D$5 -> 0.90104822 | C47: =C9/SQG!$D$6 -> 1.2836478 | D47: =D9/SQG!$D$7 -> 0.058754407 | E47: =E9/SQG!$D$8 -> 0.64198982 | F47: =F9/SQG!$D$9 -> 0.97007407 | G47: =G9/SQG!$D$10 -> 1.9259259 | H47: =H9/SQG!$D$11 -> 0.030996667 | I47: =I9/SQG!$D$12 -> 0.029074603 | J47: =J9/SQG!$D$13 -> 0.36231884 | K47: =K9/SQG!$D$14 -> 0.0041666667 | L47: =L9/SQG!$D$15 -> 0.014766667 | M47: =M9/SQG!$D$16 -> 0.50329835 | N47: =N9/SQG!$D$17 -> 0.18248175 | O47: =O9/SQG!$D$18 -> 0.18248175 | P47: =AVERAGE(B47:O47) -> 0.50650182 | Q47: =(B47*(1-SQG!$C$5)+C47*(1-SQG!$C$6)+D47*(1-SQG!$C$7)+E47*(1-SQG!$C$8)+F47*(1-SQG!$C$9)+G47*(1-SQG!$C$10)+H47*(1-SQG!$C$11)+I47*(1-SQG!$C$12)+J47*(1-SQG!$C$13)+K47*(1-SQG!$C$14)+L47*(1-SQG!$C$15)+M47*(1-SQG!$C$16)+N47*(1-SQG!$C$17)+O47*(1-SQG!$C$18))/(COUNT(SQG!$C$5:$C$18)-SUM(SQG!$C$5:$C$18)) -> 0.55272227 | R47: =COUNTIF(B47:O47,">=1") -> 2 | S47: =IF(P47<=0.1,"≤0.1 (~8%)",IF(P47<=1.5,"0.11–1.5 (~21%)",IF(P47<=2.3,"1.51–2.3 (~49%)",">2.3 (~73%)"))) -> 0.11–1.5 (~21%)
A48: Nichintapur | B48: =B10/SQG!$D$5 -> 1.2693222 | C48: =C10/SQG!$D$6 -> 1.8189378 | D48: =D10/SQG!$D$7 -> 0.58977673 | E48: =E10/SQG!$D$8 -> 0.39866823 | F48: =F10/SQG!$D$9 -> 1.0945185 | G48: =G10/SQG!$D$10 -> 2.7985185 | H48: =H10/SQG!$D$11 -> 0.040103333 | I48: =I10/SQG!$D$12 -> 0.037620635 | J48: =J10/SQG!$D$13 -> 0.36231884 | K48: =K10/SQG!$D$14 -> 0.024780556 | L48: =L10/SQG!$D$15 -> 0.00625 | M48: =M10/SQG!$D$16 -> 0.37751124 | N48: =N10/SQG!$D$17 -> 0.43272506 | O48: =O10/SQG!$D$18 -> 1.3855231 | P48: =AVERAGE(B48:O48) -> 0.75975534 | Q48: =(B48*(1-SQG!$C$5)+C48*(1-SQG!$C$6)+D48*(1-SQG!$C$7)+E48*(1-SQG!$C$8)+F48*(1-SQG!$C$9)+G48*(1-SQG!$C$10)+H48*(1-SQG!$C$11)+I48*(1-SQG!$C$12)+J48*(1-SQG!$C$13)+K48*(1-SQG!$C$14)+L48*(1-SQG!$C$15)+M48*(1-SQG!$C$16)+N48*(1-SQG!$C$17)+O48*(1-SQG!$C$18))/(COUNT(SQG!$C$5:$C$18)-SUM(SQG!$C$5:$C$18)) -> 0.80282797 | R48: =COUNTIF(B48:O48,">=1") -> 5 | S48: =IF(P48<=0.1,"≤0.1 (~8%)",IF(P48<=1.5,"0.11–1.5 (~21%)",IF(P48<=2.3,"1.51–2.3 (~49%)",">2.3 (~73%)"))) -> 0.11–1.5 (~21%)
A49: Nadimpur | B49: =B11/SQG!$D$5 -> 1.3831586 | C49: =C11/SQG!$D$6 -> 1.9026555 | D49: =D11/SQG!$D$7 -> 0.68848414 | E49: =E11/SQG!$D$8 -> 0.55840188 | F49: =F11/SQG!$D$9 -> 1.1321481 | G49: =G11/SQG!$D$10 -> 3.0151111 | H49: =H11/SQG!$D$11 -> 0.053076667 | I49: =I11/SQG!$D$12 -> 0.050107937 | J49: =J11/SQG!$D$13 -> 0.36231884 | K49: =K11/SQG!$D$14 -> 0.027930556 | L49: =L11/SQG!$D$15 -> 0.018783333 | M49: =M11/SQG!$D$16 -> 0.074962519 | N49: =N11/SQG!$D$17 -> 0.48686131 | O49: =O11/SQG!$D$18 -> 1.2906326 | P49: =AVERAGE(B49:O49) -> 0.78890237 | Q49: =(B49*(1-SQG!$C$5)+C49*(1-SQG!$C$6)+D49*(1-SQG!$C$7)+E49*(1-SQG!$C$8)+F49*(1-SQG!$C$9)+G49*(1-SQG!$C$10)+H49*(1-SQG!$C$11)+I49*(1-SQG!$C$12)+J49*(1-SQG!$C$13)+K49*(1-SQG!$C$14)+L49*(1-SQG!$C$15)+M49*(1-SQG!$C$16)+N49*(1-SQG!$C$17)+O49*(1-SQG!$C$18))/(COUNT(SQG!$C$5:$C$18)-SUM(SQG!$C$5:$C$18)) -> 0.8140056 | R49: =COUNTIF(B49:O49,">=1") -> 5 | S49: =IF(P49<=0.1,"≤0.1 (~8%)",IF(P49<=1.5,"0.11–1.5 (~21%)",IF(P49<=2.3,"1.51–2.3 (~49%)",">2.3 (~73%)"))) -> 0.11–1.5 (~21%)
A50: West Binajuri | B50: =B12/SQG!$D$5 -> 1.7502446 | C50: =C12/SQG!$D$6 -> 1.8699511 | D50: =D12/SQG!$D$7 -> 0.058754407 | E50: =E12/SQG!$D$8 -> 0.5902076 | F50: =F12/SQG!$D$9 -> 1.1257778 | G50: =G12/SQG!$D$10 -> 2.945284 | H50: =H12/SQG!$D$11 -> 0.06789 | I50: =I12/SQG!$D$12 -> 0.063687302 | J50: =J12/SQG!$D$13 -> 1.9850242 | K50: =K12/SQG!$D$14 -> 0.026611111 | L50: =L12/SQG!$D$15 -> 0.021641667 | M50: =M12/SQG!$D$16 -> 0.55332334 | N50: =N12/SQG!$D$17 -> 0.18248175 | O50: =O12/SQG!$D$18 -> 1.1575426 | P50: =AVERAGE(B50:O50) -> 0.88560152 | Q50: =(B50*(1-SQG!$C$5)+C50*(1-SQG!$C$6)+D50*(1-SQG!$C$7)+E50*(1-SQG!$C$8)+F50*(1-SQG!$C$9)+G50*(1-SQG!$C$10)+H50*(1-SQG!$C$11)+I50*(1-SQG!$C$12)+J50*(1-SQG!$C$13)+K50*(1-SQG!$C$14)+L50*(1-SQG!$C$15)+M50*(1-SQG!$C$16)+N50*(1-SQG!$C$17)+O50*(1-SQG!$C$18))/(COUNT(SQG!$C$5:$C$18)-SUM(SQG!$C$5:$C$18)) -> 1.0282835 | R50: =COUNTIF(B50:O50,">=1") -> 6 | S50: =IF(P50<=0.1,"≤0.1 (~8%)",IF(P50<=1.5,"0.11–1.5 (~21%)",IF(P50<=2.3,"1.51–2.3 (~49%)",">2.3 (~73%)"))) -> 0.11–1.5 (~21%)
A51: Napiter Ghona | B51: =B13/SQG!$D$5 -> 1.932355 | C51: =C13/SQG!$D$6 -> 1.8273934 | D51: =D13/SQG!$D$7 -> 1.0009009 | E51: =E13/SQG!$D$8 -> 0.60274187 | F51: =F13/SQG!$D$9 -> 1.2045926 | G51: =G13/SQG!$D$10 -> 3.1030617 | H51: =H13/SQG!$D$11 -> 0.058396667 | I51: =I13/SQG!$D$12 -> 0.054779365 | J51: =J13/SQG!$D$13 -> 1.6884058 | K51: =K13/SQG!$D$14 -> 0.045713889 | L51: =L13/SQG!$D$15 -> 0.026204167 | M51: =M13/SQG!$D$16 -> 0.56431784 | N51: =N13/SQG!$D$17 -> 1.2138686 | O51: =O13/SQG!$D$18 -> 2.0924574 | P51: =AVERAGE(B51:O51) -> 1.1010849 | Q51: =(B51*(1-SQG!$C$5)+C51*(1-SQG!$C$6)+D51*(1-SQG!$C$7)+E51*(1-SQG!$C$8)+F51*(1-SQG!$C$9)+G51*(1-SQG!$C$10)+H51*(1-SQG!$C$11)+I51*(1-SQG!$C$12)+J51*(1-SQG!$C$13)+K51*(1-SQG!$C$14)+L51*(1-SQG!$C$15)+M51*(1-SQG!$C$16)+N51*(1-SQG!$C$17)+O51*(1-SQG!$C$18))/(COUNT(SQG!$C$5:$C$18)-SUM(SQG!$C$5:$C$18)) -> 1.1130843 | R51: =COUNTIF(B51:O51,">=1") -> 8 | S51: =IF(P51<=0.1,"≤0.1 (~8%)",IF(P51<=1.5,"0.11–1.5 (~21%)",IF(P51<=2.3,"1.51–2.3 (~49%)",">2.3 (~73%)"))) -> 0.11–1.5 (~21%)
A52: Horekrishno Mohajoner Tek | B52: =B14/SQG!$D$5 -> 1.9823899 | C52: =C14/SQG!$D$6 -> 2.1037037 | D52: =D14/SQG!$D$7 -> 0.75041128 | E52: =E14/SQG!$D$8 -> 1.017783 | F52: =F14/SQG!$D$9 -> 1.3719506 | G52: =G14/SQG!$D$10 -> 3.1451852 | H52: =H14/SQG!$D$11 -> 0.074593333 | I52: =I14/SQG!$D$12 -> 0.069979365 | J52: =J14/SQG!$D$13 -> 1.6386473 | K52: =K14/SQG!$D$14 -> 0.050383333 | L52: =L14/SQG!$D$15 -> 0.041633333 | M52: =M14/SQG!$D$16 -> 0.6966017 | N52: =N14/SQG!$D$17 -> 1.0458637 | O52: =O14/SQG!$D$18 -> 1.9733577 | P52: =AVERAGE(B52:O52) -> 1.1401774 | Q52: =(B52*(1-SQG!$C$5)+C52*(1-SQG!$C$6)+D52*(1-SQG!$C$7)+E52*(1-SQG!$C$8)+F52*(1-SQG!$C$9)+G52*(1-SQG!$C$10)+H52*(1-SQG!$C$11)+I52*(1-SQG!$C$12)+J52*(1-SQG!$C$13)+K52*(1-SQG!$C$14)+L52*(1-SQG!$C$15)+M52*(1-SQG!$C$16)+N52*(1-SQG!$C$17)+O52*(1-SQG!$C$18))/(COUNT(SQG!$C$5:$C$18)-SUM(SQG!$C$5:$C$18)) -> 1.1957205 | R52: =COUNTIF(B52:O52,">=1") -> 8 | S52: =IF(P52<=0.1,"≤0.1 (~8%)",IF(P52<=1.5,"0.11–1.5 (~21%)",IF(P52<=2.3,"1.51–2.3 (~49%)",">2.3 (~73%)"))) -> 0.11–1.5 (~21%)
A53: Chayar Char | B53: =B15/SQG!$D$5 -> 2.0930818 | C53: =C15/SQG!$D$6 -> 2.7638714 | D53: =D15/SQG!$D$7 -> 1.07736 | E53: =E15/SQG!$D$8 -> 0.76674501 | F53: =F15/SQG!$D$9 -> 1.3585679 | G53: =G15/SQG!$D$10 -> 3.5449877 | H53: =H15/SQG!$D$11 -> 0.067353333 | I53: =I15/SQG!$D$12 -> 0.063503175 | J53: =J15/SQG!$D$13 -> 2.571256 | K53: =K15/SQG!$D$14 -> 0.068752778 | L53: =L15/SQG!$D$15 -> 0.054045833 | M53: =M15/SQG!$D$16 -> 1.084008 | N53: =N15/SQG!$D$17 -> 1.8092457 | O53: =O15/SQG!$D$18 -> 3.0072993 | P53: =AVERAGE(B53:O53) -> 1.4521484 | Q53: =(B53*(1-SQG!$C$5)+C53*(1-SQG!$C$6)+D53*(1-SQG!$C$7)+E53*(1-SQG!$C$8)+F53*(1-SQG!$C$9)+G53*(1-SQG!$C$10)+H53*(1-SQG!$C$11)+I53*(1-SQG!$C$12)+J53*(1-SQG!$C$13)+K53*(1-SQG!$C$14)+L53*(1-SQG!$C$15)+M53*(1-SQG!$C$16)+N53*(1-SQG!$C$17)+O53*(1-SQG!$C$18))/(COUNT(SQG!$C$5:$C$18)-SUM(SQG!$C$5:$C$18)) -> 1.5470077 | R53: =COUNTIF(B53:O53,">=1") -> 9 | S53: =IF(P53<=0.1,"≤0.1 (~8%)",IF(P53<=1.5,"0.11–1.5 (~21%)",IF(P53<=2.3,"1.51–2.3 (~49%)",">2.3 (~73%)"))) -> 0.11–1.5 (~21%)
A54: Kalurghat | B54: =B16/SQG!$D$5 -> 2.5420685 | C54: =C16/SQG!$D$6 -> 2.9041929 | D54: =D16/SQG!$D$7 -> 1.3529965 | E54: =E16/SQG!$D$8 -> 1.0942029 | F54: =F16/SQG!$D$9 -> 1.689284 | G54: =G16/SQG!$D$10 -> 4.4375309 | H54: =H16/SQG!$D$11 -> 0.084113333 | I54: =I16/SQG!$D$12 -> 0.079065079 | J54: =J16/SQG!$D$13 -> 3.2359903 | K54: =K16/SQG!$D$14 -> 0.12795556 | L54: =L16/SQG!$D$15 -> 0.097316667 | M54: =M16/SQG!$D$16 -> 1.6086957 | N54: =N16/SQG!$D$17 -> 3.343674 | O54: =O16/SQG!$D$18 -> 4.9480535 | P54: =AVERAGE(B54:O54) -> 1.96751 | Q54: =(B54*(1-SQG!$C$5)+C54*(1-SQG!$C$6)+D54*(1-SQG!$C$7)+E54*(1-SQG!$C$8)+F54*(1-SQG!$C$9)+G54*(1-SQG!$C$10)+H54*(1-SQG!$C$11)+I54*(1-SQG!$C$12)+J54*(1-SQG!$C$13)+K54*(1-SQG!$C$14)+L54*(1-SQG!$C$15)+M54*(1-SQG!$C$16)+N54*(1-SQG!$C$17)+O54*(1-SQG!$C$18))/(COUNT(SQG!$C$5:$C$18)-SUM(SQG!$C$5:$C$18)) -> 2.0543512 | R54: =COUNTIF(B54:O54,">=1") -> 10 | S54: =IF(P54<=0.1,"≤0.1 (~8%)",IF(P54<=1.5,"0.11–1.5 (~21%)",IF(P54<=2.3,"1.51–2.3 (~49%)",">2.3 (~73%)"))) -> 1.51–2.3 (~49%)
A55: Up-stream | B55: =B17/SQG!$D$5 -> 0.75865362 | C55: =C17/SQG!$D$6 -> 1.5843932 | D55: =D17/SQG!$D$7 -> 0.44255125 | E55: =E17/SQG!$D$8 -> 0.50510511 | F55: =F17/SQG!$D$9 -> 1.2152263 | G55: =G17/SQG!$D$10 -> 1.87307 | H55: =H17/SQG!$D$11 -> 0.034808889 | I55: =I17/SQG!$D$12 -> 0.032655026 | J55: =J17/SQG!$D$13 -> 1.1329308 | K55: =K17/SQG!$D$14 -> 0.014663889 | L55: =L17/SQG!$D$15 -> 0.022351389 | M55: =M17/SQG!$D$16 -> 0.4336665 | N55: =N17/SQG!$D$17 -> 0.94034874 | O55: =O17/SQG!$D$18 -> 1.4920114 | P55: =AVERAGE(B55:O55) -> 0.74874543 | Q55: =(B55*(1-SQG!$C$5)+C55*(1-SQG!$C$6)+D55*(1-SQG!$C$7)+E55*(1-SQG!$C$8)+F55*(1-SQG!$C$9)+G55*(1-SQG!$C$10)+H55*(1-SQG!$C$11)+I55*(1-SQG!$C$12)+J55*(1-SQG!$C$13)+K55*(1-SQG!$C$14)+L55*(1-SQG!$C$15)+M55*(1-SQG!$C$16)+N55*(1-SQG!$C$17)+O55*(1-SQG!$C$18))/(COUNT(SQG!$C$5:$C$18)-SUM(SQG!$C$5:$C$18)) -> 0.79011024 | R55: =COUNTIF(B55:O55,">=1") -> 5 | S55: =IF(P55<=0.1,"≤0.1 (~8%)",IF(P55<=1.5,"0.11–1.5 (~21%)",IF(P55<=2.3,"1.51–2.3 (~49%)",">2.3 (~73%)"))) -> 0.11–1.5 (~21%)
... A58: Overall | B58: =B20/SQG!$D$5 -> 1.46633 | C58: =C20/SQG!$D$6 -> 1.9297757 | D58: =D20/SQG!$D$7 -> 0.62773564 | E58: =E20/SQG!$D$8 -> 0.65327778 | F58: =F20/SQG!$D$9 -> 1.2356902 | G58: =G20/SQG!$D$10 -> 2.7758923 | H58: =H20/SQG!$D$11 -> 0.052813636 | I58: =I20/SQG!$D$12 -> 0.049616595 | J58: =J20/SQG!$D$13 -> 1.418643 | K58: =K20/SQG!$D$14 -> 0.038207828 | L58: =L20/SQG!$D$15 -> 0.031608712 | M58: =M20/SQG!$D$16 -> 0.61488347 | N58: =N20/SQG!$D$17 -> 1.0471135 | O58: =O20/SQG!$D$18 -> 1.8648529 | P58: =AVERAGE(B58:O58) -> 0.98617437 | Q58: =(B58*(1-SQG!$C$5)+C58*(1-SQG!$C$6)+D58*(1-SQG!$C$7)+E58*(1-SQG!$C$8)+F58*(1-SQG!$C$9)+G58*(1-SQG!$C$10)+H58*(1-SQG!$C$11)+I58*(1-SQG!$C$12)+J58*(1-SQG!$C$13)+K58*(1-SQG!$C$14)+L58*(1-SQG!$C$15)+M58*(1-SQG!$C$16)+N58*(1-SQG!$C$17)+O58*(1-SQG!$C$18))/(COUNT(SQG!$C$5:$C$18)-SUM(SQG!$C$5:$C$18)) -> 1.0434849 | R58: =COUNTIF(B58:O58,">=1") -> 7 | S58: =IF(P58<=0.1,"≤0.1 (~8%)",IF(P58<=1.5,"0.11–1.5 (~21%)",IF(P58<=2.3,"1.51–2.3 (~49%)",">2.3 (~73%)"))) -> 0.11–1.5 (~21%)
A61: D. Risk class (Hernando et al., 2006) based on RQ = C/TEL
A62: Group | B62: o,p'-DDT | C62: p,p'-DDT | D62: o,p'-DDD | E62: p,p'-DDD | F62: o,p'-DDE | G62: p,p'-DDE | H62: α-HCH | I62: β-HCH | J62: γ-HCH (Lindane) | K62: δ-HCH | L62: Aldrin | M62: Dieldrin | N62: Heptachlor | O62: Heptachlor epoxide
A63: Bhujpur Dam | B63: =IF(B25<SQG!$B$26,"Low",IF(B25<SQG!$B$27,"Medium","High")) -> High | C63: =IF(C25<SQG!$B$26,"Low",IF(C25<SQG!$B$27,"Medium","High")) -> High | D63: =IF(D25<SQG!$B$26,"Low",IF(D25<SQG!$B$27,"Medium","High")) -> High | E63: =IF(E25<SQG!$B$26,"Low",IF(E25<SQG!$B$27,"Medium","High")) -> High | F63: =IF(F25<SQG!$B$26,"Low",IF(F25<SQG!$B$27,"Medium","High")) -> High | G63: =IF(G25<SQG!$B$26,"Low",IF(G25<SQG!$B$27,"Medium","High")) -> High | H63: =IF(H25<SQG!$B$26,"Low",IF(H25<SQG!$B$27,"Medium","High")) -> Medium | I63: =IF(I25<SQG!$B$26,"Low",IF(I25<SQG!$B$27,"Medium","High")) -> Medium | ... O63: =IF(O25<SQG!$B$26,"Low",IF(O25<SQG!$B$27,"Medium","High")) -> High
A64: Ekkhuliya | B64: =IF(B26<SQG!$B$26,"Low",IF(B26<SQG!$B$27,"Medium","High")) -> Medium | C64: =IF(C26<SQG!$B$26,"Low",IF(C26<SQG!$B$27,"Medium","High")) -> High | D64: =IF(D26<SQG!$B$26,"Low",IF(D26<SQG!$B$27,"Medium","High")) -> Medium | E64: =IF(E26<SQG!$B$26,"Low",IF(E26<SQG!$B$27,"Medium","High")) -> Medium | F64: =IF(F26<SQG!$B$26,"Low",IF(F26<SQG!$B$27,"Medium","High")) -> High | G64: =IF(G26<SQG!$B$26,"Low",IF(G26<SQG!$B$27,"Medium","High")) -> High | H64: =IF(H26<SQG!$B$26,"Low",IF(H26<SQG!$B$27,"Medium","High")) -> Low | I64: =IF(I26<SQG!$B$26,"Low",IF(I26<SQG!$B$27,"Medium","High")) -> Medium | ... O64: =IF(O26<SQG!$B$26,"Low",IF(O26<SQG!$B$27,"Medium","High")) -> Medium
A65: Nazirhat | B65: =IF(B27<SQG!$B$26,"Low",IF(B27<SQG!$B$27,"Medium","High")) -> High | C65: =IF(C27<SQG!$B$26,"Low",IF(C27<SQG!$B$27,"Medium","High")) -> High | D65: =IF(D27<SQG!$B$26,"Low",IF(D27<SQG!$B$27,"Medium","High")) -> High | E65: =IF(E27<SQG!$B$26,"Low",IF(E27<SQG!$B$27,"Medium","High")) -> High | F65: =IF(F27<SQG!$B$26,"Low",IF(F27<SQG!$B$27,"Medium","High")) -> High | G65: =IF(G27<SQG!$B$26,"Low",IF(G27<SQG!$B$27,"Medium","High")) -> High | H65: =IF(H27<SQG!$B$26,"Low",IF(H27<SQG!$B$27,"Medium","High")) -> High | I65: =IF(I27<SQG!$B$26,"Low",IF(I27<SQG!$B$27,"Medium","High")) -> High | ... O65: =IF(O27<SQG!$B$26,"Low",IF(O27<SQG!$B$27,"Medium","High")) -> High
A66: Sekandar Para | B66: =IF(B28<SQG!$B$26,"Low",IF(B28<SQG!$B$27,"Medium","High")) -> High | C66: =IF(C28<SQG!$B$26,"Low",IF(C28<SQG!$B$27,"Medium","High")) -> High | D66: =IF(D28<SQG!$B$26,"Low",IF(D28<SQG!$B$27,"Medium","High")) -> Medium | E66: =IF(E28<SQG!$B$26,"Low",IF(E28<SQG!$B$27,"Medium","High")) -> High | F66: =IF(F28<SQG!$B$26,"Low",IF(F28<SQG!$B$27,"Medium","High")) -> High | G66: =IF(G28<SQG!$B$26,"Low",IF(G28<SQG!$B$27,"Medium","High")) -> High | H66: =IF(H28<SQG!$B$26,"Low",IF(H28<SQG!$B$27,"Medium","High")) -> Medium | I66: =IF(I28<SQG!$B$26,"Low",IF(I28<SQG!$B$27,"Medium","High")) -> High | ... O66: =IF(O28<SQG!$B$26,"Low",IF(O28<SQG!$B$27,"Medium","High")) -> Medium
A67: Nichintapur | B67: =IF(B29<SQG!$B$26,"Low",IF(B29<SQG!$B$27,"Medium","High")) -> High | C67: =IF(C29<SQG!$B$26,"Low",IF(C29<SQG!$B$27,"Medium","High")) -> High | D67: =IF(D29<SQG!$B$26,"Low",IF(D29<SQG!$B$27,"Medium","High")) -> High | E67: =IF(E29<SQG!$B$26,"Low",IF(E29<SQG!$B$27,"Medium","High")) -> Medium | F67: =IF(F29<SQG!$B$26,"Low",IF(F29<SQG!$B$27,"Medium","High")) -> High | G67: =IF(G29<SQG!$B$26,"Low",IF(G29<SQG!$B$27,"Medium","High")) -> High | H67: =IF(H29<SQG!$B$26,"Low",IF(H29<SQG!$B$27,"Medium","High")) -> Medium | I67: =IF(I29<SQG!$B$26,"Low",IF(I29<SQG!$B$27,"Medium","High")) -> High | ... O67: =IF(O29<SQG!$B$26,"Low",IF(O29<SQG!$B$27,"Medium","High")) -> High
A68: Nadimpur | B68: =IF(B30<SQG!$B$26,"Low",IF(B30<SQG!$B$27,"Medium","High")) -> High | C68: =IF(C30<SQG!$B$26,"Low",IF(C30<SQG!$B$27,"Medium","High")) -> High | D68: =IF(D30<SQG!$B$26,"Low",IF(D30<SQG!$B$27,"Medium","High")) -> High | E68: =IF(E30<SQG!$B$26,"Low",IF(E30<SQG!$B$27,"Medium","High")) -> High | F68: =IF(F30<SQG!$B$26,"Low",IF(F30<SQG!$B$27,"Medium","High")) -> High | G68: =IF(G30<SQG!$B$26,"Low",IF(G30<SQG!$B$27,"Medium","High")) -> High | H68: =IF(H30<SQG!$B$26,"Low",IF(H30<SQG!$B$27,"Medium","High")) -> Medium | I68: =IF(I30<SQG!$B$26,"Low",IF(I30<SQG!$B$27,"Medium","High")) -> High | ... O68: =IF(O30<SQG!$B$26,"Low",IF(O30<SQG!$B$27,"Medium","High")) -> High
A69: West Binajuri | B69: =IF(B31<SQG!$B$26,"Low",IF(B31<SQG!$B$27,"Medium","High")) -> High | C69: =IF(C31<SQG!$B$26,"Low",IF(C31<SQG!$B$27,"Medium","High")) -> High | D69: =IF(D31<SQG!$B$26,"Low",IF(D31<SQG!$B$27,"Medium","High")) -> Medium | E69: =IF(E31<SQG!$B$26,"Low",IF(E31<SQG!$B$27,"Medium","High")) -> High | F69: =IF(F31<SQG!$B$26,"Low",IF(F31<SQG!$B$27,"Medium","High")) -> High | G69: =IF(G31<SQG!$B$26,"Low",IF(G31<SQG!$B$27,"Medium","High")) -> High | H69: =IF(H31<SQG!$B$26,"Low",IF(H31<SQG!$B$27,"Medium","High")) -> High | I69: =IF(I31<SQG!$B$26,"Low",IF(I31<SQG!$B$27,"Medium","High")) -> High | ... O69: =IF(O31<SQG!$B$26,"Low",IF(O31<SQG!$B$27,"Medium","High")) -> High
A70: Napiter Ghona | B70: =IF(B32<SQG!$B$26,"Low",IF(B32<SQG!$B$27,"Medium","High")) -> High | C70: =IF(C32<SQG!$B$26,"Low",IF(C32<SQG!$B$27,"Medium","High")) -> High | D70: =IF(D32<SQG!$B$26,"Low",IF(D32<SQG!$B$27,"Medium","High")) -> High | E70: =IF(E32<SQG!$B$26,"Low",IF(E32<SQG!$B$27,"Medium","High")) -> High | F70: =IF(F32<SQG!$B$26,"Low",IF(F32<SQG!$B$27,"Medium","High")) -> High | G70: =IF(G32<SQG!$B$26,"Low",IF(G32<SQG!$B$27,"Medium","High")) -> High | H70: =IF(H32<SQG!$B$26,"Low",IF(H32<SQG!$B$27,"Medium","High")) -> Medium | I70: =IF(I32<SQG!$B$26,"Low",IF(I32<SQG!$B$27,"Medium","High")) -> High | ... O70: =IF(O32<SQG!$B$26,"Low",IF(O32<SQG!$B$27,"Medium","High")) -> High
A71: Horekrishno Mohajoner Tek | B71: =IF(B33<SQG!$B$26,"Low",IF(B33<SQG!$B$27,"Medium","High")) -> High | C71: =IF(C33<SQG!$B$26,"Low",IF(C33<SQG!$B$27,"Medium","High")) -> High | D71: =IF(D33<SQG!$B$26,"Low",IF(D33<SQG!$B$27,"Medium","High")) -> High | E71: =IF(E33<SQG!$B$26,"Low",IF(E33<SQG!$B$27,"Medium","High")) -> High | F71: =IF(F33<SQG!$B$26,"Low",IF(F33<SQG!$B$27,"Medium","High")) -> High | G71: =IF(G33<SQG!$B$26,"Low",IF(G33<SQG!$B$27,"Medium","High")) -> High | H71: =IF(H33<SQG!$B$26,"Low",IF(H33<SQG!$B$27,"Medium","High")) -> High | I71: =IF(I33<SQG!$B$26,"Low",IF(I33<SQG!$B$27,"Medium","High")) -> High | ... O71: =IF(O33<SQG!$B$26,"Low",IF(O33<SQG!$B$27,"Medium","High")) -> High
A72: Chayar Char | B72: =IF(B34<SQG!$B$26,"Low",IF(B34<SQG!$B$27,"Medium","High")) -> High | C72: =IF(C34<SQG!$B$26,"Low",IF(C34<SQG!$B$27,"Medium","High")) -> High | D72: =IF(D34<SQG!$B$26,"Low",IF(D34<SQG!$B$27,"Medium","High")) -> High | E72: =IF(E34<SQG!$B$26,"Low",IF(E34<SQG!$B$27,"Medium","High")) -> High | F72: =IF(F34<SQG!$B$26,"Low",IF(F34<SQG!$B$27,"Medium","High")) -> High | G72: =IF(G34<SQG!$B$26,"Low",IF(G34<SQG!$B$27,"Medium","High")) -> High | H72: =IF(H34<SQG!$B$26,"Low",IF(H34<SQG!$B$27,"Medium","High")) -> High | I72: =IF(I34<SQG!$B$26,"Low",IF(I34<SQG!$B$27,"Medium","High")) -> High | ... O72: =IF(O34<SQG!$B$26,"Low",IF(O34<SQG!$B$27,"Medium","High")) -> High
A73: Kalurghat | B73: =IF(B35<SQG!$B$26,"Low",IF(B35<SQG!$B$27,"Medium","High")) -> High | C73: =IF(C35<SQG!$B$26,"Low",IF(C35<SQG!$B$27,"Medium","High")) -> High | D73: =IF(D35<SQG!$B$26,"Low",IF(D35<SQG!$B$27,"Medium","High")) -> High | E73: =IF(E35<SQG!$B$26,"Low",IF(E35<SQG!$B$27,"Medium","High")) -> High | F73: =IF(F35<SQG!$B$26,"Low",IF(F35<SQG!$B$27,"Medium","High")) -> High | G73: =IF(G35<SQG!$B$26,"Low",IF(G35<SQG!$B$27,"Medium","High")) -> High | H73: =IF(H35<SQG!$B$26,"Low",IF(H35<SQG!$B$27,"Medium","High")) -> High | I73: =IF(I35<SQG!$B$26,"Low",IF(I35<SQG!$B$27,"Medium","High")) -> High | ... O73: =IF(O35<SQG!$B$26,"Low",IF(O35<SQG!$B$27,"Medium","High")) -> High
A74: Up-stream | B74: =IF(B36<SQG!$B$26,"Low",IF(B36<SQG!$B$27,"Medium","High")) -> High | C74: =IF(C36<SQG!$B$26,"Low",IF(C36<SQG!$B$27,"Medium","High")) -> High | D74: =IF(D36<SQG!$B$26,"Low",IF(D36<SQG!$B$27,"Medium","High")) -> High | E74: =IF(E36<SQG!$B$26,"Low",IF(E36<SQG!$B$27,"Medium","High")) -> High | F74: =IF(F36<SQG!$B$26,"Low",IF(F36<SQG!$B$27,"Medium","High")) -> High | G74: =IF(G36<SQG!$B$26,"Low",IF(G36<SQG!$B$27,"Medium","High")) -> High | H74: =IF(H36<SQG!$B$26,"Low",IF(H36<SQG!$B$27,"Medium","High")) -> Medium | I74: =IF(I36<SQG!$B$26,"Low",IF(I36<SQG!$B$27,"Medium","High")) -> High | ... O74: =IF(O36<SQG!$B$26,"Low",IF(O36<SQG!$B$27,"Medium","High")) -> High
... A77: Overall | B77: =IF(B39<SQG!$B$26,"Low",IF(B39<SQG!$B$27,"Medium","High")) -> High | C77: =IF(C39<SQG!$B$26,"Low",IF(C39<SQG!$B$27,"Medium","High")) -> High | D77: =IF(D39<SQG!$B$26,"Low",IF(D39<SQG!$B$27,"Medium","High")) -> High | E77: =IF(E39<SQG!$B$26,"Low",IF(E39<SQG!$B$27,"Medium","High")) -> High | F77: =IF(F39<SQG!$B$26,"Low",IF(F39<SQG!$B$27,"Medium","High")) -> High | G77: =IF(G39<SQG!$B$26,"Low",IF(G39<SQG!$B$27,"Medium","High")) -> High | H77: =IF(H39<SQG!$B$26,"Low",IF(H39<SQG!$B$27,"Medium","High")) -> Medium | I77: =IF(I39<SQG!$B$26,"Low",IF(I39<SQG!$B$27,"Medium","High")) -> High | ... O77: =IF(O39<SQG!$B$26,"Low",IF(O39<SQG!$B$27,"Medium","High")) -> High
A80: E. Guideline tier (< TEL rarely adverse; TEL–PEL occasionally; > PEL frequently adverse)
A81: Group | B81: o,p'-DDT | C81: p,p'-DDT | D81: o,p'-DDD | E81: p,p'-DDD | F81: o,p'-DDE | G81: p,p'-DDE | H81: α-HCH | I81: β-HCH | J81: γ-HCH (Lindane) | K81: δ-HCH | L81: Aldrin | M81: Dieldrin | N81: Heptachlor | O81: Heptachlor epoxide
A82: Bhujpur Dam | B82: =IF(B6=0,"nd",IF(B6<SQG!$B$5,"< TEL",IF(B6<=SQG!$D$5,"TEL–PEL","> PEL"))) -> TEL–PEL | C82: =IF(C6=0,"nd",IF(C6<SQG!$B$6,"< TEL",IF(C6<=SQG!$D$6,"TEL–PEL","> PEL"))) -> > PEL | D82: =IF(D6=0,"nd",IF(D6<SQG!$B$7,"< TEL",IF(D6<=SQG!$D$7,"TEL–PEL","> PEL"))) -> TEL–PEL | E82: =IF(E6=0,"nd",IF(E6<SQG!$B$8,"< TEL",IF(E6<=SQG!$D$8,"TEL–PEL","> PEL"))) -> TEL–PEL | F82: =IF(F6=0,"nd",IF(F6<SQG!$B$9,"< TEL",IF(F6<=SQG!$D$9,"TEL–PEL","> PEL"))) -> > PEL | G82: =IF(G6=0,"nd",IF(G6<SQG!$B$10,"< TEL",IF(G6<=SQG!$D$10,"TEL–PEL","> PEL"))) -> > PEL | H82: =IF(H6=0,"nd",IF(H6<SQG!$B$11,"< TEL",IF(H6<=SQG!$D$11,"TEL–PEL","> PEL"))) -> < TEL | I82: =IF(I6=0,"nd",IF(I6<SQG!$B$12,"< TEL",IF(I6<=SQG!$D$12,"TEL–PEL","> PEL"))) -> < TEL | J82: =IF(J6=0,"nd",IF(J6<SQG!$B$13,"< TEL",IF(J6<=SQG!$D$13,"TEL–PEL","> PEL"))) -> < TEL | K82: =IF(K6=0,"nd",IF(K6<SQG!$B$14,"< TEL",IF(K6<=SQG!$D$14,"TEL–PEL","> PEL"))) -> < TEL | L82: =IF(L6=0,"nd",IF(L6<SQG!$B$15,"< TEL",IF(L6<=SQG!$D$15,"TEL–PEL","> PEL"))) -> < TEL | M82: =IF(M6=0,"nd",IF(M6<SQG!$B$16,"< TEL",IF(M6<=SQG!$D$16,"TEL–PEL","> PEL"))) -> < TEL | N82: =IF(N6=0,"nd",IF(N6<SQG!$B$17,"< TEL",IF(N6<=SQG!$D$17,"TEL–PEL","> PEL"))) -> < TEL | O82: =IF(O6=0,"nd",IF(O6<SQG!$B$18,"< TEL",IF(O6<=SQG!$D$18,"TEL–PEL","> PEL"))) -> TEL–PEL
A83: Ekkhuliya | B83: =IF(B7=0,"nd",IF(B7<SQG!$B$5,"< TEL",IF(B7<=SQG!$D$5,"TEL–PEL","> PEL"))) -> < TEL | C83: =IF(C7=0,"nd",IF(C7<SQG!$B$6,"< TEL",IF(C7<=SQG!$D$6,"TEL–PEL","> PEL"))) -> TEL–PEL | D83: =IF(D7=0,"nd",IF(D7<SQG!$B$7,"< TEL",IF(D7<=SQG!$D$7,"TEL–PEL","> PEL"))) -> < TEL | E83: =IF(E7=0,"nd",IF(E7<SQG!$B$8,"< TEL",IF(E7<=SQG!$D$8,"TEL–PEL","> PEL"))) -> < TEL | F83: =IF(F7=0,"nd",IF(F7<SQG!$B$9,"< TEL",IF(F7<=SQG!$D$9,"TEL–PEL","> PEL"))) -> > PEL | G83: =IF(G7=0,"nd",IF(G7<SQG!$B$10,"< TEL",IF(G7<=SQG!$D$10,"TEL–PEL","> PEL"))) -> > PEL | H83: =IF(H7=0,"nd",IF(H7<SQG!$B$11,"< TEL",IF(H7<=SQG!$D$11,"TEL–PEL","> PEL"))) -> < TEL | I83: =IF(I7=0,"nd",IF(I7<SQG!$B$12,"< TEL",IF(I7<=SQG!$D$12,"TEL–PEL","> PEL"))) -> < TEL | J83: =IF(J7=0,"nd",IF(J7<SQG!$B$13,"< TEL",IF(J7<=SQG!$D$13,"TEL–PEL","> PEL"))) -> < TEL | K83: =IF(K7=0,"nd",IF(K7<SQG!$B$14,"< TEL",IF(K7<=SQG!$D$14,"TEL–PEL","> PEL"))) -> < TEL | L83: =IF(L7=0,"nd",IF(L7<SQG!$B$15,"< TEL",IF(L7<=SQG!$D$15,"TEL–PEL","> PEL"))) -> < TEL | M83: =IF(M7=0,"nd",IF(M7<SQG!$B$16,"< TEL",IF(M7<=SQG!$D$16,"TEL–PEL","> PEL"))) -> < TEL | N83: =IF(N7=0,"nd",IF(N7<SQG!$B$17,"< TEL",IF(N7<=SQG!$D$17,"TEL–PEL","> PEL"))) -> < TEL | O83: =IF(O7=0,"nd",IF(O7<SQG!$B$18,"< TEL",IF(O7<=SQG!$D$18,"TEL–PEL","> PEL"))) -> < TEL
A84: Nazirhat | B84: =IF(B8=0,"nd",IF(B8<SQG!$B$5,"< TEL",IF(B8<=SQG!$D$5,"TEL–PEL","> PEL"))) -> > PEL | C84: =IF(C8=0,"nd",IF(C8<SQG!$B$6,"< TEL",IF(C8<=SQG!$D$6,"TEL–PEL","> PEL"))) -> > PEL | D84: =IF(D8=0,"nd",IF(D8<SQG!$B$7,"< TEL",IF(D8<=SQG!$D$7,"TEL–PEL","> PEL"))) -> TEL–PEL | E84: =IF(E8=0,"nd",IF(E8<SQG!$B$8,"< TEL",IF(E8<=SQG!$D$8,"TEL–PEL","> PEL"))) -> > PEL | F84: =IF(F8=0,"nd",IF(F8<SQG!$B$9,"< TEL",IF(F8<=SQG!$D$9,"TEL–PEL","> PEL"))) -> > PEL | G84: =IF(G8=0,"nd",IF(G8<SQG!$B$10,"< TEL",IF(G8<=SQG!$D$10,"TEL–PEL","> PEL"))) -> > PEL | H84: =IF(H8=0,"nd",IF(H8<SQG!$B$11,"< TEL",IF(H8<=SQG!$D$11,"TEL–PEL","> PEL"))) -> TEL–PEL | I84: =IF(I8=0,"nd",IF(I8<SQG!$B$12,"< TEL",IF(I8<=SQG!$D$12,"TEL–PEL","> PEL"))) -> TEL–PEL | J84: =IF(J8=0,"nd",IF(J8<SQG!$B$13,"< TEL",IF(J8<=SQG!$D$13,"TEL–PEL","> PEL"))) -> > PEL | K84: =IF(K8=0,"nd",IF(K8<SQG!$B$14,"< TEL",IF(K8<=SQG!$D$14,"TEL–PEL","> PEL"))) -> TEL–PEL | L84: =IF(L8=0,"nd",IF(L8<SQG!$B$15,"< TEL",IF(L8<=SQG!$D$15,"TEL–PEL","> PEL"))) -> TEL–PEL | M84: =IF(M8=0,"nd",IF(M8<SQG!$B$16,"< TEL",IF(M8<=SQG!$D$16,"TEL–PEL","> PEL"))) -> > PEL | N84: =IF(N8=0,"nd",IF(N8<SQG!$B$17,"< TEL",IF(N8<=SQG!$D$17,"TEL–PEL","> PEL"))) -> > PEL | O84: =IF(O8=0,"nd",IF(O8<SQG!$B$18,"< TEL",IF(O8<=SQG!$D$18,"TEL–PEL","> PEL"))) -> > PEL
A85: Sekandar Para | B85: =IF(B9=0,"nd",IF(B9<SQG!$B$5,"< TEL",IF(B9<=SQG!$D$5,"TEL–PEL","> PEL"))) -> TEL–PEL | C85: =IF(C9=0,"nd",IF(C9<SQG!$B$6,"< TEL",IF(C9<=SQG!$D$6,"TEL–PEL","> PEL"))) -> > PEL | D85: =IF(D9=0,"nd",IF(D9<SQG!$B$7,"< TEL",IF(D9<=SQG!$D$7,"TEL–PEL","> PEL"))) -> < TEL | E85: =IF(E9=0,"nd",IF(E9<SQG!$B$8,"< TEL",IF(E9<=SQG!$D$8,"TEL–PEL","> PEL"))) -> TEL–PEL | F85: =IF(F9=0,"nd",IF(F9<SQG!$B$9,"< TEL",IF(F9<=SQG!$D$9,"TEL–PEL","> PEL"))) -> TEL–PEL | G85: =IF(G9=0,"nd",IF(G9<SQG!$B$10,"< TEL",IF(G9<=SQG!$D$10,"TEL–PEL","> PEL"))) -> > PEL | H85: =IF(H9=0,"nd",IF(H9<SQG!$B$11,"< TEL",IF(H9<=SQG!$D$11,"TEL–PEL","> PEL"))) -> < TEL | I85: =IF(I9=0,"nd",IF(I9<SQG!$B$12,"< TEL",IF(I9<=SQG!$D$12,"TEL–PEL","> PEL"))) -> TEL–PEL | J85: =IF(J9=0,"nd",IF(J9<SQG!$B$13,"< TEL",IF(J9<=SQG!$D$13,"TEL–PEL","> PEL"))) -> < TEL | K85: =IF(K9=0,"nd",IF(K9<SQG!$B$14,"< TEL",IF(K9<=SQG!$D$14,"TEL–PEL","> PEL"))) -> < TEL | L85: =IF(L9=0,"nd",IF(L9<SQG!$B$15,"< TEL",IF(L9<=SQG!$D$15,"TEL–PEL","> PEL"))) -> < TEL | M85: =IF(M9=0,"nd",IF(M9<SQG!$B$16,"< TEL",IF(M9<=SQG!$D$16,"TEL–PEL","> PEL"))) -> TEL–PEL | N85: =IF(N9=0,"nd",IF(N9<SQG!$B$17,"< TEL",IF(N9<=SQG!$D$17,"TEL–PEL","> PEL"))) -> < TEL | O85: =IF(O9=0,"nd",IF(O9<SQG!$B$18,"< TEL",IF(O9<=SQG!$D$18,"TEL–PEL","> PEL"))) -> < TEL
A86: Nichintapur | B86: =IF(B10=0,"nd",IF(B10<SQG!$B$5,"< TEL",IF(B10<=SQG!$D$5,"TEL–PEL","> PEL"))) -> > PEL | C86: =IF(C10=0,"nd",IF(C10<SQG!$B$6,"< TEL",IF(C10<=SQG!$D$6,"TEL–PEL","> PEL"))) -> > PEL | D86: =IF(D10=0,"nd",IF(D10<SQG!$B$7,"< TEL",IF(D10<=SQG!$D$7,"TEL–PEL","> PEL"))) -> TEL–PEL | E86: =IF(E10=0,"nd",IF(E10<SQG!$B$8,"< TEL",IF(E10<=SQG!$D$8,"TEL–PEL","> PEL"))) -> < TEL | F86: =IF(F10=0,"nd",IF(F10<SQG!$B$9,"< TEL",IF(F10<=SQG!$D$9,"TEL–PEL","> PEL"))) -> > PEL | G86: =IF(G10=0,"nd",IF(G10<SQG!$B$10,"< TEL",IF(G10<=SQG!$D$10,"TEL–PEL","> PEL"))) -> > PEL | H86: =IF(H10=0,"nd",IF(H10<SQG!$B$11,"< TEL",IF(H10<=SQG!$D$11,"TEL–PEL","> PEL"))) -> < TEL | I86: =IF(I10=0,"nd",IF(I10<SQG!$B$12,"< TEL",IF(I10<=SQG!$D$12,"TEL–PEL","> PEL"))) -> TEL–PEL | J86: =IF(J10=0,"nd",IF(J10<SQG!$B$13,"< TEL",IF(J10<=SQG!$D$13,"TEL–PEL","> PEL"))) -> < TEL | K86: =IF(K10=0,"nd",IF(K10<SQG!$B$14,"< TEL",IF(K10<=SQG!$D$14,"TEL–PEL","> PEL"))) -> < TEL | L86: =IF(L10=0,"nd",IF(L10<SQG!$B$15,"< TEL",IF(L10<=SQG!$D$15,"TEL–PEL","> PEL"))) -> < TEL | M86: =IF(M10=0,"nd",IF(M10<SQG!$B$16,"< TEL",IF(M10<=SQG!$D$16,"TEL–PEL","> PEL"))) -> < TEL | N86: =IF(N10=0,"nd",IF(N10<SQG!$B$17,"< TEL",IF(N10<=SQG!$D$17,"TEL–PEL","> PEL"))) -> TEL–PEL | O86: =IF(O10=0,"nd",IF(O10<SQG!$B$18,"< TEL",IF(O10<=SQG!$D$18,"TEL–PEL","> PEL"))) -> > PEL
A87: Nadimpur | B87: =IF(B11=0,"nd",IF(B11<SQG!$B$5,"< TEL",IF(B11<=SQG!$D$5,"TEL–PEL","> PEL"))) -> > PEL | C87: =IF(C11=0,"nd",IF(C11<SQG!$B$6,"< TEL",IF(C11<=SQG!$D$6,"TEL–PEL","> PEL"))) -> > PEL | D87: =IF(D11=0,"nd",IF(D11<SQG!$B$7,"< TEL",IF(D11<=SQG!$D$7,"TEL–PEL","> PEL"))) -> TEL–PEL | E87: =IF(E11=0,"nd",IF(E11<SQG!$B$8,"< TEL",IF(E11<=SQG!$D$8,"TEL–PEL","> PEL"))) -> TEL–PEL | F87: =IF(F11=0,"nd",IF(F11<SQG!$B$9,"< TEL",IF(F11<=SQG!$D$9,"TEL–PEL","> PEL"))) -> > PEL | G87: =IF(G11=0,"nd",IF(G11<SQG!$B$10,"< TEL",IF(G11<=SQG!$D$10,"TEL–PEL","> PEL"))) -> > PEL | H87: =IF(H11=0,"nd",IF(H11<SQG!$B$11,"< TEL",IF(H11<=SQG!$D$11,"TEL–PEL","> PEL"))) -> < TEL | I87: =IF(I11=0,"nd",IF(I11<SQG!$B$12,"< TEL",IF(I11<=SQG!$D$12,"TEL–PEL","> PEL"))) -> TEL–PEL | J87: =IF(J11=0,"nd",IF(J11<SQG!$B$13,"< TEL",IF(J11<=SQG!$D$13,"TEL–PEL","> PEL"))) -> < TEL | K87: =IF(K11=0,"nd",IF(K11<SQG!$B$14,"< TEL",IF(K11<=SQG!$D$14,"TEL–PEL","> PEL"))) -> TEL–PEL | L87: =IF(L11=0,"nd",IF(L11<SQG!$B$15,"< TEL",IF(L11<=SQG!$D$15,"TEL–PEL","> PEL"))) -> < TEL | M87: =IF(M11=0,"nd",IF(M11<SQG!$B$16,"< TEL",IF(M11<=SQG!$D$16,"TEL–PEL","> PEL"))) -> < TEL | N87: =IF(N11=0,"nd",IF(N11<SQG!$B$17,"< TEL",IF(N11<=SQG!$D$17,"TEL–PEL","> PEL"))) -> TEL–PEL | O87: =IF(O11=0,"nd",IF(O11<SQG!$B$18,"< TEL",IF(O11<=SQG!$D$18,"TEL–PEL","> PEL"))) -> > PEL
A88: West Binajuri | B88: =IF(B12=0,"nd",IF(B12<SQG!$B$5,"< TEL",IF(B12<=SQG!$D$5,"TEL–PEL","> PEL"))) -> > PEL | C88: =IF(C12=0,"nd",IF(C12<SQG!$B$6,"< TEL",IF(C12<=SQG!$D$6,"TEL–PEL","> PEL"))) -> > PEL | D88: =IF(D12=0,"nd",IF(D12<SQG!$B$7,"< TEL",IF(D12<=SQG!$D$7,"TEL–PEL","> PEL"))) -> < TEL | E88: =IF(E12=0,"nd",IF(E12<SQG!$B$8,"< TEL",IF(E12<=SQG!$D$8,"TEL–PEL","> PEL"))) -> TEL–PEL | F88: =IF(F12=0,"nd",IF(F12<SQG!$B$9,"< TEL",IF(F12<=SQG!$D$9,"TEL–PEL","> PEL"))) -> > PEL | G88: =IF(G12=0,"nd",IF(G12<SQG!$B$10,"< TEL",IF(G12<=SQG!$D$10,"TEL–PEL","> PEL"))) -> > PEL | H88: =IF(H12=0,"nd",IF(H12<SQG!$B$11,"< TEL",IF(H12<=SQG!$D$11,"TEL–PEL","> PEL"))) -> TEL–PEL | I88: =IF(I12=0,"nd",IF(I12<SQG!$B$12,"< TEL",IF(I12<=SQG!$D$12,"TEL–PEL","> PEL"))) -> TEL–PEL | J88: =IF(J12=0,"nd",IF(J12<SQG!$B$13,"< TEL",IF(J12<=SQG!$D$13,"TEL–PEL","> PEL"))) -> > PEL | K88: =IF(K12=0,"nd",IF(K12<SQG!$B$14,"< TEL",IF(K12<=SQG!$D$14,"TEL–PEL","> PEL"))) -> TEL–PEL | L88: =IF(L12=0,"nd",IF(L12<SQG!$B$15,"< TEL",IF(L12<=SQG!$D$15,"TEL–PEL","> PEL"))) -> < TEL | M88: =IF(M12=0,"nd",IF(M12<SQG!$B$16,"< TEL",IF(M12<=SQG!$D$16,"TEL–PEL","> PEL"))) -> TEL–PEL | N88: =IF(N12=0,"nd",IF(N12<SQG!$B$17,"< TEL",IF(N12<=SQG!$D$17,"TEL–PEL","> PEL"))) -> < TEL | O88: =IF(O12=0,"nd",IF(O12<SQG!$B$18,"< TEL",IF(O12<=SQG!$D$18,"TEL–PEL","> PEL"))) -> > PEL
A89: Napiter Ghona | B89: =IF(B13=0,"nd",IF(B13<SQG!$B$5,"< TEL",IF(B13<=SQG!$D$5,"TEL–PEL","> PEL"))) -> > PEL | C89: =IF(C13=0,"nd",IF(C13<SQG!$B$6,"< TEL",IF(C13<=SQG!$D$6,"TEL–PEL","> PEL"))) -> > PEL | D89: =IF(D13=0,"nd",IF(D13<SQG!$B$7,"< TEL",IF(D13<=SQG!$D$7,"TEL–PEL","> PEL"))) -> > PEL | E89: =IF(E13=0,"nd",IF(E13<SQG!$B$8,"< TEL",IF(E13<=SQG!$D$8,"TEL–PEL","> PEL"))) -> TEL–PEL | F89: =IF(F13=0,"nd",IF(F13<SQG!$B$9,"< TEL",IF(F13<=SQG!$D$9,"TEL–PEL","> PEL"))) -> > PEL | G89: =IF(G13=0,"nd",IF(G13<SQG!$B$10,"< TEL",IF(G13<=SQG!$D$10,"TEL–PEL","> PEL"))) -> > PEL | H89: =IF(H13=0,"nd",IF(H13<SQG!$B$11,"< TEL",IF(H13<=SQG!$D$11,"TEL–PEL","> PEL"))) -> < TEL | I89: =IF(I13=0,"nd",IF(I13<SQG!$B$12,"< TEL",IF(I13<=SQG!$D$12,"TEL–PEL","> PEL"))) -> TEL–PEL | J89: =IF(J13=0,"nd",IF(J13<SQG!$B$13,"< TEL",IF(J13<=SQG!$D$13,"TEL–PEL","> PEL"))) -> > PEL | K89: =IF(K13=0,"nd",IF(K13<SQG!$B$14,"< TEL",IF(K13<=SQG!$D$14,"TEL–PEL","> PEL"))) -> TEL–PEL | L89: =IF(L13=0,"nd",IF(L13<SQG!$B$15,"< TEL",IF(L13<=SQG!$D$15,"TEL–PEL","> PEL"))) -> TEL–PEL | M89: =IF(M13=0,"nd",IF(M13<SQG!$B$16,"< TEL",IF(M13<=SQG!$D$16,"TEL–PEL","> PEL"))) -> TEL–PEL | N89: =IF(N13=0,"nd",IF(N13<SQG!$B$17,"< TEL",IF(N13<=SQG!$D$17,"TEL–PEL","> PEL"))) -> > PEL | O89: =IF(O13=0,"nd",IF(O13<SQG!$B$18,"< TEL",IF(O13<=SQG!$D$18,"TEL–PEL","> PEL"))) -> > PEL
A90: Horekrishno Mohajoner Tek | B90: =IF(B14=0,"nd",IF(B14<SQG!$B$5,"< TEL",IF(B14<=SQG!$D$5,"TEL–PEL","> PEL"))) -> > PEL | C90: =IF(C14=0,"nd",IF(C14<SQG!$B$6,"< TEL",IF(C14<=SQG!$D$6,"TEL–PEL","> PEL"))) -> > PEL | D90: =IF(D14=0,"nd",IF(D14<SQG!$B$7,"< TEL",IF(D14<=SQG!$D$7,"TEL–PEL","> PEL"))) -> TEL–PEL | E90: =IF(E14=0,"nd",IF(E14<SQG!$B$8,"< TEL",IF(E14<=SQG!$D$8,"TEL–PEL","> PEL"))) -> > PEL | F90: =IF(F14=0,"nd",IF(F14<SQG!$B$9,"< TEL",IF(F14<=SQG!$D$9,"TEL–PEL","> PEL"))) -> > PEL | G90: =IF(G14=0,"nd",IF(G14<SQG!$B$10,"< TEL",IF(G14<=SQG!$D$10,"TEL–PEL","> PEL"))) -> > PEL | H90: =IF(H14=0,"nd",IF(H14<SQG!$B$11,"< TEL",IF(H14<=SQG!$D$11,"TEL–PEL","> PEL"))) -> TEL–PEL | I90: =IF(I14=0,"nd",IF(I14<SQG!$B$12,"< TEL",IF(I14<=SQG!$D$12,"TEL–PEL","> PEL"))) -> TEL–PEL | J90: =IF(J14=0,"nd",IF(J14<SQG!$B$13,"< TEL",IF(J14<=SQG!$D$13,"TEL–PEL","> PEL"))) -> > PEL | K90: =IF(K14=0,"nd",IF(K14<SQG!$B$14,"< TEL",IF(K14<=SQG!$D$14,"TEL–PEL","> PEL"))) -> TEL–PEL | L90: =IF(L14=0,"nd",IF(L14<SQG!$B$15,"< TEL",IF(L14<=SQG!$D$15,"TEL–PEL","> PEL"))) -> TEL–PEL | M90: =IF(M14=0,"nd",IF(M14<SQG!$B$16,"< TEL",IF(M14<=SQG!$D$16,"TEL–PEL","> PEL"))) -> TEL–PEL | N90: =IF(N14=0,"nd",IF(N14<SQG!$B$17,"< TEL",IF(N14<=SQG!$D$17,"TEL–PEL","> PEL"))) -> > PEL | O90: =IF(O14=0,"nd",IF(O14<SQG!$B$18,"< TEL",IF(O14<=SQG!$D$18,"TEL–PEL","> PEL"))) -> > PEL
A91: Chayar Char | B91: =IF(B15=0,"nd",IF(B15<SQG!$B$5,"< TEL",IF(B15<=SQG!$D$5,"TEL–PEL","> PEL"))) -> > PEL | C91: =IF(C15=0,"nd",IF(C15<SQG!$B$6,"< TEL",IF(C15<=SQG!$D$6,"TEL–PEL","> PEL"))) -> > PEL | D91: =IF(D15=0,"nd",IF(D15<SQG!$B$7,"< TEL",IF(D15<=SQG!$D$7,"TEL–PEL","> PEL"))) -> > PEL | E91: =IF(E15=0,"nd",IF(E15<SQG!$B$8,"< TEL",IF(E15<=SQG!$D$8,"TEL–PEL","> PEL"))) -> TEL–PEL | F91: =IF(F15=0,"nd",IF(F15<SQG!$B$9,"< TEL",IF(F15<=SQG!$D$9,"TEL–PEL","> PEL"))) -> > PEL | G91: =IF(G15=0,"nd",IF(G15<SQG!$B$10,"< TEL",IF(G15<=SQG!$D$10,"TEL–PEL","> PEL"))) -> > PEL | H91: =IF(H15=0,"nd",IF(H15<SQG!$B$11,"< TEL",IF(H15<=SQG!$D$11,"TEL–PEL","> PEL"))) -> TEL–PEL | I91: =IF(I15=0,"nd",IF(I15<SQG!$B$12,"< TEL",IF(I15<=SQG!$D$12,"TEL–PEL","> PEL"))) -> TEL–PEL | J91: =IF(J15=0,"nd",IF(J15<SQG!$B$13,"< TEL",IF(J15<=SQG!$D$13,"TEL–PEL","> PEL"))) -> > PEL | K91: =IF(K15=0,"nd",IF(K15<SQG!$B$14,"< TEL",IF(K15<=SQG!$D$14,"TEL–PEL","> PEL"))) -> TEL–PEL | L91: =IF(L15=0,"nd",IF(L15<SQG!$B$15,"< TEL",IF(L15<=SQG!$D$15,"TEL–PEL","> PEL"))) -> TEL–PEL | M91: =IF(M15=0,"nd",IF(M15<SQG!$B$16,"< TEL",IF(M15<=SQG!$D$16,"TEL–PEL","> PEL"))) -> > PEL | N91: =IF(N15=0,"nd",IF(N15<SQG!$B$17,"< TEL",IF(N15<=SQG!$D$17,"TEL–PEL","> PEL"))) -> > PEL | O91: =IF(O15=0,"nd",IF(O15<SQG!$B$18,"< TEL",IF(O15<=SQG!$D$18,"TEL–PEL","> PEL"))) -> > PEL
A92: Kalurghat | B92: =IF(B16=0,"nd",IF(B16<SQG!$B$5,"< TEL",IF(B16<=SQG!$D$5,"TEL–PEL","> PEL"))) -> > PEL | C92: =IF(C16=0,"nd",IF(C16<SQG!$B$6,"< TEL",IF(C16<=SQG!$D$6,"TEL–PEL","> PEL"))) -> > PEL | D92: =IF(D16=0,"nd",IF(D16<SQG!$B$7,"< TEL",IF(D16<=SQG!$D$7,"TEL–PEL","> PEL"))) -> > PEL | E92: =IF(E16=0,"nd",IF(E16<SQG!$B$8,"< TEL",IF(E16<=SQG!$D$8,"TEL–PEL","> PEL"))) -> > PEL | F92: =IF(F16=0,"nd",IF(F16<SQG!$B$9,"< TEL",IF(F16<=SQG!$D$9,"TEL–PEL","> PEL"))) -> > PEL | G92: =IF(G16=0,"nd",IF(G16<SQG!$B$10,"< TEL",IF(G16<=SQG!$D$10,"TEL–PEL","> PEL"))) -> > PEL | H92: =IF(H16=0,"nd",IF(H16<SQG!$B$11,"< TEL",IF(H16<=SQG!$D$11,"TEL–PEL","> PEL"))) -> TEL–PEL | I92: =IF(I16=0,"nd",IF(I16<SQG!$B$12,"< TEL",IF(I16<=SQG!$D$12,"TEL–PEL","> PEL"))) -> TEL–PEL | J92: =IF(J16=0,"nd",IF(J16<SQG!$B$13,"< TEL",IF(J16<=SQG!$D$13,"TEL–PEL","> PEL"))) -> > PEL | K92: =IF(K16=0,"nd",IF(K16<SQG!$B$14,"< TEL",IF(K16<=SQG!$D$14,"TEL–PEL","> PEL"))) -> TEL–PEL | L92: =IF(L16=0,"nd",IF(L16<SQG!$B$15,"< TEL",IF(L16<=SQG!$D$15,"TEL–PEL","> PEL"))) -> TEL–PEL | M92: =IF(M16=0,"nd",IF(M16<SQG!$B$16,"< TEL",IF(M16<=SQG!$D$16,"TEL–PEL","> PEL"))) -> > PEL | N92: =IF(N16=0,"nd",IF(N16<SQG!$B$17,"< TEL",IF(N16<=SQG!$D$17,"TEL–PEL","> PEL"))) -> > PEL | O92: =IF(O16=0,"nd",IF(O16<SQG!$B$18,"< TEL",IF(O16<=SQG!$D$18,"TEL–PEL","> PEL"))) -> > PEL
A93: Up-stream | B93: =IF(B17=0,"nd",IF(B17<SQG!$B$5,"< TEL",IF(B17<=SQG!$D$5,"TEL–PEL","> PEL"))) -> TEL–PEL | C93: =IF(C17=0,"nd",IF(C17<SQG!$B$6,"< TEL",IF(C17<=SQG!$D$6,"TEL–PEL","> PEL"))) -> > PEL | D93: =IF(D17=0,"nd",IF(D17<SQG!$B$7,"< TEL",IF(D17<=SQG!$D$7,"TEL–PEL","> PEL"))) -> TEL–PEL | E93: =IF(E17=0,"nd",IF(E17<SQG!$B$8,"< TEL",IF(E17<=SQG!$D$8,"TEL–PEL","> PEL"))) -> TEL–PEL | F93: =IF(F17=0,"nd",IF(F17<SQG!$B$9,"< TEL",IF(F17<=SQG!$D$9,"TEL–PEL","> PEL"))) -> > PEL | G93: =IF(G17=0,"nd",IF(G17<SQG!$B$10,"< TEL",IF(G17<=SQG!$D$10,"TEL–PEL","> PEL"))) -> > PEL | H93: =IF(H17=0,"nd",IF(H17<SQG!$B$11,"< TEL",IF(H17<=SQG!$D$11,"TEL–PEL","> PEL"))) -> < TEL | I93: =IF(I17=0,"nd",IF(I17<SQG!$B$12,"< TEL",IF(I17<=SQG!$D$12,"TEL–PEL","> PEL"))) -> TEL–PEL | J93: =IF(J17=0,"nd",IF(J17<SQG!$B$13,"< TEL",IF(J17<=SQG!$D$13,"TEL–PEL","> PEL"))) -> > PEL | K93: =IF(K17=0,"nd",IF(K17<SQG!$B$14,"< TEL",IF(K17<=SQG!$D$14,"TEL–PEL","> PEL"))) -> < TEL | L93: =IF(L17=0,"nd",IF(L17<SQG!$B$15,"< TEL",IF(L17<=SQG!$D$15,"TEL–PEL","> PEL"))) -> < TEL | M93: =IF(M17=0,"nd",IF(M17<SQG!$B$16,"< TEL",IF(M17<=SQG!$D$16,"TEL–PEL","> PEL"))) -> TEL–PEL | N93: =IF(N17=0,"nd",IF(N17<SQG!$B$17,"< TEL",IF(N17<=SQG!$D$17,"TEL–PEL","> PEL"))) -> TEL–PEL | O93: =IF(O17=0,"nd",IF(O17<SQG!$B$18,"< TEL",IF(O17<=SQG!$D$18,"TEL–PEL","> PEL"))) -> > PEL
... A96: Overall | B96: =IF(B20=0,"nd",IF(B20<SQG!$B$5,"< TEL",IF(B20<=SQG!$D$5,"TEL–PEL","> PEL"))) -> > PEL | C96: =IF(C20=0,"nd",IF(C20<SQG!$B$6,"< TEL",IF(C20<=SQG!$D$6,"TEL–PEL","> PEL"))) -> > PEL | D96: =IF(D20=0,"nd",IF(D20<SQG!$B$7,"< TEL",IF(D20<=SQG!$D$7,"TEL–PEL","> PEL"))) -> TEL–PEL | E96: =IF(E20=0,"nd",IF(E20<SQG!$B$8,"< TEL",IF(E20<=SQG!$D$8,"TEL–PEL","> PEL"))) -> TEL–PEL | F96: =IF(F20=0,"nd",IF(F20<SQG!$B$9,"< TEL",IF(F20<=SQG!$D$9,"TEL–PEL","> PEL"))) -> > PEL | G96: =IF(G20=0,"nd",IF(G20<SQG!$B$10,"< TEL",IF(G20<=SQG!$D$10,"TEL–PEL","> PEL"))) -> > PEL | H96: =IF(H20=0,"nd",IF(H20<SQG!$B$11,"< TEL",IF(H20<=SQG!$D$11,"TEL–PEL","> PEL"))) -> < TEL | I96: =IF(I20=0,"nd",IF(I20<SQG!$B$12,"< TEL",IF(I20<=SQG!$D$12,"TEL–PEL","> PEL"))) -> TEL–PEL | J96: =IF(J20=0,"nd",IF(J20<SQG!$B$13,"< TEL",IF(J20<=SQG!$D$13,"TEL–PEL","> PEL"))) -> > PEL | K96: =IF(K20=0,"nd",IF(K20<SQG!$B$14,"< TEL",IF(K20<=SQG!$D$14,"TEL–PEL","> PEL"))) -> TEL–PEL | L96: =IF(L20=0,"nd",IF(L20<SQG!$B$15,"< TEL",IF(L20<=SQG!$D$15,"TEL–PEL","> PEL"))) -> TEL–PEL | M96: =IF(M20=0,"nd",IF(M20<SQG!$B$16,"< TEL",IF(M20<=SQG!$D$16,"TEL–PEL","> PEL"))) -> TEL–PEL | N96: =IF(N20=0,"nd",IF(N20<SQG!$B$17,"< TEL",IF(N20<=SQG!$D$17,"TEL–PEL","> PEL"))) -> > PEL | O96: =IF(O20=0,"nd",IF(O20<SQG!$B$18,"< TEL",IF(O20<=SQG!$D$18,"TEL–PEL","> PEL"))) -> > PEL
A99: F. Per-compound exceedance frequency across the 33 individual samples
A100: Compound | B100: TEL | C100: PEL | D100: n > TEL | E100: % samples > TEL | F100: n > PEL | G100: % samples > PEL
A101: o,p'-DDT | B101: =SQG!$B$5 -> 1.19 | C101: =SQG!$D$5 -> 4.77 | D101: =COUNTIF('Raw Data'!D$5:D$37,">"&B101) -> 30 | E101: =D101/COUNT('Raw Data'!D$5:D$37)*100 -> 90.909091 | F101: =COUNTIF('Raw Data'!D$5:D$37,">"&C101) -> 25 | G101: =F101/COUNT('Raw Data'!D$5:D$37)*100 -> 75.757576
A102: p,p'-DDT | B102: =SQG!$B$6 -> 1.19 | C102: =SQG!$D$6 -> 4.77 | D102: =COUNTIF('Raw Data'!E$5:E$37,">"&B102) -> 33 | E102: =D102/COUNT('Raw Data'!E$5:E$37)*100 -> 100 | F102: =COUNTIF('Raw Data'!E$5:E$37,">"&C102) -> 31 | G102: =F102/COUNT('Raw Data'!E$5:E$37)*100 -> 93.939394
A103: o,p'-DDD | B103: =SQG!$B$7 -> 3.54 | C103: =SQG!$D$7 -> 8.51 | D103: =COUNTIF('Raw Data'!F$5:F$37,">"&B103) -> 21 | E103: =D103/COUNT('Raw Data'!F$5:F$37)*100 -> 63.636364 | F103: =COUNTIF('Raw Data'!F$5:F$37,">"&C103) -> 7 | G103: =F103/COUNT('Raw Data'!F$5:F$37)*100 -> 21.212121
A104: p,p'-DDD | B104: =SQG!$B$8 -> 3.54 | C104: =SQG!$D$8 -> 8.51 | D104: =COUNTIF('Raw Data'!G$5:G$37,">"&B104) -> 27 | E104: =D104/COUNT('Raw Data'!G$5:G$37)*100 -> 81.818182 | F104: =COUNTIF('Raw Data'!G$5:G$37,">"&C104) -> 7 | G104: =F104/COUNT('Raw Data'!G$5:G$37)*100 -> 21.212121
A105: o,p'-DDE | B105: =SQG!$B$9 -> 1.42 | C105: =SQG!$D$9 -> 6.75 | D105: =COUNTIF('Raw Data'!H$5:H$37,">"&B105) -> 33 | E105: =D105/COUNT('Raw Data'!H$5:H$37)*100 -> 100 | F105: =COUNTIF('Raw Data'!H$5:H$37,">"&C105) -> 30 | G105: =F105/COUNT('Raw Data'!H$5:H$37)*100 -> 90.909091
A106: p,p'-DDE | B106: =SQG!$B$10 -> 1.42 | C106: =SQG!$D$10 -> 6.75 | D106: =COUNTIF('Raw Data'!I$5:I$37,">"&B106) -> 33 | E106: =D106/COUNT('Raw Data'!I$5:I$37)*100 -> 100 | F106: =COUNTIF('Raw Data'!I$5:I$37,">"&C106) -> 33 | G106: =F106/COUNT('Raw Data'!I$5:I$37)*100 -> 100
A107: α-HCH | B107: =SQG!$B$11 -> 6 | C107: =SQG!$D$11 -> 100 | D107: =COUNTIF('Raw Data'!J$5:J$37,">"&B107) -> 16 | E107: =D107/COUNT('Raw Data'!J$5:J$37)*100 -> 48.484848 | F107: =COUNTIF('Raw Data'!J$5:J$37,">"&C107) -> 0 | G107: =F107/COUNT('Raw Data'!J$5:J$37)*100 -> 0
A108: β-HCH | B108: =SQG!$B$12 -> 5 | C108: =SQG!$D$12 -> 210 | D108: =COUNTIF('Raw Data'!K$5:K$37,">"&B108) -> 28 | E108: =D108/COUNT('Raw Data'!K$5:K$37)*100 -> 84.848485 | F108: =COUNTIF('Raw Data'!K$5:K$37,">"&C108) -> 0 | G108: =F108/COUNT('Raw Data'!K$5:K$37)*100 -> 0
A109: γ-HCH (Lindane) | B109: =SQG!$B$13 -> 0.94 | C109: =SQG!$D$13 -> 1.38 | D109: =COUNTIF('Raw Data'!L$5:L$37,">"&B109) -> 17 | E109: =D109/COUNT('Raw Data'!L$5:L$37)*100 -> 51.515152 | F109: =COUNTIF('Raw Data'!L$5:L$37,">"&C109) -> 17 | G109: =F109/COUNT('Raw Data'!L$5:L$37)*100 -> 51.515152
A110: δ-HCH | B110: =SQG!$B$14 -> 3 | C110: =SQG!$D$14 -> 120 | D110: =COUNTIF('Raw Data'!M$5:M$37,">"&B110) -> 22 | E110: =D110/COUNT('Raw Data'!M$5:M$37)*100 -> 66.666667 | F110: =COUNTIF('Raw Data'!M$5:M$37,">"&C110) -> 0 | G110: =F110/COUNT('Raw Data'!M$5:M$37)*100 -> 0
A111: Aldrin | B111: =SQG!$B$15 -> 2 | C111: =SQG!$D$15 -> 80 | D111: =COUNTIF('Raw Data'!N$5:N$37,">"&B111) -> 16 | E111: =D111/COUNT('Raw Data'!N$5:N$37)*100 -> 48.484848 | F111: =COUNTIF('Raw Data'!N$5:N$37,">"&C111) -> 0 | G111: =F111/COUNT('Raw Data'!N$5:N$37)*100 -> 0
A112: Dieldrin | B112: =SQG!$B$16 -> 2.85 | C112: =SQG!$D$16 -> 6.67 | D112: =COUNTIF('Raw Data'!O$5:O$37,">"&B112) -> 20 | E112: =D112/COUNT('Raw Data'!O$5:O$37)*100 -> 60.606061 | F112: =COUNTIF('Raw Data'!O$5:O$37,">"&C112) -> 7 | G112: =F112/COUNT('Raw Data'!O$5:O$37)*100 -> 21.212121
A113: Heptachlor | B113: =SQG!$B$17 -> 0.6 | C113: =SQG!$D$17 -> 2.74 | D113: =COUNTIF('Raw Data'!P$5:P$37,">"&B113) -> 18 | E113: =D113/COUNT('Raw Data'!P$5:P$37)*100 -> 54.545455 | F113: =COUNTIF('Raw Data'!P$5:P$37,">"&C113) -> 13 | G113: =F113/COUNT('Raw Data'!P$5:P$37)*100 -> 39.393939
A114: Heptachlor epoxide | B114: =SQG!$B$18 -> 0.6 | C114: =SQG!$D$18 -> 2.74 | D114: =COUNTIF('Raw Data'!Q$5:Q$37,">"&B114) -> 27 | E114: =D114/COUNT('Raw Data'!Q$5:Q$37)*100 -> 81.818182 | F114: =COUNTIF('Raw Data'!Q$5:Q$37,">"&C114) -> 23 | G114: =F114/COUNT('Raw Data'!Q$5:Q$37)*100 -> 69.69697
A117: G. Class sums vs guidelines (ΣDDT vs consensus TEC/PEC; ΣHCH vs Ontario LEL/SEL)
A118: Group | B118: ΣDDT (µg/kg) | C118: RQ ΣDDT (C/TEC) | D118: RQ-PEC ΣDDT | E118: ΣHCH (µg/kg) | F118: RQ ΣHCH (C/LEL) | G118: RQ-SEL ΣHCH
A119: Bhujpur Dam | B119: ='Group Means'!Q5 -> 35.777667 | C119: =B119/SQG!$B$21 -> 6.7760732 | D119: =B119/SQG!$D$21 -> 0.062548368 | E119: ='Group Means'!R5 -> 8.5163333 | F119: =E119/SQG!$B$22 -> 2.8387778 | G119: =E119/SQG!$D$22 -> 0.070969444
A120: Ekkhuliya | B120: ='Group Means'!Q6 -> 21.773 | C120: =B120/SQG!$B$21 -> 4.1236742 | D120: =B120/SQG!$D$21 -> 0.038064685 | E120: ='Group Means'!R6 -> 2.485 | F120: =E120/SQG!$B$22 -> 0.82833333 | G120: =E120/SQG!$D$22 -> 0.020708333
A121: Nazirhat | B121: ='Group Means'!Q7 -> 62.71 | C121: =B121/SQG!$B$21 -> 11.876894 | D121: =B121/SQG!$D$21 -> 0.10963287 | E121: ='Group Means'!R7 -> 29.983333 | F121: =E121/SQG!$B$22 -> 9.9944444 | G121: =E121/SQG!$D$22 -> 0.24986111
A122: Sekandar Para | B122: ='Group Means'!Q8 -> 35.932333 | C122: =B122/SQG!$B$21 -> 6.8053662 | D122: =B122/SQG!$D$21 -> 0.062818765 | E122: ='Group Means'!R8 -> 10.205333 | F122: =E122/SQG!$B$22 -> 3.4017778 | G122: =E122/SQG!$D$22 -> 0.085044444
A123: Nichintapur | B123: ='Group Means'!Q9 -> 49.420667 | C123: =B123/SQG!$B$21 -> 9.3599747 | D123: =B123/SQG!$D$21 -> 0.086399767 | E123: ='Group Means'!R9 -> 15.384333 | F123: =E123/SQG!$B$22 -> 5.1281111 | G123: =E123/SQG!$D$22 -> 0.12820278
...

Sheet Parameters
A1: Human-health exposure parameters (USEPA 1989, 2004, 2011) — editable inputs
A4: Parameter | B4: Symbol | C4: Adult | D4: Child | E4: Unit | F4: Source / basis
A5: Body weight | B5: BW | C5: 70 | D5: 15 | E5: kg | F5: USEPA Exposure Factors Handbook (2011); as in fish chapter
A6: Sediment ingestion rate | B6: IngR | C6: 100 | D6: 200 | E6: mg/day | F6: USEPA (1989, 2011) default incidental soil/sediment ingestion
A7: Exposed skin surface area | B7: SA | C7: 5700 | D7: 2800 | E7: cm² | F7: USEPA RAGS Part E (2004)
A8: Adherence factor | B8: AF | C8: 0.07 | D8: 0.2 | E8: mg/cm² | F8: USEPA RAGS Part E (2004)
A9: Exposure frequency | B9: EF | C9: 350 | D9: 350 | E9: days/yr | F9: USEPA (1989) residential default
A10: Exposure duration | B10: ED | C10: 70 | D10: 6 | E10: yr | F10: Lifetime / childhood, as in fish chapter
A11: Conversion factor | B11: CF | C11: 1e-06 | D11: 1e-06 | E11: kg/mg | F11: —
A12: Lifetime for carcinogenic averaging | B12: LT | C12: 70 | D12: 70 | E12: yr | F12: USEPA (1989)
A13: Averaging time, non-carcinogenic | B13: AT_nc | C13: =C10*365 -> 25550 | D13: =D10*365 -> 2190 | E13: days | F13: ED × 365
A14: Averaging time, carcinogenic | B14: AT_c | C14: =C12*365 -> 25550 | D14: =D12*365 -> 25550 | E14: days | F14: LT × 365
A15: Ingestion factor, non-carc = IngR×EF×ED×CF/(BW×AT_nc) | B15: IF_nc | C15: =C6*C9*C10*C11/(C5*C13) -> 1.369863e-06 | D15: =D6*D9*D10*D11/(D5*D13) -> 1.2785388e-05 | E15: kg sediment / kg BW / day
A16: Dermal factor, non-carc = SA×AF×EF×ED×CF/(BW×AT_nc) (× ABS per compound) | B16: DF_nc | C16: =C7*C8*C9*C10*C11/(C5*C13) -> 5.4657534e-06 | D16: =D7*D8*D9*D10*D11/(D5*D13) -> 3.5799087e-05 | E16: kg sediment / kg BW / day
A17: Ingestion factor, carc = IngR×EF×ED×CF/(BW×AT_c) | B17: IF_c | C17: =C6*C9*C10*C11/(C5*C14) -> 1.369863e-06 | D17: =D6*D9*D10*D11/(D5*D14) -> 1.0958904e-06 | E17: kg sediment / kg BW / day
A18: Dermal factor, carc = SA×AF×EF×ED×CF/(BW×AT_c) (× ABS per compound) | B18: DF_c | C18: =C7*C8*C9*C10*C11/(C5*C14) -> 5.4657534e-06 | D18: =D7*D8*D9*D10*D11/(D5*D14) -> 3.0684932e-06 | E18: kg sediment / kg BW / day
A20: Units check: C [mg/kg] × factor [kg/kg-day] = CDI [mg/kg-day]. Concentrations on the Group Means sheet are µg/kg and are divided by 1000 on the Health Risk sheet.

Sheet Toxicity
A1: Toxicity values — editable inputs
A2: RfD = oral chronic reference dose (mg/kg-day); CSF = oral cancer slope factor (mg/kg-day)^-1; ABS = dermal absorption fraction (USEPA RAGS Part E, 2004). Blank CSF = not classified (no cancer risk computed).
A4: Compound | B4: RfD (mg/kg-day) | C4: CSF (mg/kg-day)^-1 | D4: ABS (–) | E4: Basis
A5: o,p'-DDT | B5: 0.0005 | C5: 0.34 | D5: 0.03 | E5: USEPA IRIS (DDT)
A6: p,p'-DDT | B6: 0.0005 | C6: 0.34 | D6: 0.03 | E6: USEPA IRIS (DDT)
A7: o,p'-DDD | B7: 0.0005 | C7: 0.34 | D7: 0.03 | E7: Surrogate: DDT (IRIS)
A8: p,p'-DDD | B8: 0.0005 | C8: 0.34 | D8: 0.03 | E8: Surrogate: DDT (IRIS)
A9: o,p'-DDE | B9: 0.0005 | C9: 0.34 | D9: 0.03 | E9: Surrogate: DDT (IRIS)
A10: p,p'-DDE | B10: 0.0005 | C10: 0.34 | D10: 0.03 | E10: Surrogate: DDT (IRIS)
A11: α-HCH | B11: 0.0003 | C11: 6.3 | D11: 0.04 | E11: RfD surrogate γ-HCH (IRIS); CSF IRIS/Cal-EPA
A12: β-HCH | B12: 0.0003 | C12: 1.8 | D12: 0.04 | E12: RfD surrogate γ-HCH (IRIS); CSF Cal-EPA
A13: γ-HCH (Lindane) | B13: 0.0003 | C13: 1.3 | D13: 0.04 | E13: USEPA IRIS
A14: δ-HCH | B14: 0.0003 | D14: 0.04 | E14: RfD surrogate γ-HCH; CSF not classified
A15: Aldrin | B15: 3e-05 | C15: 17 | D15: 0.1 | E15: USEPA IRIS
A16: Dieldrin | B16: 5e-05 | C16: 16 | D16: 0.1 | E16: USEPA IRIS
A17: Heptachlor | B17: 0.0005 | C17: 4.5 | D17: 0.1 | E17: USEPA IRIS
A18: Heptachlor epoxide | B18: 1.3e-05 | C18: 9.1 | D18: 0.1 | E18: USEPA IRIS

Sheet Health Risk
A1: Human health risk from incidental ingestion and dermal contact with sediment
A2: C (mg/kg) = Group Means (µg/kg) / 1000. Factors IF/DF from the Parameters sheet; RfD, CSF, ABS from the Toxicity sheet.
A4: Adult — CDI ingestion, non-carcinogenic (mg/kg-day)
A5: Group | B5: o,p'-DDT | C5: p,p'-DDT | D5: o,p'-DDD | E5: p,p'-DDD | F5: o,p'-DDE | G5: p,p'-DDE | H5: α-HCH | I5: β-HCH | J5: γ-HCH (Lindane) | K5: δ-HCH | L5: Aldrin | M5: Dieldrin | N5: Heptachlor | O5: Heptachlor epoxide
A6: Bhujpur Dam | B6: ='Group Means'!C5/1000*Parameters!$C$15 -> 3.8283105e-09 | C6: ='Group Means'!D5/1000*Parameters!$C$15 -> 8.7826484e-09 | D6: ='Group Means'!E5/1000*Parameters!$C$15 -> 5.1817352e-09 | E6: ='Group Means'!F5/1000*Parameters!$C$15 -> 5.1817352e-09 | F6: ='Group Means'!G5/1000*Parameters!$C$15 -> 1.1126941e-08 | G6: ='Group Means'!H5/1000*Parameters!$C$15 -> 1.4909132e-08 | H6: ='Group Means'!I5/1000*Parameters!$C$15 -> 3.4666667e-09 | I6: ='Group Means'!J5/1000*Parameters!$C$15 -> 6.8296804e-09 | ... O6: ='Group Means'!P5/1000*Parameters!$C$15 -> 3.0232877e-09
A7: Ekkhuliya | B7: ='Group Means'!C6/1000*Parameters!$C$15 -> 6.8493151e-10 | C7: ='Group Means'!D6/1000*Parameters!$C$15 -> 6.4054795e-09 | D7: ='Group Means'!E6/1000*Parameters!$C$15 -> 6.8493151e-10 | E7: ='Group Means'!F6/1000*Parameters!$C$15 -> 6.8493151e-10 | F7: ='Group Means'!G6/1000*Parameters!$C$15 -> 9.947032e-09 | G7: ='Group Means'!H6/1000*Parameters!$C$15 -> 1.1418721e-08 | H7: ='Group Means'!I6/1000*Parameters!$C$15 -> 6.8493151e-10 | I7: ='Group Means'!J6/1000*Parameters!$C$15 -> 1.3493151e-09 | ... O7: ='Group Means'!P6/1000*Parameters!$C$15 -> 6.8493151e-10
A8: Nazirhat | B8: ='Group Means'!C7/1000*Parameters!$C$15 -> 1.0358447e-08 | C8: ='Group Means'!D7/1000*Parameters!$C$15 -> 1.587032e-08 | D8: ='Group Means'!E7/1000*Parameters!$C$15 -> 9.6105023e-09 | E8: ='Group Means'!F7/1000*Parameters!$C$15 -> 1.1798174e-08 | F8: ='Group Means'!G7/1000*Parameters!$C$15 -> 1.2636073e-08 | G8: ='Group Means'!H7/1000*Parameters!$C$15 -> 2.5630594e-08 | H8: ='Group Means'!I7/1000*Parameters!$C$15 -> 1.0153425e-08 | I8: ='Group Means'!J7/1000*Parameters!$C$15 -> 2.000274e-08 | ... O8: ='Group Means'!P7/1000*Parameters!$C$15 -> 1.3092237e-08
A9: Sekandar Para | B9: ='Group Means'!C8/1000*Parameters!$C$15 -> 5.8876712e-09 | C9: ='Group Means'!D8/1000*Parameters!$C$15 -> 8.3876712e-09 | D9: ='Group Means'!E8/1000*Parameters!$C$15 -> 6.8493151e-10 | E9: ='Group Means'!F8/1000*Parameters!$C$15 -> 7.4840183e-09 | F9: ='Group Means'!G8/1000*Parameters!$C$15 -> 8.969863e-09 | G9: ='Group Means'!H8/1000*Parameters!$C$15 -> 1.7808219e-08 | H9: ='Group Means'!I8/1000*Parameters!$C$15 -> 4.2461187e-09 | I9: ='Group Means'!J8/1000*Parameters!$C$15 -> 8.3639269e-09 | ... O9: ='Group Means'!P8/1000*Parameters!$C$15 -> 6.8493151e-10
A10: Nichintapur | B10: ='Group Means'!C9/1000*Parameters!$C$15 -> 8.2940639e-09 | C10: ='Group Means'!D9/1000*Parameters!$C$15 -> 1.1885388e-08 | D10: ='Group Means'!E9/1000*Parameters!$C$15 -> 6.8753425e-09 | E10: ='Group Means'!F9/1000*Parameters!$C$15 -> 4.6474886e-09 | F10: ='Group Means'!G9/1000*Parameters!$C$15 -> 1.0120548e-08 | G10: ='Group Means'!H9/1000*Parameters!$C$15 -> 2.5876712e-08 | H10: ='Group Means'!I9/1000*Parameters!$C$15 -> 5.4936073e-09 | I10: ='Group Means'!J9/1000*Parameters!$C$15 -> 1.0822374e-08 | ... O10: ='Group Means'!P9/1000*Parameters!$C$15 -> 5.2004566e-09
A11: Nadimpur | B11: ='Group Means'!C10/1000*Parameters!$C$15 -> 9.0378995e-09 | C11: ='Group Means'!D10/1000*Parameters!$C$15 -> 1.243242e-08 | D11: ='Group Means'!E10/1000*Parameters!$C$15 -> 8.0260274e-09 | E11: ='Group Means'!F10/1000*Parameters!$C$15 -> 6.509589e-09 | F11: ='Group Means'!G10/1000*Parameters!$C$15 -> 1.0468493e-08 | G11: ='Group Means'!H10/1000*Parameters!$C$15 -> 2.7879452e-08 | H11: ='Group Means'!I10/1000*Parameters!$C$15 -> 7.2707763e-09 | I11: ='Group Means'!J10/1000*Parameters!$C$15 -> 1.4414612e-08 | ... O11: ='Group Means'!P10/1000*Parameters!$C$15 -> 4.8442922e-09
A12: West Binajuri | B12: ='Group Means'!C11/1000*Parameters!$C$15 -> 1.143653e-08 | C12: ='Group Means'!D11/1000*Parameters!$C$15 -> 1.2218721e-08 | D12: ='Group Means'!E11/1000*Parameters!$C$15 -> 6.8493151e-10 | E12: ='Group Means'!F11/1000*Parameters!$C$15 -> 6.8803653e-09 | F12: ='Group Means'!G11/1000*Parameters!$C$15 -> 1.0409589e-08 | G12: ='Group Means'!H11/1000*Parameters!$C$15 -> 2.723379e-08 | H12: ='Group Means'!I11/1000*Parameters!$C$15 -> 9.3e-09 | I12: ='Group Means'!J11/1000*Parameters!$C$15 -> 1.8321005e-08 | ... O12: ='Group Means'!P11/1000*Parameters!$C$15 -> 4.3447489e-09
A13: Napiter Ghona | B13: ='Group Means'!C12/1000*Parameters!$C$15 -> 1.2626484e-08 | C13: ='Group Means'!D12/1000*Parameters!$C$15 -> 1.1940639e-08 | D13: ='Group Means'!E12/1000*Parameters!$C$15 -> 1.1668037e-08 | E13: ='Group Means'!F12/1000*Parameters!$C$15 -> 7.026484e-09 | F13: ='Group Means'!G12/1000*Parameters!$C$15 -> 1.1138356e-08 | G13: ='Group Means'!H12/1000*Parameters!$C$15 -> 2.8692694e-08 | H13: ='Group Means'!I12/1000*Parameters!$C$15 -> 7.9995434e-09 | I13: ='Group Means'!J12/1000*Parameters!$C$15 -> 1.5758447e-08 | ... O13: ='Group Means'!P12/1000*Parameters!$C$15 -> 7.8538813e-09
A14: Horekrishno Mohajoner Tek | B14: ='Group Means'!C13/1000*Parameters!$C$15 -> 1.2953425e-08 | C14: ='Group Means'!D13/1000*Parameters!$C$15 -> 1.3746119e-08 | D14: ='Group Means'!E13/1000*Parameters!$C$15 -> 8.7479452e-09 | E14: ='Group Means'!F13/1000*Parameters!$C$15 -> 1.186484e-08 | F14: ='Group Means'!G13/1000*Parameters!$C$15 -> 1.2685845e-08 | G14: ='Group Means'!H13/1000*Parameters!$C$15 -> 2.9082192e-08 | H14: ='Group Means'!I13/1000*Parameters!$C$15 -> 1.0218265e-08 | I14: ='Group Means'!J13/1000*Parameters!$C$15 -> 2.013105e-08 | ... O14: ='Group Means'!P13/1000*Parameters!$C$15 -> 7.4068493e-09
A15: Chayar Char | B15: ='Group Means'!C14/1000*Parameters!$C$15 -> 1.3676712e-08 | C15: ='Group Means'!D14/1000*Parameters!$C$15 -> 1.8059817e-08 | D15: ='Group Means'!E14/1000*Parameters!$C$15 -> 1.2559361e-08 | E15: ='Group Means'!F14/1000*Parameters!$C$15 -> 8.9383562e-09 | F15: ='Group Means'!G14/1000*Parameters!$C$15 -> 1.25621e-08 | G15: ='Group Means'!H14/1000*Parameters!$C$15 -> 3.2778995e-08 | H15: ='Group Means'!I14/1000*Parameters!$C$15 -> 9.226484e-09 | I15: ='Group Means'!J14/1000*Parameters!$C$15 -> 1.8268037e-08 | ... O15: ='Group Means'!P14/1000*Parameters!$C$15 -> 1.1287671e-08
A16: Kalurghat | B16: ='Group Means'!C15/1000*Parameters!$C$15 -> 1.6610502e-08 | C16: ='Group Means'!D15/1000*Parameters!$C$15 -> 1.8976712e-08 | D16: ='Group Means'!E15/1000*Parameters!$C$15 -> 1.5772603e-08 | E16: ='Group Means'!F15/1000*Parameters!$C$15 -> 1.2755708e-08 | F16: ='Group Means'!G15/1000*Parameters!$C$15 -> 1.5620091e-08 | G16: ='Group Means'!H15/1000*Parameters!$C$15 -> 4.1031963e-08 | H16: ='Group Means'!I15/1000*Parameters!$C$15 -> 1.1522374e-08 | I16: ='Group Means'!J15/1000*Parameters!$C$15 -> 2.2744749e-08 | ... O16: ='Group Means'!P15/1000*Parameters!$C$15 -> 1.8572146e-08
A17: Up-stream | B17: ='Group Means'!C16/1000*Parameters!$C$15 -> 4.9572298e-09 | C17: ='Group Means'!D16/1000*Parameters!$C$15 -> 1.0352816e-08 | D17: ='Group Means'!E16/1000*Parameters!$C$15 -> 5.1590563e-09 | E17: ='Group Means'!F16/1000*Parameters!$C$15 -> 5.8882801e-09 | F17: ='Group Means'!G16/1000*Parameters!$C$15 -> 1.1236682e-08 | G17: ='Group Means'!H16/1000*Parameters!$C$15 -> 1.7319482e-08 | H17: ='Group Means'!I16/1000*Parameters!$C$15 -> 4.7683409e-09 | I17: ='Group Means'!J16/1000*Parameters!$C$15 -> 9.3939117e-09 | ... O17: ='Group Means'!P16/1000*Parameters!$C$15 -> 5.6001522e-09
... A20: Overall | B20: ='Group Means'!C19/1000*Parameters!$C$15 -> 9.5813616e-09 | C20: ='Group Means'!D19/1000*Parameters!$C$15 -> 1.2609631e-08 | D20: ='Group Means'!E19/1000*Parameters!$C$15 -> 7.3178497e-09 | E20: ='Group Means'!F19/1000*Parameters!$C$15 -> 7.6156081e-09 | F20: ='Group Means'!G19/1000*Parameters!$C$15 -> 1.1425903e-08 | G20: ='Group Means'!H19/1000*Parameters!$C$15 -> 2.5667497e-08 | H20: ='Group Means'!I19/1000*Parameters!$C$15 -> 7.2347447e-09 | I20: ='Group Means'!J19/1000*Parameters!$C$15 -> 1.4273267e-08 | ... O20: ='Group Means'!P19/1000*Parameters!$C$15 -> 6.9995849e-09
A23: Adult — CDI dermal, non-carcinogenic (mg/kg-day)
A24: Group | B24: o,p'-DDT | C24: p,p'-DDT | D24: o,p'-DDD | E24: p,p'-DDD | F24: o,p'-DDE | G24: p,p'-DDE | H24: α-HCH | I24: β-HCH | J24: γ-HCH (Lindane) | K24: δ-HCH | L24: Aldrin | M24: Dieldrin | N24: Heptachlor | O24: Heptachlor epoxide
A25: Bhujpur Dam | B25: ='Group Means'!C5/1000*Parameters!$C$16*Toxicity!$D$5 -> 4.5824877e-10 | C25: ='Group Means'!D5/1000*Parameters!$C$16*Toxicity!$D$6 -> 1.051283e-09 | D25: ='Group Means'!E5/1000*Parameters!$C$16*Toxicity!$D$7 -> 6.202537e-10 | E25: ='Group Means'!F5/1000*Parameters!$C$16*Toxicity!$D$8 -> 6.202537e-10 | F25: ='Group Means'!G5/1000*Parameters!$C$16*Toxicity!$D$9 -> 1.3318948e-09 | G25: ='Group Means'!H5/1000*Parameters!$C$16*Toxicity!$D$10 -> 1.7846232e-09 | H25: ='Group Means'!I5/1000*Parameters!$C$16*Toxicity!$D$11 -> 5.5328e-10 | I25: ='Group Means'!J5/1000*Parameters!$C$16*Toxicity!$D$12 -> 1.090017e-09 | J25: ='Group Means'!K5/1000*Parameters!$C$16*Toxicity!$D$13 -> 1.0931507e-10 | K25: ='Group Means'!L5/1000*Parameters!$C$16*Toxicity!$D$14 -> 1.0931507e-10 | L25: ='Group Means'!M5/1000*Parameters!$C$16*Toxicity!$D$15 -> 2.7328767e-10 | M25: ='Group Means'!N5/1000*Parameters!$C$16*Toxicity!$D$16 -> 5.7117123e-10 | N25: ='Group Means'!O5/1000*Parameters!$C$16*Toxicity!$D$17 -> 2.7328767e-10 | O25: ='Group Means'!P5/1000*Parameters!$C$16*Toxicity!$D$18 -> 1.2062918e-09
A26: Ekkhuliya | B26: ='Group Means'!C6/1000*Parameters!$C$16*Toxicity!$D$5 -> 8.1986301e-11 | C26: ='Group Means'!D6/1000*Parameters!$C$16*Toxicity!$D$6 -> 7.6673589e-10 | D26: ='Group Means'!E6/1000*Parameters!$C$16*Toxicity!$D$7 -> 8.1986301e-11 | E26: ='Group Means'!F6/1000*Parameters!$C$16*Toxicity!$D$8 -> 8.1986301e-11 | F26: ='Group Means'!G6/1000*Parameters!$C$16*Toxicity!$D$9 -> 1.1906597e-09 | G26: ='Group Means'!H6/1000*Parameters!$C$16*Toxicity!$D$10 -> 1.366821e-09 | H26: ='Group Means'!I6/1000*Parameters!$C$16*Toxicity!$D$11 -> 1.0931507e-10 | I26: ='Group Means'!J6/1000*Parameters!$C$16*Toxicity!$D$12 -> 2.1535068e-10 | J26: ='Group Means'!K6/1000*Parameters!$C$16*Toxicity!$D$13 -> 1.0931507e-10 | K26: ='Group Means'!L6/1000*Parameters!$C$16*Toxicity!$D$14 -> 1.0931507e-10 | L26: ='Group Means'!M6/1000*Parameters!$C$16*Toxicity!$D$15 -> 2.7328767e-10 | M26: ='Group Means'!N6/1000*Parameters!$C$16*Toxicity!$D$16 -> 2.7328767e-10 | N26: ='Group Means'!O6/1000*Parameters!$C$16*Toxicity!$D$17 -> 2.7328767e-10 | O26: ='Group Means'!P6/1000*Parameters!$C$16*Toxicity!$D$18 -> 2.7328767e-10
A27: Nazirhat | B27: ='Group Means'!C7/1000*Parameters!$C$16*Toxicity!$D$5 -> 1.2399062e-09 | C27: ='Group Means'!D7/1000*Parameters!$C$16*Toxicity!$D$6 -> 1.8996773e-09 | D27: ='Group Means'!E7/1000*Parameters!$C$16*Toxicity!$D$7 -> 1.1503771e-09 | E27: ='Group Means'!F7/1000*Parameters!$C$16*Toxicity!$D$8 -> 1.4122414e-09 | F27: ='Group Means'!G7/1000*Parameters!$C$16*Toxicity!$D$9 -> 1.5125379e-09 | G27: ='Group Means'!H7/1000*Parameters!$C$16*Toxicity!$D$10 -> 3.0679821e-09 | H27: ='Group Means'!I7/1000*Parameters!$C$16*Toxicity!$D$11 -> 1.6204866e-09 | I27: ='Group Means'!J7/1000*Parameters!$C$16*Toxicity!$D$12 -> 3.1924373e-09 | J27: ='Group Means'!K7/1000*Parameters!$C$16*Toxicity!$D$13 -> 8.0681808e-10 | K27: ='Group Means'!L7/1000*Parameters!$C$16*Toxicity!$D$14 -> 9.3551836e-10 | L27: ='Group Means'!M7/1000*Parameters!$C$16*Toxicity!$D$15 -> 2.385437e-09 | M27: ='Group Means'!N7/1000*Parameters!$C$16*Toxicity!$D$16 -> 3.8985397e-09 | N27: ='Group Means'!O7/1000*Parameters!$C$16*Toxicity!$D$17 -> 3.6782699e-09 | O27: ='Group Means'!P7/1000*Parameters!$C$16*Toxicity!$D$18 -> 5.2238027e-09
A28: Sekandar Para | B28: ='Group Means'!C8/1000*Parameters!$C$16*Toxicity!$D$5 -> 7.0475425e-10 | C28: ='Group Means'!D8/1000*Parameters!$C$16*Toxicity!$D$6 -> 1.0040042e-09 | D28: ='Group Means'!E8/1000*Parameters!$C$16*Toxicity!$D$7 -> 8.1986301e-11 | E28: ='Group Means'!F8/1000*Parameters!$C$16*Toxicity!$D$8 -> 8.9583699e-10 | F28: ='Group Means'!G8/1000*Parameters!$C$16*Toxicity!$D$9 -> 1.0736926e-09 | G28: ='Group Means'!H8/1000*Parameters!$C$16*Toxicity!$D$10 -> 2.1316438e-09 | H28: ='Group Means'!I8/1000*Parameters!$C$16*Toxicity!$D$11 -> 6.7768055e-10 | I28: ='Group Means'!J8/1000*Parameters!$C$16*Toxicity!$D$12 -> 1.3348827e-09 | J28: ='Group Means'!K8/1000*Parameters!$C$16*Toxicity!$D$13 -> 1.0931507e-10 | K28: ='Group Means'!L8/1000*Parameters!$C$16*Toxicity!$D$14 -> 1.0931507e-10 | L28: ='Group Means'!M8/1000*Parameters!$C$16*Toxicity!$D$15 -> 6.4568767e-10 | M28: ='Group Means'!N8/1000*Parameters!$C$16*Toxicity!$D$16 -> 1.8348534e-09 | N28: ='Group Means'!O8/1000*Parameters!$C$16*Toxicity!$D$17 -> 2.7328767e-10 | O28: ='Group Means'!P8/1000*Parameters!$C$16*Toxicity!$D$18 -> 2.7328767e-10
A29: Nichintapur | B29: ='Group Means'!C9/1000*Parameters!$C$16*Toxicity!$D$5 -> 9.9279945e-10 | C29: ='Group Means'!D9/1000*Parameters!$C$16*Toxicity!$D$6 -> 1.422681e-09 | D29: ='Group Means'!E9/1000*Parameters!$C$16*Toxicity!$D$7 -> 8.2297849e-10 | E29: ='Group Means'!F9/1000*Parameters!$C$16*Toxicity!$D$8 -> 5.5630438e-10 | F29: ='Group Means'!G9/1000*Parameters!$C$16*Toxicity!$D$9 -> 1.2114296e-09 | G29: ='Group Means'!H9/1000*Parameters!$C$16*Toxicity!$D$10 -> 3.0974425e-09 | H29: ='Group Means'!I9/1000*Parameters!$C$16*Toxicity!$D$11 -> 8.7677973e-10 | I29: ='Group Means'!J9/1000*Parameters!$C$16*Toxicity!$D$12 -> 1.727251e-09 | J29: ='Group Means'!K9/1000*Parameters!$C$16*Toxicity!$D$13 -> 1.0931507e-10 | K29: ='Group Means'!L9/1000*Parameters!$C$16*Toxicity!$D$14 -> 6.5013315e-10 | L29: ='Group Means'!M9/1000*Parameters!$C$16*Toxicity!$D$15 -> 2.7328767e-10 | M29: ='Group Means'!N9/1000*Parameters!$C$16*Toxicity!$D$16 -> 1.3762767e-09 | N29: ='Group Means'!O9/1000*Parameters!$C$16*Toxicity!$D$17 -> 6.4805616e-10 | O29: ='Group Means'!P9/1000*Parameters!$C$16*Toxicity!$D$18 -> 2.0749822e-09
A30: Nadimpur | B30: ='Group Means'!C10/1000*Parameters!$C$16*Toxicity!$D$5 -> 1.0818366e-09 | C30: ='Group Means'!D10/1000*Parameters!$C$16*Toxicity!$D$6 -> 1.4881607e-09 | D30: ='Group Means'!E10/1000*Parameters!$C$16*Toxicity!$D$7 -> 9.6071548e-10 | E30: ='Group Means'!F10/1000*Parameters!$C$16*Toxicity!$D$8 -> 7.7919781e-10 | F30: ='Group Means'!G10/1000*Parameters!$C$16*Toxicity!$D$9 -> 1.2530786e-09 | G30: ='Group Means'!H10/1000*Parameters!$C$16*Toxicity!$D$10 -> 3.3371704e-09 | H30: ='Group Means'!I10/1000*Parameters!$C$16*Toxicity!$D$11 -> 1.1604159e-09 | I30: ='Group Means'!J10/1000*Parameters!$C$16*Toxicity!$D$12 -> 2.3005721e-09 | J30: ='Group Means'!K10/1000*Parameters!$C$16*Toxicity!$D$13 -> 1.0931507e-10 | K30: ='Group Means'!L10/1000*Parameters!$C$16*Toxicity!$D$14 -> 7.3277534e-10 | L30: ='Group Means'!M10/1000*Parameters!$C$16*Toxicity!$D$15 -> 8.2132055e-10 | M30: ='Group Means'!N10/1000*Parameters!$C$16*Toxicity!$D$16 -> 2.7328767e-10 | N30: ='Group Means'!O10/1000*Parameters!$C$16*Toxicity!$D$17 -> 7.2913151e-10 | O30: ='Group Means'!P10/1000*Parameters!$C$16*Toxicity!$D$18 -> 1.9328726e-09
A31: West Binajuri | B31: ='Group Means'!C11/1000*Parameters!$C$16*Toxicity!$D$5 -> 1.3689526e-09 | C31: ='Group Means'!D11/1000*Parameters!$C$16*Toxicity!$D$6 -> 1.462581e-09 | D31: ='Group Means'!E11/1000*Parameters!$C$16*Toxicity!$D$7 -> 8.1986301e-11 | E31: ='Group Means'!F11/1000*Parameters!$C$16*Toxicity!$D$8 -> 8.2357973e-10 | F31: ='Group Means'!G11/1000*Parameters!$C$16*Toxicity!$D$9 -> 1.2460278e-09 | G31: ='Group Means'!H11/1000*Parameters!$C$16*Toxicity!$D$10 -> 3.2598847e-09 | H31: ='Group Means'!I11/1000*Parameters!$C$16*Toxicity!$D$11 -> 1.48428e-09 | I31: ='Group Means'!J11/1000*Parameters!$C$16*Toxicity!$D$12 -> 2.9240323e-09 | J31: ='Group Means'!K11/1000*Parameters!$C$16*Toxicity!$D$13 -> 5.9890082e-10 | K31: ='Group Means'!L11/1000*Parameters!$C$16*Toxicity!$D$14 -> 6.981589e-10 | L31: ='Group Means'!M11/1000*Parameters!$C$16*Toxicity!$D$15 -> 9.4630411e-10 | M31: ='Group Means'!N11/1000*Parameters!$C$16*Toxicity!$D$16 -> 2.0172274e-09 | N31: ='Group Means'!O11/1000*Parameters!$C$16*Toxicity!$D$17 -> 2.7328767e-10 | O31: ='Group Means'!P11/1000*Parameters!$C$16*Toxicity!$D$18 -> 1.7335548e-09
A32: Napiter Ghona | B32: ='Group Means'!C12/1000*Parameters!$C$16*Toxicity!$D$5 -> 1.5113901e-09 | C32: ='Group Means'!D12/1000*Parameters!$C$16*Toxicity!$D$6 -> 1.4292945e-09 | D32: ='Group Means'!E12/1000*Parameters!$C$16*Toxicity!$D$7 -> 1.396664e-09 | E32: ='Group Means'!F12/1000*Parameters!$C$16*Toxicity!$D$8 -> 8.4107014e-10 | F32: ='Group Means'!G12/1000*Parameters!$C$16*Toxicity!$D$9 -> 1.3332612e-09 | G32: ='Group Means'!H12/1000*Parameters!$C$16*Toxicity!$D$10 -> 3.4345155e-09 | H32: ='Group Means'!I12/1000*Parameters!$C$16*Toxicity!$D$11 -> 1.2767271e-09 | I32: ='Group Means'!J12/1000*Parameters!$C$16*Toxicity!$D$12 -> 2.5150482e-09 | J32: ='Group Means'!K12/1000*Parameters!$C$16*Toxicity!$D$13 -> 5.0940822e-10 | K32: ='Group Means'!L12/1000*Parameters!$C$16*Toxicity!$D$14 -> 1.1993321e-09 | L32: ='Group Means'!M12/1000*Parameters!$C$16*Toxicity!$D$15 -> 1.1458041e-09 | M32: ='Group Means'!N12/1000*Parameters!$C$16*Toxicity!$D$16 -> 2.0573096e-09 | N32: ='Group Means'!O12/1000*Parameters!$C$16*Toxicity!$D$17 -> 1.8179096e-09 | O32: ='Group Means'!P12/1000*Parameters!$C$16*Toxicity!$D$18 -> 3.1336986e-09
A33: Horekrishno Mohajoner Tek | B33: ='Group Means'!C13/1000*Parameters!$C$16*Toxicity!$D$5 -> 1.5505249e-09 | C33: ='Group Means'!D13/1000*Parameters!$C$16*Toxicity!$D$6 -> 1.6454104e-09 | D33: ='Group Means'!E13/1000*Parameters!$C$16*Toxicity!$D$7 -> 1.047129e-09 | E33: ='Group Means'!F13/1000*Parameters!$C$16*Toxicity!$D$8 -> 1.4202214e-09 | F33: ='Group Means'!G13/1000*Parameters!$C$16*Toxicity!$D$9 -> 1.5184956e-09 | G33: ='Group Means'!H13/1000*Parameters!$C$16*Toxicity!$D$10 -> 3.4811384e-09 | H33: ='Group Means'!I13/1000*Parameters!$C$16*Toxicity!$D$11 -> 1.6308351e-09 | I33: ='Group Means'!J13/1000*Parameters!$C$16*Toxicity!$D$12 -> 3.2129156e-09 | J33: ='Group Means'!K13/1000*Parameters!$C$16*Toxicity!$D$13 -> 4.9439562e-10 | K33: ='Group Means'!L13/1000*Parameters!$C$16*Toxicity!$D$14 -> 1.3218378e-09 | L33: ='Group Means'!M13/1000*Parameters!$C$16*Toxicity!$D$15 -> 1.8204603e-09 | M33: ='Group Means'!N13/1000*Parameters!$C$16*Toxicity!$D$16 -> 2.5395712e-09 | N33: ='Group Means'!O13/1000*Parameters!$C$16*Toxicity!$D$17 -> 1.5663027e-09 | O33: ='Group Means'!P13/1000*Parameters!$C$16*Toxicity!$D$18 -> 2.9553329e-09
A34: Chayar Char | B34: ='Group Means'!C14/1000*Parameters!$C$16*Toxicity!$D$5 -> 1.6371025e-09 | C34: ='Group Means'!D14/1000*Parameters!$C$16*Toxicity!$D$6 -> 2.1617601e-09 | D34: ='Group Means'!E14/1000*Parameters!$C$16*Toxicity!$D$7 -> 1.5033555e-09 | E34: ='Group Means'!F14/1000*Parameters!$C$16*Toxicity!$D$8 -> 1.0699212e-09 | F34: ='Group Means'!G14/1000*Parameters!$C$16*Toxicity!$D$9 -> 1.5036834e-09 | G34: ='Group Means'!H14/1000*Parameters!$C$16*Toxicity!$D$10 -> 3.9236458e-09 | H34: ='Group Means'!I14/1000*Parameters!$C$16*Toxicity!$D$11 -> 1.4725468e-09 | I34: ='Group Means'!J14/1000*Parameters!$C$16*Toxicity!$D$12 -> 2.9155786e-09 | J34: ='Group Means'!K14/1000*Parameters!$C$16*Toxicity!$D$13 -> 7.757726e-10 | K34: ='Group Means'!L14/1000*Parameters!$C$16*Toxicity!$D$14 -> 1.8037715e-09 | L34: ='Group Means'!M14/1000*Parameters!$C$16*Toxicity!$D$15 -> 2.3632096e-09 | M34: ='Group Means'!N14/1000*Parameters!$C$16*Toxicity!$D$16 -> 3.9519219e-09 | N34: ='Group Means'!O14/1000*Parameters!$C$16*Toxicity!$D$17 -> 2.7095562e-09 | O34: ='Group Means'!P14/1000*Parameters!$C$16*Toxicity!$D$18 -> 4.5037808e-09
A35: Kalurghat | B35: ='Group Means'!C15/1000*Parameters!$C$16*Toxicity!$D$5 -> 1.9882771e-09 | C35: ='Group Means'!D15/1000*Parameters!$C$16*Toxicity!$D$6 -> 2.2715125e-09 | D35: ='Group Means'!E15/1000*Parameters!$C$16*Toxicity!$D$7 -> 1.8879805e-09 | E35: ='Group Means'!F15/1000*Parameters!$C$16*Toxicity!$D$8 -> 1.5268582e-09 | F35: ='Group Means'!G15/1000*Parameters!$C$16*Toxicity!$D$9 -> 1.8697249e-09 | G35: ='Group Means'!H15/1000*Parameters!$C$16*Toxicity!$D$10 -> 4.911526e-09 | H35: ='Group Means'!I15/1000*Parameters!$C$16*Toxicity!$D$11 -> 1.838971e-09 | I35: ='Group Means'!J15/1000*Parameters!$C$16*Toxicity!$D$12 -> 3.6300619e-09 | J35: ='Group Means'!K15/1000*Parameters!$C$16*Toxicity!$D$13 -> 9.7632932e-10 | K35: ='Group Means'!L15/1000*Parameters!$C$16*Toxicity!$D$14 -> 3.3569929e-09 | L35: ='Group Means'!M15/1000*Parameters!$C$16*Toxicity!$D$15 -> 4.2552712e-09 | M35: ='Group Means'!N15/1000*Parameters!$C$16*Toxicity!$D$16 -> 5.8647534e-09 | N35: ='Group Means'!O15/1000*Parameters!$C$16*Toxicity!$D$17 -> 5.0075411e-09 | O35: ='Group Means'!P15/1000*Parameters!$C$16*Toxicity!$D$18 -> 7.4102863e-09
A36: Up-stream | B36: ='Group Means'!C16/1000*Parameters!$C$16*Toxicity!$D$5 -> 5.9338041e-10 | C36: ='Group Means'!D16/1000*Parameters!$C$16*Toxicity!$D$6 -> 1.2392321e-09 | D36: ='Group Means'!E16/1000*Parameters!$C$16*Toxicity!$D$7 -> 6.1753904e-10 | E36: ='Group Means'!F16/1000*Parameters!$C$16*Toxicity!$D$8 -> 7.0482712e-10 | F36: ='Group Means'!G16/1000*Parameters!$C$16*Toxicity!$D$9 -> 1.3450308e-09 | G36: ='Group Means'!H16/1000*Parameters!$C$16*Toxicity!$D$10 -> 2.0731421e-09 | H36: ='Group Means'!I16/1000*Parameters!$C$16*Toxicity!$D$11 -> 7.6102721e-10 | I36: ='Group Means'!J16/1000*Parameters!$C$16*Toxicity!$D$12 -> 1.4992683e-09 | J36: ='Group Means'!K16/1000*Parameters!$C$16*Toxicity!$D$13 -> 3.4181607e-10 | K36: ='Group Means'!L16/1000*Parameters!$C$16*Toxicity!$D$14 -> 3.8471616e-10 | L36: ='Group Means'!M16/1000*Parameters!$C$16*Toxicity!$D$15 -> 9.7733744e-10 | M36: ='Group Means'!N16/1000*Parameters!$C$16*Toxicity!$D$16 -> 1.5809995e-09 | N36: ='Group Means'!O16/1000*Parameters!$C$16*Toxicity!$D$17 -> 1.4082817e-09 | O36: ='Group Means'!P16/1000*Parameters!$C$16*Toxicity!$D$18 -> 2.2344607e-09
... A39: Overall | B39: ='Group Means'!C19/1000*Parameters!$C$16*Toxicity!$D$5 -> 1.146889e-09 | C39: ='Group Means'!D19/1000*Parameters!$C$16*Toxicity!$D$6 -> 1.5093728e-09 | D39: ='Group Means'!E19/1000*Parameters!$C$16*Toxicity!$D$7 -> 8.7594661e-10 | E39: ='Group Means'!F19/1000*Parameters!$C$16*Toxicity!$D$8 -> 9.1158829e-10 | F39: ='Group Means'!G19/1000*Parameters!$C$16*Toxicity!$D$9 -> 1.3676806e-09 | G39: ='Group Means'!H19/1000*Parameters!$C$16*Toxicity!$D$10 -> 3.0723994e-09 | H39: ='Group Means'!I19/1000*Parameters!$C$16*Toxicity!$D$11 -> 1.1546653e-09 | I39: ='Group Means'!J19/1000*Parameters!$C$16*Toxicity!$D$12 -> 2.2780134e-09 | J39: ='Group Means'!K19/1000*Parameters!$C$16*Toxicity!$D$13 -> 4.2801818e-10 | K39: ='Group Means'!L19/1000*Parameters!$C$16*Toxicity!$D$14 -> 1.0024059e-09 | L39: ='Group Means'!M19/1000*Parameters!$C$16*Toxicity!$D$15 -> 1.3821234e-09 | M39: ='Group Means'!N19/1000*Parameters!$C$16*Toxicity!$D$16 -> 2.2416545e-09 | N39: ='Group Means'!O19/1000*Parameters!$C$16*Toxicity!$D$17 -> 1.5681743e-09 | O39: ='Group Means'!P19/1000*Parameters!$C$16*Toxicity!$D$18 -> 2.7928344e-09
A42: Adult — THQ = (CDI_ing + CDI_derm) / RfD
A43: Group | B43: o,p'-DDT | C43: p,p'-DDT | D43: o,p'-DDD | E43: p,p'-DDD | F43: o,p'-DDE | G43: p,p'-DDE | H43: α-HCH | I43: β-HCH | J43: γ-HCH (Lindane) | K43: δ-HCH | L43: Aldrin | M43: Dieldrin | N43: Heptachlor | O43: Heptachlor epoxide | P43: HI ingestion | Q43: HI dermal | R43: HI total (ΣTHQ) | S43: HI < 1 ?
A44: Bhujpur Dam | B44: =(B6+B25)/Toxicity!$B$5 -> 8.5731185e-06 | C44: =(C6+C25)/Toxicity!$B$6 -> 1.9667863e-05 | D44: =(D6+D25)/Toxicity!$B$7 -> 1.1603978e-05 | E44: =(E6+E25)/Toxicity!$B$8 -> 1.1603978e-05 | F44: =(F6+F25)/Toxicity!$B$9 -> 2.4917671e-05 | G44: =(G6+G25)/Toxicity!$B$10 -> 3.3387511e-05 | H44: =(H6+H25)/Toxicity!$B$11 -> 1.3399822e-05 | I44: =(I6+I25)/Toxicity!$B$12 -> 2.6398991e-05 | J44: =(J6+J25)/Toxicity!$B$13 -> 2.6474886e-06 | K44: =(K6+K25)/Toxicity!$B$14 -> 2.6474886e-06 | L44: =(L6+L25)/Toxicity!$B$15 -> 3.1940639e-05 | M44: =(M6+M25)/Toxicity!$B$16 -> 4.0053562e-05 | N44: =(N6+N25)/Toxicity!$B$17 -> 1.9164384e-06 | O44: =(O6+O25)/Toxicity!$B$18 -> 0.00032535227 | P44: =B6/Toxicity!$B$5+C6/Toxicity!$B$6+D6/Toxicity!$B$7+E6/Toxicity!$B$8+F6/Toxicity!$B$9+G6/Toxicity!$B$10+H6/Toxicity!$B$11+I6/Toxicity!$B$12+J6/Toxicity!$B$13+K6/Toxicity!$B$14+L6/Toxicity!$B$15+M6/Toxicity!$B$16+N6/Toxicity!$B$17+O6/Toxicity!$B$18 -> 0.00042230001 | Q44: =B25/Toxicity!$B$5+C25/Toxicity!$B$6+D25/Toxicity!$B$7+E25/Toxicity!$B$8+F25/Toxicity!$B$9+G25/Toxicity!$B$10+H25/Toxicity!$B$11+I25/Toxicity!$B$12+J25/Toxicity!$B$13+K25/Toxicity!$B$14+L25/Toxicity!$B$15+M25/Toxicity!$B$16+N25/Toxicity!$B$17+O25/Toxicity!$B$18 -> 0.0001318108 | R44: =SUM(B44:O44) -> 0.00055411081 | S44: =IF(R44<1,"Yes — no appreciable hazard","No — hazard") -> Yes — no appreciable hazard
A45: Ekkhuliya | B45: =(B7+B26)/Toxicity!$B$5 -> 1.5338356e-06 | C45: =(C7+C26)/Toxicity!$B$6 -> 1.4344431e-05 | D45: =(D7+D26)/Toxicity!$B$7 -> 1.5338356e-06 | E45: =(E7+E26)/Toxicity!$B$8 -> 1.5338356e-06 | F45: =(F7+F26)/Toxicity!$B$9 -> 2.2275383e-05 | G45: =(G7+G26)/Toxicity!$B$10 -> 2.5571085e-05 | H45: =(H7+H26)/Toxicity!$B$11 -> 2.6474886e-06 | I45: =(I7+I26)/Toxicity!$B$12 -> 5.2155525e-06 | J45: =(J7+J26)/Toxicity!$B$13 -> 2.6474886e-06 | K45: =(K7+K26)/Toxicity!$B$14 -> 2.6474886e-06 | L45: =(L7+L26)/Toxicity!$B$15 -> 3.1940639e-05 | M45: =(M7+M26)/Toxicity!$B$16 -> 1.9164384e-05 | N45: =(N7+N26)/Toxicity!$B$17 -> 1.9164384e-06 | O45: =(O7+O26)/Toxicity!$B$18 -> 7.3709168e-05 | P45: =B7/Toxicity!$B$5+C7/Toxicity!$B$6+D7/Toxicity!$B$7+E7/Toxicity!$B$8+F7/Toxicity!$B$9+G7/Toxicity!$B$10+H7/Toxicity!$B$11+I7/Toxicity!$B$12+J7/Toxicity!$B$13+K7/Toxicity!$B$14+L7/Toxicity!$B$15+M7/Toxicity!$B$16+N7/Toxicity!$B$17+O7/Toxicity!$B$18 -> 0.00016158567 | Q45: =B26/Toxicity!$B$5+C26/Toxicity!$B$6+D26/Toxicity!$B$7+E26/Toxicity!$B$8+F26/Toxicity!$B$9+G26/Toxicity!$B$10+H26/Toxicity!$B$11+I26/Toxicity!$B$12+J26/Toxicity!$B$13+K26/Toxicity!$B$14+L26/Toxicity!$B$15+M26/Toxicity!$B$16+N26/Toxicity!$B$17+O26/Toxicity!$B$18 -> 4.5095384e-05 | R45: =SUM(B45:O45) -> 0.00020668105 | S45: =IF(R45<1,"Yes — no appreciable hazard","No — hazard") -> Yes — no appreciable hazard
A46: Nazirhat | B46: =(B8+B27)/Toxicity!$B$5 -> 2.3196707e-05 | C46: =(C8+C27)/Toxicity!$B$6 -> 3.5539994e-05 | D46: =(D8+D27)/Toxicity!$B$7 -> 2.1521759e-05 | E46: =(E8+E27)/Toxicity!$B$8 -> 2.642083e-05 | F46: =(F8+F27)/Toxicity!$B$9 -> 2.8297222e-05 | G46: =(G8+G27)/Toxicity!$B$10 -> 5.7397151e-05 | H46: =(H8+H27)/Toxicity!$B$11 -> 3.9246371e-05 | I46: =(I8+I27)/Toxicity!$B$12 -> 7.7317257e-05 | J46: =(J8+J27)/Toxicity!$B$13 -> 1.9540231e-05 | K46: =(K8+K27)/Toxicity!$B$14 -> 2.2657207e-05 | L46: =(L8+L27)/Toxicity!$B$15 -> 0.00027879919 | M46: =(M8+M27)/Toxicity!$B$16 -> 0.00027338632 | N46: =(N8+N27)/Toxicity!$B$17 -> 2.5793983e-05 | O46: =(O8+O27)/Toxicity!$B$18 -> 0.0014089262 | P46: =B8/Toxicity!$B$5+C8/Toxicity!$B$6+D8/Toxicity!$B$7+E8/Toxicity!$B$8+F8/Toxicity!$B$9+G8/Toxicity!$B$10+H8/Toxicity!$B$11+I8/Toxicity!$B$12+J8/Toxicity!$B$13+K8/Toxicity!$B$14+L8/Toxicity!$B$15+M8/Toxicity!$B$16+N8/Toxicity!$B$17+O8/Toxicity!$B$18 -> 0.0017289512 | Q46: =B27/Toxicity!$B$5+C27/Toxicity!$B$6+D27/Toxicity!$B$7+E27/Toxicity!$B$8+F27/Toxicity!$B$9+G27/Toxicity!$B$10+H27/Toxicity!$B$11+I27/Toxicity!$B$12+J27/Toxicity!$B$13+K27/Toxicity!$B$14+L27/Toxicity!$B$15+M27/Toxicity!$B$16+N27/Toxicity!$B$17+O27/Toxicity!$B$18 -> 0.00060908919 | R46: =SUM(B46:O46) -> 0.0023380404 | S46: =IF(R46<1,"Yes — no appreciable hazard","No — hazard") -> Yes — no appreciable hazard
A47: Sekandar Para | B47: =(B9+B28)/Toxicity!$B$5 -> 1.3184851e-05 | C47: =(C9+C28)/Toxicity!$B$6 -> 1.8783351e-05 | D47: =(D9+D28)/Toxicity!$B$7 -> 1.5338356e-06 | E47: =(E9+E28)/Toxicity!$B$8 -> 1.6759711e-05 | F47: =(F9+F28)/Toxicity!$B$9 -> 2.0087111e-05 | G47: =(G9+G28)/Toxicity!$B$10 -> 3.9879726e-05 | H47: =(H9+H28)/Toxicity!$B$11 -> 1.6412664e-05 | I47: =(I9+I28)/Toxicity!$B$12 -> 3.2329366e-05 | J47: =(J9+J28)/Toxicity!$B$13 -> 2.6474886e-06 | K47: =(K9+K28)/Toxicity!$B$14 -> 2.6474886e-06 | L47: =(L9+L28)/Toxicity!$B$15 -> 7.5465084e-05 | M47: =(M9+M28)/Toxicity!$B$16 -> 0.00012866967 | N47: =(N9+N28)/Toxicity!$B$17 -> 1.9164384e-06 | O47: =(O9+O28)/Toxicity!$B$18 -> 7.3709168e-05 | P47: =B9/Toxicity!$B$5+C9/Toxicity!$B$6+D9/Toxicity!$B$7+E9/Toxicity!$B$8+F9/Toxicity!$B$9+G9/Toxicity!$B$10+H9/Toxicity!$B$11+I9/Toxicity!$B$12+J9/Toxicity!$B$13+K9/Toxicity!$B$14+L9/Toxicity!$B$15+M9/Toxicity!$B$16+N9/Toxicity!$B$17+O9/Toxicity!$B$18 -> 0.00034501611 | Q47: =B28/Toxicity!$B$5+C28/Toxicity!$B$6+D28/Toxicity!$B$7+E28/Toxicity!$B$8+F28/Toxicity!$B$9+G28/Toxicity!$B$10+H28/Toxicity!$B$11+I28/Toxicity!$B$12+J28/Toxicity!$B$13+K28/Toxicity!$B$14+L28/Toxicity!$B$15+M28/Toxicity!$B$16+N28/Toxicity!$B$17+O28/Toxicity!$B$18 -> 9.9009843e-05 | R47: =SUM(B47:O47) -> 0.00044402595 | S47: =IF(R47<1,"Yes — no appreciable hazard","No — hazard") -> Yes — no appreciable hazard
A48: Nichintapur | B48: =(B10+B29)/Toxicity!$B$5 -> 1.8573727e-05 | C48: =(C10+C29)/Toxicity!$B$6 -> 2.6616138e-05 | D48: =(D10+D29)/Toxicity!$B$7 -> 1.5396642e-05 | E48: =(E10+E29)/Toxicity!$B$8 -> 1.0407586e-05 | F48: =(F10+F29)/Toxicity!$B$9 -> 2.2663955e-05 | G48: =(G10+G29)/Toxicity!$B$10 -> 5.794831e-05 | H48: =(H10+H29)/Toxicity!$B$11 -> 2.1234623e-05 | I48: =(I10+I29)/Toxicity!$B$12 -> 4.1832085e-05 | J48: =(J10+J29)/Toxicity!$B$13 -> 2.6474886e-06 | K48: =(K10+K29)/Toxicity!$B$14 -> 1.5745497e-05 | L48: =(L10+L29)/Toxicity!$B$15 -> 3.1940639e-05 | M48: =(M10+M29)/Toxicity!$B$16 -> 9.6511836e-05 | N48: =(N10+N29)/Toxicity!$B$17 -> 4.5445142e-06 | O48: =(O10+O29)/Toxicity!$B$18 -> 0.00055964914 | P48: =B10/Toxicity!$B$5+C10/Toxicity!$B$6+D10/Toxicity!$B$7+E10/Toxicity!$B$8+F10/Toxicity!$B$9+G10/Toxicity!$B$10+H10/Toxicity!$B$11+I10/Toxicity!$B$12+J10/Toxicity!$B$13+K10/Toxicity!$B$14+L10/Toxicity!$B$15+M10/Toxicity!$B$16+N10/Toxicity!$B$17+O10/Toxicity!$B$18 -> 0.00070074806 | Q48: =B29/Toxicity!$B$5+C29/Toxicity!$B$6+D29/Toxicity!$B$7+E29/Toxicity!$B$8+F29/Toxicity!$B$9+G29/Toxicity!$B$10+H29/Toxicity!$B$11+I29/Toxicity!$B$12+J29/Toxicity!$B$13+K29/Toxicity!$B$14+L29/Toxicity!$B$15+M29/Toxicity!$B$16+N29/Toxicity!$B$17+O29/Toxicity!$B$18 -> 0.00022496412 | R48: =SUM(B48:O48) -> 0.00092571218 | S48: =IF(R48<1,"Yes — no appreciable hazard","No — hazard") -> Yes — no appreciable hazard
A49: Nadimpur | B49: =(B11+B30)/Toxicity!$B$5 -> 2.0239472e-05 | C49: =(C11+C30)/Toxicity!$B$6 -> 2.7841162e-05 | D49: =(D11+D30)/Toxicity!$B$7 -> 1.7973486e-05 | E49: =(E11+E30)/Toxicity!$B$8 -> 1.4577574e-05 | F49: =(F11+F30)/Toxicity!$B$9 -> 2.3443144e-05 | G49: =(G11+G30)/Toxicity!$B$10 -> 6.2433245e-05 | H49: =(H11+H30)/Toxicity!$B$11 -> 2.8103974e-05 | I49: =(I11+I30)/Toxicity!$B$12 -> 5.571728e-05 | J49: =(J11+J30)/Toxicity!$B$13 -> 2.6474886e-06 | K49: =(K11+K30)/Toxicity!$B$14 -> 1.7746998e-05 | L49: =(L11+L30)/Toxicity!$B$15 -> 9.5992268e-05 | M49: =(M11+M30)/Toxicity!$B$16 -> 1.9164384e-05 | N49: =(N11+N30)/Toxicity!$B$17 -> 5.1130575e-06 | O49: =(O11+O30)/Toxicity!$B$18 -> 0.00052132037 | P49: =B11/Toxicity!$B$5+C11/Toxicity!$B$6+D11/Toxicity!$B$7+E11/Toxicity!$B$8+F11/Toxicity!$B$9+G11/Toxicity!$B$10+H11/Toxicity!$B$11+I11/Toxicity!$B$12+J11/Toxicity!$B$13+K11/Toxicity!$B$14+L11/Toxicity!$B$15+M11/Toxicity!$B$16+N11/Toxicity!$B$17+O11/Toxicity!$B$18 -> 0.00069718611 | Q49: =B30/Toxicity!$B$5+C30/Toxicity!$B$6+D30/Toxicity!$B$7+E30/Toxicity!$B$8+F30/Toxicity!$B$9+G30/Toxicity!$B$10+H30/Toxicity!$B$11+I30/Toxicity!$B$12+J30/Toxicity!$B$13+K30/Toxicity!$B$14+L30/Toxicity!$B$15+M30/Toxicity!$B$16+N30/Toxicity!$B$17+O30/Toxicity!$B$18 -> 0.00021512779 | R49: =SUM(B49:O49) -> 0.0009123139 | S49: =IF(R49<1,"Yes — no appreciable hazard","No — hazard") -> Yes — no appreciable hazard
A50: West Binajuri | B50: =(B12+B31)/Toxicity!$B$5 -> 2.5610965e-05 | C50: =(C12+C31)/Toxicity!$B$6 -> 2.7362605e-05 | D50: =(D12+D31)/Toxicity!$B$7 -> 1.5338356e-06 | E50: =(E12+E31)/Toxicity!$B$8 -> 1.540789e-05 | F50: =(F12+F31)/Toxicity!$B$9 -> 2.3311234e-05 | G50: =(G12+G31)/Toxicity!$B$10 -> 6.0987349e-05 | H50: =(H12+H31)/Toxicity!$B$11 -> 3.59476e-05 | I50: =(I12+I31)/Toxicity!$B$12 -> 7.081679e-05 | J50: =(J12+J31)/Toxicity!$B$13 -> 1.4504707e-05 | K50: =(K12+K31)/Toxicity!$B$14 -> 1.6908627e-05 | L50: =(L12+L31)/Toxicity!$B$15 -> 0.00011059979 | M50: =(M12+M31)/Toxicity!$B$16 -> 0.0001414587 | N50: =(N12+N31)/Toxicity!$B$17 -> 1.9164384e-06 | O50: =(O12+O31)/Toxicity!$B$18 -> 0.00046756182 | P50: =B12/Toxicity!$B$5+C12/Toxicity!$B$6+D12/Toxicity!$B$7+E12/Toxicity!$B$8+F12/Toxicity!$B$9+G12/Toxicity!$B$10+H12/Toxicity!$B$11+I12/Toxicity!$B$12+J12/Toxicity!$B$13+K12/Toxicity!$B$14+L12/Toxicity!$B$15+M12/Toxicity!$B$16+N12/Toxicity!$B$17+O12/Toxicity!$B$18 -> 0.00077263946 | Q50: =B31/Toxicity!$B$5+C31/Toxicity!$B$6+D31/Toxicity!$B$7+E31/Toxicity!$B$8+F31/Toxicity!$B$9+G31/Toxicity!$B$10+H31/Toxicity!$B$11+I31/Toxicity!$B$12+J31/Toxicity!$B$13+K31/Toxicity!$B$14+L31/Toxicity!$B$15+M31/Toxicity!$B$16+N31/Toxicity!$B$17+O31/Toxicity!$B$18 -> 0.00024128889 | R50: =SUM(B50:O50) -> 0.0010139284 | S50: =IF(R50<1,"Yes — no appreciable hazard","No — hazard") -> Yes — no appreciable hazard
A51: Napiter Ghona | B51: =(B13+B32)/Toxicity!$B$5 -> 2.8275748e-05 | C51: =(C13+C32)/Toxicity!$B$6 -> 2.6739868e-05 | D51: =(D13+D32)/Toxicity!$B$7 -> 2.6129401e-05 | E51: =(E13+E32)/Toxicity!$B$8 -> 1.5735108e-05 | F51: =(F13+F32)/Toxicity!$B$9 -> 2.4943235e-05 | G51: =(G13+G32)/Toxicity!$B$10 -> 6.4254419e-05 | H51: =(H13+H32)/Toxicity!$B$11 -> 3.0920902e-05 | I51: =(I13+I32)/Toxicity!$B$12 -> 6.0911652e-05 | J51: =(J13+J32)/Toxicity!$B$13 -> 1.2337297e-05 | K51: =(K13+K32)/Toxicity!$B$14 -> 2.904648e-05 | L51: =(L13+L32)/Toxicity!$B$15 -> 0.00013391645 | M51: =(M13+M32)/Toxicity!$B$16 -> 0.00014426948 | N51: =(N13+N32)/Toxicity!$B$17 -> 1.2748148e-05 | O51: =(O13+O32)/Toxicity!$B$18 -> 0.00084519845 | P51: =B13/Toxicity!$B$5+C13/Toxicity!$B$6+D13/Toxicity!$B$7+E13/Toxicity!$B$8+F13/Toxicity!$B$9+G13/Toxicity!$B$10+H13/Toxicity!$B$11+I13/Toxicity!$B$12+J13/Toxicity!$B$13+K13/Toxicity!$B$14+L13/Toxicity!$B$15+M13/Toxicity!$B$16+N13/Toxicity!$B$17+O13/Toxicity!$B$18 -> 0.00109317 | Q51: =B32/Toxicity!$B$5+C32/Toxicity!$B$6+D32/Toxicity!$B$7+E32/Toxicity!$B$8+F32/Toxicity!$B$9+G32/Toxicity!$B$10+H32/Toxicity!$B$11+I32/Toxicity!$B$12+J32/Toxicity!$B$13+K32/Toxicity!$B$14+L32/Toxicity!$B$15+M32/Toxicity!$B$16+N32/Toxicity!$B$17+O32/Toxicity!$B$18 -> 0.00036225667 | R51: =SUM(B51:O51) -> 0.0014554266 | S51: =IF(R51<1,"Yes — no appreciable hazard","No — hazard") -> Yes — no appreciable hazard
A52: Horekrishno Mohajoner Tek | B52: =(B14+B33)/Toxicity!$B$5 -> 2.9007899e-05 | C52: =(C14+C33)/Toxicity!$B$6 -> 3.0783058e-05 | D52: =(D14+D33)/Toxicity!$B$7 -> 1.9590148e-05 | E52: =(E14+E33)/Toxicity!$B$8 -> 2.6570123e-05 | F52: =(F14+F33)/Toxicity!$B$9 -> 2.8408681e-05 | G52: =(G14+G33)/Toxicity!$B$10 -> 6.512666e-05 | H52: =(H14+H33)/Toxicity!$B$11 -> 3.9497e-05 | I52: =(I14+I33)/Toxicity!$B$12 -> 7.7813219e-05 | J52: =(J14+J33)/Toxicity!$B$13 -> 1.1973708e-05 | K52: =(K14+K33)/Toxicity!$B$14 -> 3.2013432e-05 | L52: =(L14+L33)/Toxicity!$B$15 -> 0.00021276725 | M52: =(M14+M33)/Toxicity!$B$16 -> 0.00017808823 | N52: =(N14+N33)/Toxicity!$B$17 -> 1.0983747e-05 | O52: =(O14+O33)/Toxicity!$B$18 -> 0.00079709094 | P52: =B14/Toxicity!$B$5+C14/Toxicity!$B$6+D14/Toxicity!$B$7+E14/Toxicity!$B$8+F14/Toxicity!$B$9+G14/Toxicity!$B$10+H14/Toxicity!$B$11+I14/Toxicity!$B$12+J14/Toxicity!$B$13+K14/Toxicity!$B$14+L14/Toxicity!$B$15+M14/Toxicity!$B$16+N14/Toxicity!$B$17+O14/Toxicity!$B$18 -> 0.001174249 | Q52: =B33/Toxicity!$B$5+C33/Toxicity!$B$6+D33/Toxicity!$B$7+E33/Toxicity!$B$8+F33/Toxicity!$B$9+G33/Toxicity!$B$10+H33/Toxicity!$B$11+I33/Toxicity!$B$12+J33/Toxicity!$B$13+K33/Toxicity!$B$14+L33/Toxicity!$B$15+M33/Toxicity!$B$16+N33/Toxicity!$B$17+O33/Toxicity!$B$18 -> 0.00038546512 | R52: =SUM(B52:O52) -> 0.0015597141 | S52: =IF(R52<1,"Yes — no appreciable hazard","No — hazard") -> Yes — no appreciable hazard
A53: Chayar Char | B53: =(B15+B34)/Toxicity!$B$5 -> 3.062763e-05 | C53: =(C15+C34)/Toxicity!$B$6 -> 4.0443155e-05 | D53: =(D15+D34)/Toxicity!$B$7 -> 2.8125432e-05 | E53: =(E15+E34)/Toxicity!$B$8 -> 2.0016555e-05 | F53: =(F15+F34)/Toxicity!$B$9 -> 2.8131568e-05 | G53: =(G15+G34)/Toxicity!$B$10 -> 7.3405282e-05 | H53: =(H15+H34)/Toxicity!$B$11 -> 3.5663436e-05 | I53: =(I15+I34)/Toxicity!$B$12 -> 7.0612051e-05 | J53: =(J15+J34)/Toxicity!$B$13 -> 1.8788344e-05 | K53: =(K15+K34)/Toxicity!$B$14 -> 4.3685327e-05 | L53: =(L15+L34)/Toxicity!$B$15 -> 0.00027620135 | M53: =(M15+M34)/Toxicity!$B$16 -> 0.00027712976 | N53: =(N15+N34)/Toxicity!$B$17 -> 1.9000847e-05 | O53: =(O15+O34)/Toxicity!$B$18 -> 0.0012147271 | P53: =B15/Toxicity!$B$5+C15/Toxicity!$B$6+D15/Toxicity!$B$7+E15/Toxicity!$B$8+F15/Toxicity!$B$9+G15/Toxicity!$B$10+H15/Toxicity!$B$11+I15/Toxicity!$B$12+J15/Toxicity!$B$13+K15/Toxicity!$B$14+L15/Toxicity!$B$15+M15/Toxicity!$B$16+N15/Toxicity!$B$17+O15/Toxicity!$B$18 -> 0.0016200574 | Q53: =B34/Toxicity!$B$5+C34/Toxicity!$B$6+D34/Toxicity!$B$7+E34/Toxicity!$B$8+F34/Toxicity!$B$9+G34/Toxicity!$B$10+H34/Toxicity!$B$11+I34/Toxicity!$B$12+J34/Toxicity!$B$13+K34/Toxicity!$B$14+L34/Toxicity!$B$15+M34/Toxicity!$B$16+N34/Toxicity!$B$17+O34/Toxicity!$B$18 -> 0.00055650038 | R53: =SUM(B53:O53) -> 0.0021765578 | S53: =IF(R53<1,"Yes — no appreciable hazard","No — hazard") -> Yes — no appreciable hazard
A54: Kalurghat | B54: =(B16+B35)/Toxicity!$B$5 -> 3.7197559e-05 | C54: =(C16+C35)/Toxicity!$B$6 -> 4.249645e-05 | D54: =(D16+D35)/Toxicity!$B$7 -> 3.5321167e-05 | E54: =(E16+E35)/Toxicity!$B$8 -> 2.8565132e-05 | F54: =(F16+F35)/Toxicity!$B$9 -> 3.4979633e-05 | G54: =(G16+G35)/Toxicity!$B$10 -> 9.1886979e-05 | H54: =(H16+H35)/Toxicity!$B$11 -> 4.4537818e-05 | I54: =(I16+I35)/Toxicity!$B$12 -> 8.7916036e-05 | J54: =(J16+J35)/Toxicity!$B$13 -> 2.3645603e-05 | K54: =(K16+K35)/Toxicity!$B$14 -> 8.1302609e-05 | L54: =(L16+L35)/Toxicity!$B$15 -> 0.00049733705 | M54: =(M16+M35)/Toxicity!$B$16 -> 0.00041126767 | N54: =(N16+N35)/Toxicity!$B$17 -> 3.5115539e-05 | O54: =(O16+O35)/Toxicity!$B$18 -> 0.0019986486 | P54: =B16/Toxicity!$B$5+C16/Toxicity!$B$6+D16/Toxicity!$B$7+E16/Toxicity!$B$8+F16/Toxicity!$B$9+G16/Toxicity!$B$10+H16/Toxicity!$B$11+I16/Toxicity!$B$12+J16/Toxicity!$B$13+K16/Toxicity!$B$14+L16/Toxicity!$B$15+M16/Toxicity!$B$16+N16/Toxicity!$B$17+O16/Toxicity!$B$18 -> 0.0025494571 | Q54: =B35/Toxicity!$B$5+C35/Toxicity!$B$6+D35/Toxicity!$B$7+E35/Toxicity!$B$8+F35/Toxicity!$B$9+G35/Toxicity!$B$10+H35/Toxicity!$B$11+I35/Toxicity!$B$12+J35/Toxicity!$B$13+K35/Toxicity!$B$14+L35/Toxicity!$B$15+M35/Toxicity!$B$16+N35/Toxicity!$B$17+O35/Toxicity!$B$18 -> 0.00090076082 | R54: =SUM(B54:O54) -> 0.0034502179 | S54: =IF(R54<1,"Yes — no appreciable hazard","No — hazard") -> Yes — no appreciable hazard
A55: Up-stream | B55: =(B17+B36)/Toxicity!$B$5 -> 1.110122e-05 | C55: =(C17+C36)/Toxicity!$B$6 -> 2.3184096e-05 | D55: =(D17+D36)/Toxicity!$B$7 -> 1.1553191e-05 | E55: =(E17+E36)/Toxicity!$B$8 -> 1.3186214e-05 | F55: =(F17+F36)/Toxicity!$B$9 -> 2.5163425e-05 | G55: =(G17+G36)/Toxicity!$B$10 -> 3.8785249e-05 | H55: =(H17+H36)/Toxicity!$B$11 -> 1.8431227e-05 | I55: =(I17+I36)/Toxicity!$B$12 -> 3.63106e-05 | J55: =(J17+J36)/Toxicity!$B$13 -> 8.2784026e-06 | K55: =(K17+K36)/Toxicity!$B$14 -> 9.3173948e-06 | L55: =(L17+L36)/Toxicity!$B$15 -> 0.00011422682 | M55: =(M17+M36)/Toxicity!$B$16 -> 0.00011086809 | N55: =(N17+N36)/Toxicity!$B$17 -> 9.8756198e-06 | O55: =(O17+O36)/Toxicity!$B$18 -> 0.00060266253 | P55: =B17/Toxicity!$B$5+C17/Toxicity!$B$6+D17/Toxicity!$B$7+E17/Toxicity!$B$8+F17/Toxicity!$B$9+G17/Toxicity!$B$10+H17/Toxicity!$B$11+I17/Toxicity!$B$12+J17/Toxicity!$B$13+K17/Toxicity!$B$14+L17/Toxicity!$B$15+M17/Toxicity!$B$16+N17/Toxicity!$B$17+O17/Toxicity!$B$18 -> 0.00077094563 | Q55: =B36/Toxicity!$B$5+C36/Toxicity!$B$6+D36/Toxicity!$B$7+E36/Toxicity!$B$8+F36/Toxicity!$B$9+G36/Toxicity!$B$10+H36/Toxicity!$B$11+I36/Toxicity!$B$12+J36/Toxicity!$B$13+K36/Toxicity!$B$14+L36/Toxicity!$B$15+M36/Toxicity!$B$16+N36/Toxicity!$B$17+O36/Toxicity!$B$18 -> 0.00026199846 | R55: =SUM(B55:O55) -> 0.0010329441 | S55: =IF(R55<1,"Yes — no appreciable hazard","No — hazard") -> Yes — no appreciable hazard
... A58: Overall | B58: =(B20+B39)/Toxicity!$B$5 -> 2.1456501e-05 | C58: =(C20+C39)/Toxicity!$B$6 -> 2.8238007e-05 | D58: =(D20+D39)/Toxicity!$B$7 -> 1.6387593e-05 | E58: =(E20+E39)/Toxicity!$B$8 -> 1.7054393e-05 | F58: =(F20+F39)/Toxicity!$B$9 -> 2.5587167e-05 | G58: =(G20+G39)/Toxicity!$B$10 -> 5.7479793e-05 | H58: =(H20+H39)/Toxicity!$B$11 -> 2.79647e-05 | I58: =(I20+I39)/Toxicity!$B$12 -> 5.5170934e-05 | J58: =(J20+J39)/Toxicity!$B$13 -> 1.0366121e-05 | K58: =(K20+K39)/Toxicity!$B$14 -> 2.4277149e-05 | L58: =(L20+L39)/Toxicity!$B$15 -> 0.0001615364 | M58: =(M20+M39)/Toxicity!$B$16 -> 0.00015719673 | N58: =(N20+N39)/Toxicity!$B$17 -> 1.0996872e-05 | O58: =(O20+O39)/Toxicity!$B$18 -> 0.00075326302 | P58: =B20/Toxicity!$B$5+C20/Toxicity!$B$6+D20/Toxicity!$B$7+E20/Toxicity!$B$8+F20/Toxicity!$B$9+G20/Toxicity!$B$10+H20/Toxicity!$B$11+I20/Toxicity!$B$12+J20/Toxicity!$B$13+K20/Toxicity!$B$14+L20/Toxicity!$B$15+M20/Toxicity!$B$16+N20/Toxicity!$B$17+O20/Toxicity!$B$18 -> 0.0010241236 | Q58: =B39/Toxicity!$B$5+C39/Toxicity!$B$6+D39/Toxicity!$B$7+E39/Toxicity!$B$8+F39/Toxicity!$B$9+G39/Toxicity!$B$10+H39/Toxicity!$B$11+I39/Toxicity!$B$12+J39/Toxicity!$B$13+K39/Toxicity!$B$14+L39/Toxicity!$B$15+M39/Toxicity!$B$16+N39/Toxicity!$B$17+O39/Toxicity!$B$18 -> 0.00034285173 | R58: =SUM(B58:O58) -> 0.0013669754 | S58: =IF(R58<1,"Yes — no appreciable hazard","No — hazard") -> Yes — no appreciable hazard
A61: Adult — CDI ingestion, carcinogenic (mg/kg-day, lifetime-averaged)
A62: Group | B62: o,p'-DDT | C62: p,p'-DDT | D62: o,p'-DDD | E62: p,p'-DDD | F62: o,p'-DDE | G62: p,p'-DDE | H62: α-HCH | I62: β-HCH | J62: γ-HCH (Lindane) | K62: δ-HCH | L62: Aldrin | M62: Dieldrin | N62: Heptachlor | O62: Heptachlor epoxide
A63: Bhujpur Dam | B63: ='Group Means'!C5/1000*Parameters!$C$17 -> 3.8283105e-09 | C63: ='Group Means'!D5/1000*Parameters!$C$17 -> 8.7826484e-09 | D63: ='Group Means'!E5/1000*Parameters!$C$17 -> 5.1817352e-09 | E63: ='Group Means'!F5/1000*Parameters!$C$17 -> 5.1817352e-09 | F63: ='Group Means'!G5/1000*Parameters!$C$17 -> 1.1126941e-08 | G63: ='Group Means'!H5/1000*Parameters!$C$17 -> 1.4909132e-08 | H63: ='Group Means'!I5/1000*Parameters!$C$17 -> 3.4666667e-09 | I63: ='Group Means'!J5/1000*Parameters!$C$17 -> 6.8296804e-09 | ... O63: ='Group Means'!P5/1000*Parameters!$C$17 -> 3.0232877e-09
A64: Ekkhuliya | B64: ='Group Means'!C6/1000*Parameters!$C$17 -> 6.8493151e-10 | C64: ='Group Means'!D6/1000*Parameters!$C$17 -> 6.4054795e-09 | D64: ='Group Means'!E6/1000*Parameters!$C$17 -> 6.8493151e-10 | E64: ='Group Means'!F6/1000*Parameters!$C$17 -> 6.8493151e-10 | F64: ='Group Means'!G6/1000*Parameters!$C$17 -> 9.947032e-09 | G64: ='Group Means'!H6/1000*Parameters!$C$17 -> 1.1418721e-08 | H64: ='Group Means'!I6/1000*Parameters!$C$17 -> 6.8493151e-10 | I64: ='Group Means'!J6/1000*Parameters!$C$17 -> 1.3493151e-09 | ... O64: ='Group Means'!P6/1000*Parameters!$C$17 -> 6.8493151e-10
A65: Nazirhat | B65: ='Group Means'!C7/1000*Parameters!$C$17 -> 1.0358447e-08 | C65: ='Group Means'!D7/1000*Parameters!$C$17 -> 1.587032e-08 | D65: ='Group Means'!E7/1000*Parameters!$C$17 -> 9.6105023e-09 | E65: ='Group Means'!F7/1000*Parameters!$C$17 -> 1.1798174e-08 | F65: ='Group Means'!G7/1000*Parameters!$C$17 -> 1.2636073e-08 | G65: ='Group Means'!H7/1000*Parameters!$C$17 -> 2.5630594e-08 | H65: ='Group Means'!I7/1000*Parameters!$C$17 -> 1.0153425e-08 | I65: ='Group Means'!J7/1000*Parameters!$C$17 -> 2.000274e-08 | ... O65: ='Group Means'!P7/1000*Parameters!$C$17 -> 1.3092237e-08
A66: Sekandar Para | B66: ='Group Means'!C8/1000*Parameters!$C$17 -> 5.8876712e-09 | C66: ='Group Means'!D8/1000*Parameters!$C$17 -> 8.3876712e-09 | D66: ='Group Means'!E8/1000*Parameters!$C$17 -> 6.8493151e-10 | E66: ='Group Means'!F8/1000*Parameters!$C$17 -> 7.4840183e-09 | F66: ='Group Means'!G8/1000*Parameters!$C$17 -> 8.969863e-09 | G66: ='Group Means'!H8/1000*Parameters!$C$17 -> 1.7808219e-08 | H66: ='Group Means'!I8/1000*Parameters!$C$17 -> 4.2461187e-09 | I66: ='Group Means'!J8/1000*Parameters!$C$17 -> 8.3639269e-09 | ... O66: ='Group Means'!P8/1000*Parameters!$C$17 -> 6.8493151e-10
A67: Nichintapur | B67: ='Group Means'!C9/1000*Parameters!$C$17 -> 8.2940639e-09 | C67: ='Group Means'!D9/1000*Parameters!$C$17 -> 1.1885388e-08 | D67: ='Group Means'!E9/1000*Parameters!$C$17 -> 6.8753425e-09 | E67: ='Group Means'!F9/1000*Parameters!$C$17 -> 4.6474886e-09 | F67: ='Group Means'!G9/1000*Parameters!$C$17 -> 1.0120548e-08 | G67: ='Group Means'!H9/1000*Parameters!$C$17 -> 2.5876712e-08 | H67: ='Group Means'!I9/1000*Parameters!$C$17 -> 5.4936073e-09 | I67: ='Group Means'!J9/1000*Parameters!$C$17 -> 1.0822374e-08 | ... O67: ='Group Means'!P9/1000*Parameters!$C$17 -> 5.2004566e-09
A68: Nadimpur | B68: ='Group Means'!C10/1000*Parameters!$C$17 -> 9.0378995e-09 | C68: ='Group Means'!D10/1000*Parameters!$C$17 -> 1.243242e-08 | D68: ='Group Means'!E10/1000*Parameters!$C$17 -> 8.0260274e-09 | E68: ='Group Means'!F10/1000*Parameters!$C$17 -> 6.509589e-09 | F68: ='Group Means'!G10/1000*Parameters!$C$17 -> 1.0468493e-08 | G68: ='Group Means'!H10/1000*Parameters!$C$17 -> 2.7879452e-08 | H68: ='Group Means'!I10/1000*Parameters!$C$17 -> 7.2707763e-09 | I68: ='Group Means'!J10/1000*Parameters!$C$17 -> 1.4414612e-08 | ... O68: ='Group Means'!P10/1000*Parameters!$C$17 -> 4.8442922e-09
A69: West Binajuri | B69: ='Group Means'!C11/1000*Parameters!$C$17 -> 1.143653e-08 | C69: ='Group Means'!D11/1000*Parameters!$C$17 -> 1.2218721e-08 | D69: ='Group Means'!E11/1000*Parameters!$C$17 -> 6.8493151e-10 | E69: ='Group Means'!F11/1000*Parameters!$C$17 -> 6.8803653e-09 | F69: ='Group Means'!G11/1000*Parameters!$C$17 -> 1.0409589e-08 | G69: ='Group Means'!H11/1000*Parameters!$C$17 -> 2.723379e-08 | H69: ='Group Means'!I11/1000*Parameters!$C$17 -> 9.3e-09 | I69: ='Group Means'!J11/1000*Parameters!$C$17 -> 1.8321005e-08 | ... O69: ='Group Means'!P11/1000*Parameters!$C$17 -> 4.3447489e-09
A70: Napiter Ghona | B70: ='Group Means'!C12/1000*Parameters!$C$17 -> 1.2626484e-08 | C70: ='Group Means'!D12/1000*Parameters!$C$17 -> 1.1940639e-08 | D70: ='Group Means'!E12/1000*Parameters!$C$17 -> 1.1668037e-08 | E70: ='Group Means'!F12/1000*Parameters!$C$17 -> 7.026484e-09 | F70: ='Group Means'!G12/1000*Parameters!$C$17 -> 1.1138356e-08 | G70: ='Group Means'!H12/1000*Parameters!$C$17 -> 2.8692694e-08 | H70: ='Group Means'!I12/1000*Parameters!$C$17 -> 7.9995434e-09 | I70: ='Group Means'!J12/1000*Parameters!$C$17 -> 1.5758447e-08 | ... O70: ='Group Means'!P12/1000*Parameters!$C$17 -> 7.8538813e-09
A71: Horekrishno Mohajoner Tek | B71: ='Group Means'!C13/1000*Parameters!$C$17 -> 1.2953425e-08 | C71: ='Group Means'!D13/1000*Parameters!$C$17 -> 1.3746119e-08 | D71: ='Group Means'!E13/1000*Parameters!$C$17 -> 8.7479452e-09 | E71: ='Group Means'!F13/1000*Parameters!$C$17 -> 1.186484e-08 | F71: ='Group Means'!G13/1000*Parameters!$C$17 -> 1.2685845e-08 | G71: ='Group Means'!H13/1000*Parameters!$C$17 -> 2.9082192e-08 | H71: ='Group Means'!I13/1000*Parameters!$C$17 -> 1.0218265e-08 | I71: ='Group Means'!J13/1000*Parameters!$C$17 -> 2.013105e-08 | ... O71: ='Group Means'!P13/1000*Parameters!$C$17 -> 7.4068493e-09
A72: Chayar Char | B72: ='Group Means'!C14/1000*Parameters!$C$17 -> 1.3676712e-08 | C72: ='Group Means'!D14/1000*Parameters!$C$17 -> 1.8059817e-08 | D72: ='Group Means'!E14/1000*Parameters!$C$17 -> 1.2559361e-08 | E72: ='Group Means'!F14/1000*Parameters!$C$17 -> 8.9383562e-09 | F72: ='Group Means'!G14/1000*Parameters!$C$17 -> 1.25621e-08 | G72: ='Group Means'!H14/1000*Parameters!$C$17 -> 3.2778995e-08 | H72: ='Group Means'!I14/1000*Parameters!$C$17 -> 9.226484e-09 | I72: ='Group Means'!J14/1000*Parameters!$C$17 -> 1.8268037e-08 | ... O72: ='Group Means'!P14/1000*Parameters!$C$17 -> 1.1287671e-08
A73: Kalurghat | B73: ='Group Means'!C15/1000*Parameters!$C$17 -> 1.6610502e-08 | C73: ='Group Means'!D15/1000*Parameters!$C$17 -> 1.8976712e-08 | D73: ='Group Means'!E15/1000*Parameters!$C$17 -> 1.5772603e-08 | E73: ='Group Means'!F15/1000*Parameters!$C$17 -> 1.2755708e-08 | F73: ='Group Means'!G15/1000*Parameters!$C$17 -> 1.5620091e-08 | G73: ='Group Means'!H15/1000*Parameters!$C$17 -> 4.1031963e-08 | H73: ='Group Means'!I15/1000*Parameters!$C$17 -> 1.1522374e-08 | I73: ='Group Means'!J15/1000*Parameters!$C$17 -> 2.2744749e-08 | ... O73: ='Group Means'!P15/1000*Parameters!$C$17 -> 1.8572146e-08
A74: Up-stream | B74: ='Group Means'!C16/1000*Parameters!$C$17 -> 4.9572298e-09 | C74: ='Group Means'!D16/1000*Parameters!$C$17 -> 1.0352816e-08 | D74: ='Group Means'!E16/1000*Parameters!$C$17 -> 5.1590563e-09 | E74: ='Group Means'!F16/1000*Parameters!$C$17 -> 5.8882801e-09 | F74: ='Group Means'!G16/1000*Parameters!$C$17 -> 1.1236682e-08 | G74: ='Group Means'!H16/1000*Parameters!$C$17 -> 1.7319482e-08 | H74: ='Group Means'!I16/1000*Parameters!$C$17 -> 4.7683409e-09 | I74: ='Group Means'!J16/1000*Parameters!$C$17 -> 9.3939117e-09 | ... O74: ='Group Means'!P16/1000*Parameters!$C$17 -> 5.6001522e-09
... A77: Overall | B77: ='Group Means'!C19/1000*Parameters!$C$17 -> 9.5813616e-09 | C77: ='Group Means'!D19/1000*Parameters!$C$17 -> 1.2609631e-08 | D77: ='Group Means'!E19/1000*Parameters!$C$17 -> 7.3178497e-09 | E77: ='Group Means'!F19/1000*Parameters!$C$17 -> 7.6156081e-09 | F77: ='Group Means'!G19/1000*Parameters!$C$17 -> 1.1425903e-08 | G77: ='Group Means'!H19/1000*Parameters!$C$17 -> 2.5667497e-08 | H77: ='Group Means'!I19/1000*Parameters!$C$17 -> 7.2347447e-09 | I77: ='Group Means'!J19/1000*Parameters!$C$17 -> 1.4273267e-08 | ... O77: ='Group Means'!P19/1000*Parameters!$C$17 -> 6.9995849e-09
A80: Adult — CDI dermal, carcinogenic (mg/kg-day, lifetime-averaged)
A81: Group | B81: o,p'-DDT | C81: p,p'-DDT | D81: o,p'-DDD | E81: p,p'-DDD | F81: o,p'-DDE | G81: p,p'-DDE | H81: α-HCH | I81: β-HCH | J81: γ-HCH (Lindane) | K81: δ-HCH | L81: Aldrin | M81: Dieldrin | N81: Heptachlor | O81: Heptachlor epoxide
A82: Bhujpur Dam | B82: ='Group Means'!C5/1000*Parameters!$C$18*Toxicity!$D$5 -> 4.5824877e-10 | C82: ='Group Means'!D5/1000*Parameters!$C$18*Toxicity!$D$6 -> 1.051283e-09 | D82: ='Group Means'!E5/1000*Parameters!$C$18*Toxicity!$D$7 -> 6.202537e-10 | E82: ='Group Means'!F5/1000*Parameters!$C$18*Toxicity!$D$8 -> 6.202537e-10 | F82: ='Group Means'!G5/1000*Parameters!$C$18*Toxicity!$D$9 -> 1.3318948e-09 | G82: ='Group Means'!H5/1000*Parameters!$C$18*Toxicity!$D$10 -> 1.7846232e-09 | H82: ='Group Means'!I5/1000*Parameters!$C$18*Toxicity!$D$11 -> 5.5328e-10 | I82: ='Group Means'!J5/1000*Parameters!$C$18*Toxicity!$D$12 -> 1.090017e-09 | J82: ='Group Means'!K5/1000*Parameters!$C$18*Toxicity!$D$13 -> 1.0931507e-10 | K82: ='Group Means'!L5/1000*Parameters!$C$18*Toxicity!$D$14 -> 1.0931507e-10 | L82: ='Group Means'!M5/1000*Parameters!$C$18*Toxicity!$D$15 -> 2.7328767e-10 | M82: ='Group Means'!N5/1000*Parameters!$C$18*Toxicity!$D$16 -> 5.7117123e-10 | N82: ='Group Means'!O5/1000*Parameters!$C$18*Toxicity!$D$17 -> 2.7328767e-10 | O82: ='Group Means'!P5/1000*Parameters!$C$18*Toxicity!$D$18 -> 1.2062918e-09
A83: Ekkhuliya | B83: ='Group Means'!C6/1000*Parameters!$C$18*Toxicity!$D$5 -> 8.1986301e-11 | C83: ='Group Means'!D6/1000*Parameters!$C$18*Toxicity!$D$6 -> 7.6673589e-10 | D83: ='Group Means'!E6/1000*Parameters!$C$18*Toxicity!$D$7 -> 8.1986301e-11 | E83: ='Group Means'!F6/1000*Parameters!$C$18*Toxicity!$D$8 -> 8.1986301e-11 | F83: ='Group Means'!G6/1000*Parameters!$C$18*Toxicity!$D$9 -> 1.1906597e-09 | G83: ='Group Means'!H6/1000*Parameters!$C$18*Toxicity!$D$10 -> 1.366821e-09 | H83: ='Group Means'!I6/1000*Parameters!$C$18*Toxicity!$D$11 -> 1.0931507e-10 | I83: ='Group Means'!J6/1000*Parameters!$C$18*Toxicity!$D$12 -> 2.1535068e-10 | J83: ='Group Means'!K6/1000*Parameters!$C$18*Toxicity!$D$13 -> 1.0931507e-10 | K83: ='Group Means'!L6/1000*Parameters!$C$18*Toxicity!$D$14 -> 1.0931507e-10 | L83: ='Group Means'!M6/1000*Parameters!$C$18*Toxicity!$D$15 -> 2.7328767e-10 | M83: ='Group Means'!N6/1000*Parameters!$C$18*Toxicity!$D$16 -> 2.7328767e-10 | N83: ='Group Means'!O6/1000*Parameters!$C$18*Toxicity!$D$17 -> 2.7328767e-10 | O83: ='Group Means'!P6/1000*Parameters!$C$18*Toxicity!$D$18 -> 2.7328767e-10
A84: Nazirhat | B84: ='Group Means'!C7/1000*Parameters!$C$18*Toxicity!$D$5 -> 1.2399062e-09 | C84: ='Group Means'!D7/1000*Parameters!$C$18*Toxicity!$D$6 -> 1.8996773e-09 | D84: ='Group Means'!E7/1000*Parameters!$C$18*Toxicity!$D$7 -> 1.1503771e-09 | E84: ='Group Means'!F7/1000*Parameters!$C$18*Toxicity!$D$8 -> 1.4122414e-09 | F84: ='Group Means'!G7/1000*Parameters!$C$18*Toxicity!$D$9 -> 1.5125379e-09 | G84: ='Group Means'!H7/1000*Parameters!$C$18*Toxicity!$D$10 -> 3.0679821e-09 | H84: ='Group Means'!I7/1000*Parameters!$C$18*Toxicity!$D$11 -> 1.6204866e-09 | I84: ='Group Means'!J7/1000*Parameters!$C$18*Toxicity!$D$12 -> 3.1924373e-09 | J84: ='Group Means'!K7/1000*Parameters!$C$18*Toxicity!$D$13 -> 8.0681808e-10 | K84: ='Group Means'!L7/1000*Parameters!$C$18*Toxicity!$D$14 -> 9.3551836e-10 | L84: ='Group Means'!M7/1000*Parameters!$C$18*Toxicity!$D$15 -> 2.385437e-09 | M84: ='Group Means'!N7/1000*Parameters!$C$18*Toxicity!$D$16 -> 3.8985397e-09 | N84: ='Group Means'!O7/1000*Parameters!$C$18*Toxicity!$D$17 -> 3.6782699e-09 | O84: ='Group Means'!P7/1000*Parameters!$C$18*Toxicity!$D$18 -> 5.2238027e-09
A85: Sekandar Para | B85: ='Group Means'!C8/1000*Parameters!$C$18*Toxicity!$D$5 -> 7.0475425e-10 | C85: ='Group Means'!D8/1000*Parameters!$C$18*Toxicity!$D$6 -> 1.0040042e-09 | D85: ='Group Means'!E8/1000*Parameters!$C$18*Toxicity!$D$7 -> 8.1986301e-11 | E85: ='Group Means'!F8/1000*Parameters!$C$18*Toxicity!$D$8 -> 8.9583699e-10 | F85: ='Group Means'!G8/1000*Parameters!$C$18*Toxicity!$D$9 -> 1.0736926e-09 | G85: ='Group Means'!H8/1000*Parameters!$C$18*Toxicity!$D$10 -> 2.1316438e-09 | H85: ='Group Means'!I8/1000*Parameters!$C$18*Toxicity!$D$11 -> 6.7768055e-10 | I85: ='Group Means'!J8/1000*Parameters!$C$18*Toxicity!$D$12 -> 1.3348827e-09 | J85: ='Group Means'!K8/1000*Parameters!$C$18*Toxicity!$D$13 -> 1.0931507e-10 | K85: ='Group Means'!L8/1000*Parameters!$C$18*Toxicity!$D$14 -> 1.0931507e-10 | L85: ='Group Means'!M8/1000*Parameters!$C$18*Toxicity!$D$15 -> 6.4568767e-10 | M85: ='Group Means'!N8/1000*Parameters!$C$18*Toxicity!$D$16 -> 1.8348534e-09 | N85: ='Group Means'!O8/1000*Parameters!$C$18*Toxicity!$D$17 -> 2.7328767e-10 | O85: ='Group Means'!P8/1000*Parameters!$C$18*Toxicity!$D$18 -> 2.7328767e-10
A86: Nichintapur | B86: ='Group Means'!C9/1000*Parameters!$C$18*Toxicity!$D$5 -> 9.9279945e-10 | C86: ='Group Means'!D9/1000*Parameters!$C$18*Toxicity!$D$6 -> 1.422681e-09 | D86: ='Group Means'!E9/1000*Parameters!$C$18*Toxicity!$D$7 -> 8.2297849e-10 | E86: ='Group Means'!F9/1000*Parameters!$C$18*Toxicity!$D$8 -> 5.5630438e-10 | F86: ='Group Means'!G9/1000*Parameters!$C$18*Toxicity!$D$9 -> 1.2114296e-09 | G86: ='Group Means'!H9/1000*Parameters!$C$18*Toxicity!$D$10 -> 3.0974425e-09 | H86: ='Group Means'!I9/1000*Parameters!$C$18*Toxicity!$D$11 -> 8.7677973e-10 | I86: ='Group Means'!J9/1000*Parameters!$C$18*Toxicity!$D$12 -> 1.727251e-09 | J86: ='Group Means'!K9/1000*Parameters!$C$18*Toxicity!$D$13 -> 1.0931507e-10 | K86: ='Group Means'!L9/1000*Parameters!$C$18*Toxicity!$D$14 -> 6.5013315e-10 | L86: ='Group Means'!M9/1000*Parameters!$C$18*Toxicity!$D$15 -> 2.7328767e-10 | M86: ='Group Means'!N9/1000*Parameters!$C$18*Toxicity!$D$16 -> 1.3762767e-09 | N86: ='Group Means'!O9/1000*Parameters!$C$18*Toxicity!$D$17 -> 6.4805616e-10 | O86: ='Group Means'!P9/1000*Parameters!$C$18*Toxicity!$D$18 -> 2.0749822e-09
A87: Nadimpur | B87: ='Group Means'!C10/1000*Parameters!$C$18*Toxicity!$D$5 -> 1.0818366e-09 | C87: ='Group Means'!D10/1000*Parameters!$C$18*Toxicity!$D$6 -> 1.4881607e-09 | D87: ='Group Means'!E10/1000*Parameters!$C$18*Toxicity!$D$7 -> 9.6071548e-10 | E87: ='Group Means'!F10/1000*Parameters!$C$18*Toxicity!$D$8 -> 7.7919781e-10 | F87: ='Group Means'!G10/1000*Parameters!$C$18*Toxicity!$D$9 -> 1.2530786e-09 | G87: ='Group Means'!H10/1000*Parameters!$C$18*Toxicity!$D$10 -> 3.3371704e-09 | H87: ='Group Means'!I10/1000*Parameters!$C$18*Toxicity!$D$11 -> 1.1604159e-09 | I87: ='Group Means'!J10/1000*Parameters!$C$18*Toxicity!$D$12 -> 2.3005721e-09 | J87: ='Group Means'!K10/1000*Parameters!$C$18*Toxicity!$D$13 -> 1.0931507e-10 | K87: ='Group Means'!L10/1000*Parameters!$C$18*Toxicity!$D$14 -> 7.3277534e-10 | L87: ='Group Means'!M10/1000*Parameters!$C$18*Toxicity!$D$15 -> 8.2132055e-10 | M87: ='Group Means'!N10/1000*Parameters!$C$18*Toxicity!$D$16 -> 2.7328767e-10 | N87: ='Group Means'!O10/1000*Parameters!$C$18*Toxicity!$D$17 -> 7.2913151e-10 | O87: ='Group Means'!P10/1000*Parameters!$C$18*Toxicity!$D$18 -> 1.9328726e-09
A88: West Binajuri | B88: ='Group Means'!C11/1000*Parameters!$C$18*Toxicity!$D$5 -> 1.3689526e-09 | C88: ='Group Means'!D11/1000*Parameters!$C$18*Toxicity!$D$6 -> 1.462581e-09 | D88: ='Group Means'!E11/1000*Parameters!$C$18*Toxicity!$D$7 -> 8.1986301e-11 | E88: ='Group Means'!F11/1000*Parameters!$C$18*Toxicity!$D$8 -> 8.2357973e-10 | F88: ='Group Means'!G11/1000*Parameters!$C$18*Toxicity!$D$9 -> 1.2460278e-09 | G88: ='Group Means'!H11/1000*Parameters!$C$18*Toxicity!$D$10 -> 3.2598847e-09 | H88: ='Group Means'!I11/1000*Parameters!$C$18*Toxicity!$D$11 -> 1.48428e-09 | I88: ='Group Means'!J11/1000*Parameters!$C$18*Toxicity!$D$12 -> 2.9240323e-09 | J88: ='Group Means'!K11/1000*Parameters!$C$18*Toxicity!$D$13 -> 5.9890082e-10 | K88: ='Group Means'!L11/1000*Parameters!$C$18*Toxicity!$D$14 -> 6.981589e-10 | L88: ='Group Means'!M11/1000*Parameters!$C$18*Toxicity!$D$15 -> 9.4630411e-10 | M88: ='Group Means'!N11/1000*Parameters!$C$18*Toxicity!$D$16 -> 2.0172274e-09 | N88: ='Group Means'!O11/1000*Parameters!$C$18*Toxicity!$D$17 -> 2.7328767e-10 | O88: ='Group Means'!P11/1000*Parameters!$C$18*Toxicity!$D$18 -> 1.7335548e-09
A89: Napiter Ghona | B89: ='Group Means'!C12/1000*Parameters!$C$18*Toxicity!$D$5 -> 1.5113901e-09 | C89: ='Group Means'!D12/1000*Parameters!$C$18*Toxicity!$D$6 -> 1.4292945e-09 | D89: ='Group Means'!E12/1000*Parameters!$C$18*Toxicity!$D$7 -> 1.396664e-09 | E89: ='Group Means'!F12/1000*Parameters!$C$18*Toxicity!$D$8 -> 8.4107014e-10 | F89: ='Group Means'!G12/1000*Parameters!$C$18*Toxicity!$D$9 -> 1.3332612e-09 | G89: ='Group Means'!H12/1000*Parameters!$C$18*Toxicity!$D$10 -> 3.4345155e-09 | H89: ='Group Means'!I12/1000*Parameters!$C$18*Toxicity!$D$11 -> 1.2767271e-09 | I89: ='Group Means'!J12/1000*Parameters!$C$18*Toxicity!$D$12 -> 2.5150482e-09 | J89: ='Group Means'!K12/1000*Parameters!$C$18*Toxicity!$D$13 -> 5.0940822e-10 | K89: ='Group Means'!L12/1000*Parameters!$C$18*Toxicity!$D$14 -> 1.1993321e-09 | L89: ='Group Means'!M12/1000*Parameters!$C$18*Toxicity!$D$15 -> 1.1458041e-09 | M89: ='Group Means'!N12/1000*Parameters!$C$18*Toxicity!$D$16 -> 2.0573096e-09 | N89: ='Group Means'!O12/1000*Parameters!$C$18*Toxicity!$D$17 -> 1.8179096e-09 | O89: ='Group Means'!P12/1000*Parameters!$C$18*Toxicity!$D$18 -> 3.1336986e-09
A90: Horekrishno Mohajoner Tek | B90: ='Group Means'!C13/1000*Parameters!$C$18*Toxicity!$D$5 -> 1.5505249e-09 | C90: ='Group Means'!D13/1000*Parameters!$C$18*Toxicity!$D$6 -> 1.6454104e-09 | D90: ='Group Means'!E13/1000*Parameters!$C$18*Toxicity!$D$7 -> 1.047129e-09 | E90: ='Group Means'!F13/1000*Parameters!$C$18*Toxicity!$D$8 -> 1.4202214e-09 | F90: ='Group Means'!G13/1000*Parameters!$C$18*Toxicity!$D$9 -> 1.5184956e-09 | G90: ='Group Means'!H13/1000*Parameters!$C$18*Toxicity!$D$10 -> 3.4811384e-09 | H90: ='Group Means'!I13/1000*Parameters!$C$18*Toxicity!$D$11 -> 1.6308351e-09 | I90: ='Group Means'!J13/1000*Parameters!$C$18*Toxicity!$D$12 -> 3.2129156e-09 | J90: ='Group Means'!K13/1000*Parameters!$C$18*Toxicity!$D$13 -> 4.9439562e-10 | K90: ='Group Means'!L13/1000*Parameters!$C$18*Toxicity!$D$14 -> 1.3218378e-09 | L90: ='Group Means'!M13/1000*Parameters!$C$18*Toxicity!$D$15 -> 1.8204603e-09 | M90: ='Group Means'!N13/1000*Parameters!$C$18*Toxicity!$D$16 -> 2.5395712e-09 | N90: ='Group Means'!O13/1000*Parameters!$C$18*Toxicity!$D$17 -> 1.5663027e-09 | O90: ='Group Means'!P13/1000*Parameters!$C$18*Toxicity!$D$18 -> 2.9553329e-09
A91: Chayar Char | B91: ='Group Means'!C14/1000*Parameters!$C$18*Toxicity!$D$5 -> 1.6371025e-09 | C91: ='Group Means'!D14/1000*Parameters!$C$18*Toxicity!$D$6 -> 2.1617601e-09 | D91: ='Group Means'!E14/1000*Parameters!$C$18*Toxicity!$D$7 -> 1.5033555e-09 | E91: ='Group Means'!F14/1000*Parameters!$C$18*Toxicity!$D$8 -> 1.0699212e-09 | F91: ='Group Means'!G14/1000*Parameters!$C$18*Toxicity!$D$9 -> 1.5036834e-09 | G91: ='Group Means'!H14/1000*Parameters!$C$18*Toxicity!$D$10 -> 3.9236458e-09 | H91: ='Group Means'!I14/1000*Parameters!$C$18*Toxicity!$D$11 -> 1.4725468e-09 | I91: ='Group Means'!J14/1000*Parameters!$C$18*Toxicity!$D$12 -> 2.9155786e-09 | J91: ='Group Means'!K14/1000*Parameters!$C$18*Toxicity!$D$13 -> 7.757726e-10 | K91: ='Group Means'!L14/1000*Parameters!$C$18*Toxicity!$D$14 -> 1.8037715e-09 | L91: ='Group Means'!M14/1000*Parameters!$C$18*Toxicity!$D$15 -> 2.3632096e-09 | M91: ='Group Means'!N14/1000*Parameters!$C$18*Toxicity!$D$16 -> 3.9519219e-09 | N91: ='Group Means'!O14/1000*Parameters!$C$18*Toxicity!$D$17 -> 2.7095562e-09 | O91: ='Group Means'!P14/1000*Parameters!$C$18*Toxicity!$D$18 -> 4.5037808e-09
A92: Kalurghat | B92: ='Group Means'!C15/1000*Parameters!$C$18*Toxicity!$D$5 -> 1.9882771e-09 | C92: ='Group Means'!D15/1000*Parameters!$C$18*Toxicity!$D$6 -> 2.2715125e-09 | D92: ='Group Means'!E15/1000*Parameters!$C$18*Toxicity!$D$7 -> 1.8879805e-09 | E92: ='Group Means'!F15/1000*Parameters!$C$18*Toxicity!$D$8 -> 1.5268582e-09 | F92: ='Group Means'!G15/1000*Parameters!$C$18*Toxicity!$D$9 -> 1.8697249e-09 | G92: ='Group Means'!H15/1000*Parameters!$C$18*Toxicity!$D$10 -> 4.911526e-09 | H92: ='Group Means'!I15/1000*Parameters!$C$18*Toxicity!$D$11 -> 1.838971e-09 | I92: ='Group Means'!J15/1000*Parameters!$C$18*Toxicity!$D$12 -> 3.6300619e-09 | J92: ='Group Means'!K15/1000*Parameters!$C$18*Toxicity!$D$13 -> 9.7632932e-10 | K92: ='Group Means'!L15/1000*Parameters!$C$18*Toxicity!$D$14 -> 3.3569929e-09 | L92: ='Group Means'!M15/1000*Parameters!$C$18*Toxicity!$D$15 -> 4.2552712e-09 | M92: ='Group Means'!N15/1000*Parameters!$C$18*Toxicity!$D$16 -> 5.8647534e-09 | N92: ='Group Means'!O15/1000*Parameters!$C$18*Toxicity!$D$17 -> 5.0075411e-09 | O92: ='Group Means'!P15/1000*Parameters!$C$18*Toxicity!$D$18 -> 7.4102863e-09
A93: Up-stream | B93: ='Group Means'!C16/1000*Parameters!$C$18*Toxicity!$D$5 -> 5.9338041e-10 | C93: ='Group Means'!D16/1000*Parameters!$C$18*Toxicity!$D$6 -> 1.2392321e-09 | D93: ='Group Means'!E16/1000*Parameters!$C$18*Toxicity!$D$7 -> 6.1753904e-10 | E93: ='Group Means'!F16/1000*Parameters!$C$18*Toxicity!$D$8 -> 7.0482712e-10 | F93: ='Group Means'!G16/1000*Parameters!$C$18*Toxicity!$D$9 -> 1.3450308e-09 | G93: ='Group Means'!H16/1000*Parameters!$C$18*Toxicity!$D$10 -> 2.0731421e-09 | H93: ='Group Means'!I16/1000*Parameters!$C$18*Toxicity!$D$11 -> 7.6102721e-10 | I93: ='Group Means'!J16/1000*Parameters!$C$18*Toxicity!$D$12 -> 1.4992683e-09 | J93: ='Group Means'!K16/1000*Parameters!$C$18*Toxicity!$D$13 -> 3.4181607e-10 | K93: ='Group Means'!L16/1000*Parameters!$C$18*Toxicity!$D$14 -> 3.8471616e-10 | L93: ='Group Means'!M16/1000*Parameters!$C$18*Toxicity!$D$15 -> 9.7733744e-10 | M93: ='Group Means'!N16/1000*Parameters!$C$18*Toxicity!$D$16 -> 1.5809995e-09 | N93: ='Group Means'!O16/1000*Parameters!$C$18*Toxicity!$D$17 -> 1.4082817e-09 | O93: ='Group Means'!P16/1000*Parameters!$C$18*Toxicity!$D$18 -> 2.2344607e-09
... A96: Overall | B96: ='Group Means'!C19/1000*Parameters!$C$18*Toxicity!$D$5 -> 1.146889e-09 | C96: ='Group Means'!D19/1000*Parameters!$C$18*Toxicity!$D$6 -> 1.5093728e-09 | D96: ='Group Means'!E19/1000*Parameters!$C$18*Toxicity!$D$7 -> 8.7594661e-10 | E96: ='Group Means'!F19/1000*Parameters!$C$18*Toxicity!$D$8 -> 9.1158829e-10 | F96: ='Group Means'!G19/1000*Parameters!$C$18*Toxicity!$D$9 -> 1.3676806e-09 | G96: ='Group Means'!H19/1000*Parameters!$C$18*Toxicity!$D$10 -> 3.0723994e-09 | H96: ='Group Means'!I19/1000*Parameters!$C$18*Toxicity!$D$11 -> 1.1546653e-09 | I96: ='Group Means'!J19/1000*Parameters!$C$18*Toxicity!$D$12 -> 2.2780134e-09 | J96: ='Group Means'!K19/1000*Parameters!$C$18*Toxicity!$D$13 -> 4.2801818e-10 | K96: ='Group Means'!L19/1000*Parameters!$C$18*Toxicity!$D$14 -> 1.0024059e-09 | L96: ='Group Means'!M19/1000*Parameters!$C$18*Toxicity!$D$15 -> 1.3821234e-09 | M96: ='Group Means'!N19/1000*Parameters!$C$18*Toxicity!$D$16 -> 2.2416545e-09 | N96: ='Group Means'!O19/1000*Parameters!$C$18*Toxicity!$D$17 -> 1.5681743e-09 | O96: ='Group Means'!P19/1000*Parameters!$C$18*Toxicity!$D$18 -> 2.7928344e-09
A99: Adult — Cancer risk CR = (CDI_ing,c + CDI_derm,c) × CSF
A100: Group | B100: o,p'-DDT | C100: p,p'-DDT | D100: o,p'-DDD | E100: p,p'-DDD | F100: o,p'-DDE | G100: p,p'-DDE | H100: α-HCH | I100: β-HCH | J100: γ-HCH (Lindane) | K100: δ-HCH | L100: Aldrin | M100: Dieldrin | N100: Heptachlor | O100: Heptachlor epoxide | P100: CR ingestion | Q100: CR dermal | R100: CR total | S100: USEPA range check
A101: Bhujpur Dam | B101: =IF(ISNUMBER(Toxicity!$C$5),(B63+B82)*Toxicity!$C$5,0) -> 1.4574302e-09 | C101: =IF(ISNUMBER(Toxicity!$C$6),(C63+C82)*Toxicity!$C$6,0) -> 3.3435367e-09 | D101: =IF(ISNUMBER(Toxicity!$C$7),(D63+D82)*Toxicity!$C$7,0) -> 1.9726762e-09 | E101: =IF(ISNUMBER(Toxicity!$C$8),(E63+E82)*Toxicity!$C$8,0) -> 1.9726762e-09 | F101: =IF(ISNUMBER(Toxicity!$C$9),(F63+F82)*Toxicity!$C$9,0) -> 4.236004e-09 | G101: =IF(ISNUMBER(Toxicity!$C$10),(G63+G82)*Toxicity!$C$10,0) -> 5.6758769e-09 | H101: =IF(ISNUMBER(Toxicity!$C$11),(H63+H82)*Toxicity!$C$11,0) -> 2.5325664e-08 | I101: =IF(ISNUMBER(Toxicity!$C$12),(I63+I82)*Toxicity!$C$12,0) -> 1.4255455e-08 | J101: =IF(ISNUMBER(Toxicity!$C$13),(J63+J82)*Toxicity!$C$13,0) -> 1.0325205e-09 | K101: =IF(ISNUMBER(Toxicity!$C$14),(K63+K82)*Toxicity!$C$14,0) -> 0 | L101: =IF(ISNUMBER(Toxicity!$C$15),(L63+L82)*Toxicity!$C$15,0) -> 1.6289726e-08 | M101: =IF(ISNUMBER(Toxicity!$C$16),(M63+M82)*Toxicity!$C$16,0) -> 3.2042849e-08 | N101: =IF(ISNUMBER(Toxicity!$C$17),(N63+N82)*Toxicity!$C$17,0) -> 4.3119863e-09 | O101: =IF(ISNUMBER(Toxicity!$C$18),(O63+O82)*Toxicity!$C$18,0) -> 3.8489173e-08 | P101: =IF(ISNUMBER(Toxicity!$C$5),B63*Toxicity!$C$5,0)+IF(ISNUMBER(Toxicity!$C$6),C63*Toxicity!$C$6,0)+IF(ISNUMBER(Toxicity!$C$7),D63*Toxicity!$C$7,0)+IF(ISNUMBER(Toxicity!$C$8),E63*Toxicity!$C$8,0)+IF(ISNUMBER(Toxicity!$C$9),F63*Toxicity!$C$9,0)+IF(ISNUMBER(Toxicity!$C$10),G63*Toxicity!$C$10,0)+IF(ISNUMBER(Toxicity!$C$11),H63*Toxicity!$C$11,0)+IF(ISNUMBER(Toxicity!$C$12),I63*Toxicity!$C$12,0)+IF(ISNUMBER(Toxicity!$C$13),J63*Toxicity!$C$13,0)+IF(ISNUMBER(Toxicity!$C$14),K63*Toxicity!$C$14,0)+IF(ISNUMBER(Toxicity!$C$15),L63*Toxicity!$C$15,0)+IF(ISNUMBER(Toxicity!$C$16),M63*Toxicity!$C$16,0)+IF(ISNUMBER(Toxicity!$C$17),N63*Toxicity!$C$17,0)+IF(ISNUMBER(Toxicity!$C$18),O63*Toxicity!$C$18,0) -> 1.1682946e-07 | Q101: =IF(ISNUMBER(Toxicity!$C$5),B82*Toxicity!$C$5,0)+IF(ISNUMBER(Toxicity!$C$6),C82*Toxicity!$C$6,0)+IF(ISNUMBER(Toxicity!$C$7),D82*Toxicity!$C$7,0)+IF(ISNUMBER(Toxicity!$C$8),E82*Toxicity!$C$8,0)+IF(ISNUMBER(Toxicity!$C$9),F82*Toxicity!$C$9,0)+IF(ISNUMBER(Toxicity!$C$10),G82*Toxicity!$C$10,0)+IF(ISNUMBER(Toxicity!$C$11),H82*Toxicity!$C$11,0)+IF(ISNUMBER(Toxicity!$C$12),I82*Toxicity!$C$12,0)+IF(ISNUMBER(Toxicity!$C$13),J82*Toxicity!$C$13,0)+IF(ISNUMBER(Toxicity!$C$14),K82*Toxicity!$C$14,0)+IF(ISNUMBER(Toxicity!$C$15),L82*Toxicity!$C$15,0)+IF(ISNUMBER(Toxicity!$C$16),M82*Toxicity!$C$16,0)+IF(ISNUMBER(Toxicity!$C$17),N82*Toxicity!$C$17,0)+IF(ISNUMBER(Toxicity!$C$18),O82*Toxicity!$C$18,0) -> 3.3576113e-08 | R101: =SUM(B101:O101) -> 1.5040557e-07 | S101: =IF(R101<0.000001,"< 1E-6 (negligible)",IF(R101<=0.0001,"1E-6 to 1E-4 (acceptable range)","> 1E-4 (of concern)")) -> < 1E-6 (negligible)
A102: Ekkhuliya | B102: =IF(ISNUMBER(Toxicity!$C$5),(B64+B83)*Toxicity!$C$5,0) -> 2.6075205e-10 | C102: =IF(ISNUMBER(Toxicity!$C$6),(C64+C83)*Toxicity!$C$6,0) -> 2.4385532e-09 | D102: =IF(ISNUMBER(Toxicity!$C$7),(D64+D83)*Toxicity!$C$7,0) -> 2.6075205e-10 | E102: =IF(ISNUMBER(Toxicity!$C$8),(E64+E83)*Toxicity!$C$8,0) -> 2.6075205e-10 | F102: =IF(ISNUMBER(Toxicity!$C$9),(F64+F83)*Toxicity!$C$9,0) -> 3.7868152e-09 | G102: =IF(ISNUMBER(Toxicity!$C$10),(G64+G83)*Toxicity!$C$10,0) -> 4.3470844e-09 | H102: =IF(ISNUMBER(Toxicity!$C$11),(H64+H83)*Toxicity!$C$11,0) -> 5.0037534e-09 | I102: =IF(ISNUMBER(Toxicity!$C$12),(I64+I83)*Toxicity!$C$12,0) -> 2.8163984e-09 | J102: =IF(ISNUMBER(Toxicity!$C$13),(J64+J83)*Toxicity!$C$13,0) -> 1.0325205e-09 | K102: =IF(ISNUMBER(Toxicity!$C$14),(K64+K83)*Toxicity!$C$14,0) -> 0 | L102: =IF(ISNUMBER(Toxicity!$C$15),(L64+L83)*Toxicity!$C$15,0) -> 1.6289726e-08 | M102: =IF(ISNUMBER(Toxicity!$C$16),(M64+M83)*Toxicity!$C$16,0) -> 1.5331507e-08 | N102: =IF(ISNUMBER(Toxicity!$C$17),(N64+N83)*Toxicity!$C$17,0) -> 4.3119863e-09 | O102: =IF(ISNUMBER(Toxicity!$C$18),(O64+O83)*Toxicity!$C$18,0) -> 8.7197945e-09 | P102: =IF(ISNUMBER(Toxicity!$C$5),B64*Toxicity!$C$5,0)+IF(ISNUMBER(Toxicity!$C$6),C64*Toxicity!$C$6,0)+IF(ISNUMBER(Toxicity!$C$7),D64*Toxicity!$C$7,0)+IF(ISNUMBER(Toxicity!$C$8),E64*Toxicity!$C$8,0)+IF(ISNUMBER(Toxicity!$C$9),F64*Toxicity!$C$9,0)+IF(ISNUMBER(Toxicity!$C$10),G64*Toxicity!$C$10,0)+IF(ISNUMBER(Toxicity!$C$11),H64*Toxicity!$C$11,0)+IF(ISNUMBER(Toxicity!$C$12),I64*Toxicity!$C$12,0)+IF(ISNUMBER(Toxicity!$C$13),J64*Toxicity!$C$13,0)+IF(ISNUMBER(Toxicity!$C$14),K64*Toxicity!$C$14,0)+IF(ISNUMBER(Toxicity!$C$15),L64*Toxicity!$C$15,0)+IF(ISNUMBER(Toxicity!$C$16),M64*Toxicity!$C$16,0)+IF(ISNUMBER(Toxicity!$C$17),N64*Toxicity!$C$17,0)+IF(ISNUMBER(Toxicity!$C$18),O64*Toxicity!$C$18,0) -> 4.9692904e-08 | Q102: =IF(ISNUMBER(Toxicity!$C$5),B83*Toxicity!$C$5,0)+IF(ISNUMBER(Toxicity!$C$6),C83*Toxicity!$C$6,0)+IF(ISNUMBER(Toxicity!$C$7),D83*Toxicity!$C$7,0)+IF(ISNUMBER(Toxicity!$C$8),E83*Toxicity!$C$8,0)+IF(ISNUMBER(Toxicity!$C$9),F83*Toxicity!$C$9,0)+IF(ISNUMBER(Toxicity!$C$10),G83*Toxicity!$C$10,0)+IF(ISNUMBER(Toxicity!$C$11),H83*Toxicity!$C$11,0)+IF(ISNUMBER(Toxicity!$C$12),I83*Toxicity!$C$12,0)+IF(ISNUMBER(Toxicity!$C$13),J83*Toxicity!$C$13,0)+IF(ISNUMBER(Toxicity!$C$14),K83*Toxicity!$C$14,0)+IF(ISNUMBER(Toxicity!$C$15),L83*Toxicity!$C$15,0)+IF(ISNUMBER(Toxicity!$C$16),M83*Toxicity!$C$16,0)+IF(ISNUMBER(Toxicity!$C$17),N83*Toxicity!$C$17,0)+IF(ISNUMBER(Toxicity!$C$18),O83*Toxicity!$C$18,0) -> 1.5167491e-08 | R102: =SUM(B102:O102) -> 6.4860395e-08 | S102: =IF(R102<0.000001,"< 1E-6 (negligible)",IF(R102<=0.0001,"1E-6 to 1E-4 (acceptable range)","> 1E-4 (of concern)")) -> < 1E-6 (negligible)
A103: Nazirhat | B103: =IF(ISNUMBER(Toxicity!$C$5),(B65+B84)*Toxicity!$C$5,0) -> 3.9434402e-09 | C103: =IF(ISNUMBER(Toxicity!$C$6),(C65+C84)*Toxicity!$C$6,0) -> 6.0417989e-09 | D103: =IF(ISNUMBER(Toxicity!$C$7),(D65+D84)*Toxicity!$C$7,0) -> 3.658699e-09 | E103: =IF(ISNUMBER(Toxicity!$C$8),(E65+E84)*Toxicity!$C$8,0) -> 4.4915411e-09 | F103: =IF(ISNUMBER(Toxicity!$C$9),(F65+F84)*Toxicity!$C$9,0) -> 4.8105277e-09 | G103: =IF(ISNUMBER(Toxicity!$C$10),(G65+G84)*Toxicity!$C$10,0) -> 9.7575157e-09 | H103: =IF(ISNUMBER(Toxicity!$C$11),(H65+H84)*Toxicity!$C$11,0) -> 7.4175641e-08 | I103: =IF(ISNUMBER(Toxicity!$C$12),(I65+I84)*Toxicity!$C$12,0) -> 4.1751319e-08 | J103: =IF(ISNUMBER(Toxicity!$C$13),(J65+J84)*Toxicity!$C$13,0) -> 7.62069e-09 | K103: =IF(ISNUMBER(Toxicity!$C$14),(K65+K84)*Toxicity!$C$14,0) -> 0 | L103: =IF(ISNUMBER(Toxicity!$C$15),(L65+L84)*Toxicity!$C$15,0) -> 1.4218759e-07 | M103: =IF(ISNUMBER(Toxicity!$C$16),(M65+M84)*Toxicity!$C$16,0) -> 2.1870906e-07 | N103: =IF(ISNUMBER(Toxicity!$C$17),(N65+N84)*Toxicity!$C$17,0) -> 5.8036461e-08 | O103: =IF(ISNUMBER(Toxicity!$C$18),(O65+O84)*Toxicity!$C$18,0) -> 1.6667597e-07 | P103: =IF(ISNUMBER(Toxicity!$C$5),B65*Toxicity!$C$5,0)+IF(ISNUMBER(Toxicity!$C$6),C65*Toxicity!$C$6,0)+IF(ISNUMBER(Toxicity!$C$7),D65*Toxicity!$C$7,0)+IF(ISNUMBER(Toxicity!$C$8),E65*Toxicity!$C$8,0)+IF(ISNUMBER(Toxicity!$C$9),F65*Toxicity!$C$9,0)+IF(ISNUMBER(Toxicity!$C$10),G65*Toxicity!$C$10,0)+IF(ISNUMBER(Toxicity!$C$11),H65*Toxicity!$C$11,0)+IF(ISNUMBER(Toxicity!$C$12),I65*Toxicity!$C$12,0)+IF(ISNUMBER(Toxicity!$C$13),J65*Toxicity!$C$13,0)+IF(ISNUMBER(Toxicity!$C$14),K65*Toxicity!$C$14,0)+IF(ISNUMBER(Toxicity!$C$15),L65*Toxicity!$C$15,0)+IF(ISNUMBER(Toxicity!$C$16),M65*Toxicity!$C$16,0)+IF(ISNUMBER(Toxicity!$C$17),N65*Toxicity!$C$17,0)+IF(ISNUMBER(Toxicity!$C$18),O65*Toxicity!$C$18,0) -> 5.5434192e-07 | Q103: =IF(ISNUMBER(Toxicity!$C$5),B84*Toxicity!$C$5,0)+IF(ISNUMBER(Toxicity!$C$6),C84*Toxicity!$C$6,0)+IF(ISNUMBER(Toxicity!$C$7),D84*Toxicity!$C$7,0)+IF(ISNUMBER(Toxicity!$C$8),E84*Toxicity!$C$8,0)+IF(ISNUMBER(Toxicity!$C$9),F84*Toxicity!$C$9,0)+IF(ISNUMBER(Toxicity!$C$10),G84*Toxicity!$C$10,0)+IF(ISNUMBER(Toxicity!$C$11),H84*Toxicity!$C$11,0)+IF(ISNUMBER(Toxicity!$C$12),I84*Toxicity!$C$12,0)+IF(ISNUMBER(Toxicity!$C$13),J84*Toxicity!$C$13,0)+IF(ISNUMBER(Toxicity!$C$14),K84*Toxicity!$C$14,0)+IF(ISNUMBER(Toxicity!$C$15),L84*Toxicity!$C$15,0)+IF(ISNUMBER(Toxicity!$C$16),M84*Toxicity!$C$16,0)+IF(ISNUMBER(Toxicity!$C$17),N84*Toxicity!$C$17,0)+IF(ISNUMBER(Toxicity!$C$18),O84*Toxicity!$C$18,0) -> 1.8751833e-07 | R103: =SUM(B103:O103) -> 7.4186024e-07 | S103: =IF(R103<0.000001,"< 1E-6 (negligible)",IF(R103<=0.0001,"1E-6 to 1E-4 (acceptable range)","> 1E-4 (of concern)")) -> < 1E-6 (negligible)
A104: Sekandar Para | B104: =IF(ISNUMBER(Toxicity!$C$5),(B66+B85)*Toxicity!$C$5,0) -> 2.2414247e-09 | C104: =IF(ISNUMBER(Toxicity!$C$6),(C66+C85)*Toxicity!$C$6,0) -> 3.1931697e-09 | D104: =IF(ISNUMBER(Toxicity!$C$7),(D66+D85)*Toxicity!$C$7,0) -> 2.6075205e-10 | E104: =IF(ISNUMBER(Toxicity!$C$8),(E66+E85)*Toxicity!$C$8,0) -> 2.8491508e-09 | F104: =IF(ISNUMBER(Toxicity!$C$9),(F66+F85)*Toxicity!$C$9,0) -> 3.4148089e-09 | G104: =IF(ISNUMBER(Toxicity!$C$10),(G66+G85)*Toxicity!$C$10,0) -> 6.7795534e-09 | H104: =IF(ISNUMBER(Toxicity!$C$11),(H66+H85)*Toxicity!$C$11,0) -> 3.1019935e-08 | I104: =IF(ISNUMBER(Toxicity!$C$12),(I66+I85)*Toxicity!$C$12,0) -> 1.7457857e-08 | J104: =IF(ISNUMBER(Toxicity!$C$13),(J66+J85)*Toxicity!$C$13,0) -> 1.0325205e-09 | K104: =IF(ISNUMBER(Toxicity!$C$14),(K66+K85)*Toxicity!$C$14,0) -> 0 | L104: =IF(ISNUMBER(Toxicity!$C$15),(L66+L85)*Toxicity!$C$15,0) -> 3.8487193e-08 | M104: =IF(ISNUMBER(Toxicity!$C$16),(M66+M85)*Toxicity!$C$16,0) -> 1.0293574e-07 | N104: =IF(ISNUMBER(Toxicity!$C$17),(N66+N85)*Toxicity!$C$17,0) -> 4.3119863e-09 | O104: =IF(ISNUMBER(Toxicity!$C$18),(O66+O85)*Toxicity!$C$18,0) -> 8.7197945e-09 | P104: =IF(ISNUMBER(Toxicity!$C$5),B66*Toxicity!$C$5,0)+IF(ISNUMBER(Toxicity!$C$6),C66*Toxicity!$C$6,0)+IF(ISNUMBER(Toxicity!$C$7),D66*Toxicity!$C$7,0)+IF(ISNUMBER(Toxicity!$C$8),E66*Toxicity!$C$8,0)+IF(ISNUMBER(Toxicity!$C$9),F66*Toxicity!$C$9,0)+IF(ISNUMBER(Toxicity!$C$10),G66*Toxicity!$C$10,0)+IF(ISNUMBER(Toxicity!$C$11),H66*Toxicity!$C$11,0)+IF(ISNUMBER(Toxicity!$C$12),I66*Toxicity!$C$12,0)+IF(ISNUMBER(Toxicity!$C$13),J66*Toxicity!$C$13,0)+IF(ISNUMBER(Toxicity!$C$14),K66*Toxicity!$C$14,0)+IF(ISNUMBER(Toxicity!$C$15),L66*Toxicity!$C$15,0)+IF(ISNUMBER(Toxicity!$C$16),M66*Toxicity!$C$16,0)+IF(ISNUMBER(Toxicity!$C$17),N66*Toxicity!$C$17,0)+IF(ISNUMBER(Toxicity!$C$18),O66*Toxicity!$C$18,0) -> 1.6983529e-07 | Q104: =IF(ISNUMBER(Toxicity!$C$5),B85*Toxicity!$C$5,0)+IF(ISNUMBER(Toxicity!$C$6),C85*Toxicity!$C$6,0)+IF(ISNUMBER(Toxicity!$C$7),D85*Toxicity!$C$7,0)+IF(ISNUMBER(Toxicity!$C$8),E85*Toxicity!$C$8,0)+IF(ISNUMBER(Toxicity!$C$9),F85*Toxicity!$C$9,0)+IF(ISNUMBER(Toxicity!$C$10),G85*Toxicity!$C$10,0)+IF(ISNUMBER(Toxicity!$C$11),H85*Toxicity!$C$11,0)+IF(ISNUMBER(Toxicity!$C$12),I85*Toxicity!$C$12,0)+IF(ISNUMBER(Toxicity!$C$13),J85*Toxicity!$C$13,0)+IF(ISNUMBER(Toxicity!$C$14),K85*Toxicity!$C$14,0)+IF(ISNUMBER(Toxicity!$C$15),L85*Toxicity!$C$15,0)+IF(ISNUMBER(Toxicity!$C$16),M85*Toxicity!$C$16,0)+IF(ISNUMBER(Toxicity!$C$17),N85*Toxicity!$C$17,0)+IF(ISNUMBER(Toxicity!$C$18),O85*Toxicity!$C$18,0) -> 5.2868596e-08 | R104: =SUM(B104:O104) -> 2.2270388e-07 | S104: =IF(R104<0.000001,"< 1E-6 (negligible)",IF(R104<=0.0001,"1E-6 to 1E-4 (acceptable range)","> 1E-4 (of concern)")) -> < 1E-6 (negligible)
