Workbook

Sheet Factor
A1: Actual | B1: Factored | C1: Factor
A2: 7337 | B2: 1000 | C2: =A2/B2 -> 7.337
A3: 963 | B3: 963 | C3: =A3/B3 -> 1

Sheet Phase1
A1: variable | B1: bin | C1: count | D1: count_distr | E1: neg | F1: pos | G1: posprob | H1: woe | I1: bin_iv | J1: total_iv | K1: breaks | L1: is_special_values | M1: Correlation | N1: Bad Rate | O1: Bad Rate (Factored) | P1: Remarks for Binning Adjustment | Q1: Breaks
A2: Bor_No_Rep_Institutes | B2: [-Inf,3) | C2: 886 | D2: 0.45134997 | E2: 467 | F2: 419 | G2: 0.47291196 | H2: -0.070756471 | I2: 0.0022572269 | J2: 0.015827167 | K2: 3 | L2: FALSE | M2: =IFERROR(IF(NOT(ISNUMBER(J2)), "", IF(J2<0.01,"No Correlation",IF(J2<0.03,"Marginal contribution",IF(J2<0.1,"Adequate predictability",IF(J2<0.3,"Strong Predictor",IF(J2<0.5,"Very Strong predictor",IF(J2>=0.5,"Extremely high correlation", ))))))), "") -> Marginal contribution | N2: =IFERROR(F2/C2, 0) -> 0.47291196 | O2: =IFERROR(F2/((E2*Factor!$C$2)+Phase1!F2), 0) -> 0.10896195 | P2: =(F2+F3)/((F2+F3)+(E2+E3)*Factor!$C$2) -> 0.11262863 | Q2: 1, 6
A3: Bor_No_Rep_Institutes | B3: [3,4) | C3: 406 | D3: 0.20682629 | E3: 202 | F3: 204 | G3: 0.50246305 | H3: 0.047554164 | I3: 0.00046783816 | J3: 0.015827167 | K3: 4 | L3: FALSE | M3: =IFERROR(IF(NOT(ISNUMBER(J3)), "", IF(J3<0.01,"No Correlation",IF(J3<0.03,"Marginal contribution",IF(J3<0.1,"Adequate predictability",IF(J3<0.3,"Strong Predictor",IF(J3<0.5,"Very Strong predictor",IF(J3>=0.5,"Extremely high correlation", ))))))), "") -> Marginal contribution | N3: =IFERROR(F3/C3, 0) -> 0.50246305 | O3: =IFERROR(F3/((E3*Factor!$C$2)+Phase1!F3), 0) -> 0.12099113
A4: Bor_No_Rep_Institutes | B4: [4,5) | C4: 270 | D4: 0.13754457 | E4: 127 | F4: 143 | G4: 0.52962963 | H4: 0.15635941 | I4: 0.0033608343 | J4: 0.015827167 | K4: 5 | L4: FALSE | M4: =IFERROR(IF(NOT(ISNUMBER(J4)), "", IF(J4<0.01,"No Correlation",IF(J4<0.03,"Marginal contribution",IF(J4<0.1,"Adequate predictability",IF(J4<0.3,"Strong Predictor",IF(J4<0.5,"Very Strong predictor",IF(J4>=0.5,"Extremely high correlation", ))))))), "") -> Marginal contribution | N4: =IFERROR(F4/C4, 0) -> 0.52962963 | O4: =IFERROR(F4/((E4*Factor!$C$2)+Phase1!F4), 0) -> 0.13304813 | P4: =(F4+F5)/((F4+F5)+(E4+E5)*Factor!$C$2) -> 0.11603833
A5: Bor_No_Rep_Institutes | B5: [5,6) | C5: 156 | D5: 0.079470199 | E5: 90 | F5: 66 | G5: 0.42307692 | H5: -0.27245306 | I5: 0.00584798 | J5: 0.015827167 | K5: 6 | L5: FALSE | M5: =IFERROR(IF(NOT(ISNUMBER(J5)), "", IF(J5<0.01,"No Correlation",IF(J5<0.03,"Marginal contribution",IF(J5<0.1,"Adequate predictability",IF(J5<0.3,"Strong Predictor",IF(J5<0.5,"Very Strong predictor",IF(J5>=0.5,"Extremely high correlation", ))))))), "") -> Marginal contribution | N5: =IFERROR(F5/C5, 0) -> 0.42307692 | O5: =IFERROR(F5/((E5*Factor!$C$2)+Phase1!F5), 0) -> 0.090867787
A6: Bor_No_Rep_Institutes | B6: [6, Inf) | C6: 245 | D6: 0.12480897 | E6: 114 | F6: 131 | G6: 0.53469388 | H6: 0.17670074 | I6: 0.003893288 | J6: 0.015827167 | K6: Inf | L6: FALSE | M6: =IFERROR(IF(NOT(ISNUMBER(J6)), "", IF(J6<0.01,"No Correlation",IF(J6<0.03,"Marginal contribution",IF(J6<0.1,"Adequate predictability",IF(J6<0.3,"Strong Predictor",IF(J6<0.5,"Very Strong predictor",IF(J6>=0.5,"Extremely high correlation", ))))))), "") -> Marginal contribution | N6: =IFERROR(F6/C6, 0) -> 0.53469388 | O6: =IFERROR(F6/((E6*Factor!$C$2)+Phase1!F6), 0) -> 0.13541199 | P6: =O6 -> 0.13541199
M7: =IFERROR(IF(NOT(ISNUMBER(J7)), "", IF(J7<0.01,"No Correlation",IF(J7<0.03,"Marginal contribution",IF(J7<0.1,"Adequate predictability",IF(J7<0.3,"Strong Predictor",IF(J7<0.5,"Very Strong predictor",IF(J7>=0.5,"Extremely high correlation", ))))))), "")
A8: variable | B8: bin | C8: count | D8: count_distr | E8: neg | F8: pos | G8: posprob | H8: woe | I8: bin_iv | J8: total_iv | K8: breaks | L8: is_special_values | M8: =IFERROR(IF(NOT(ISNUMBER(J8)), "", IF(J8<0.01,"No Correlation",IF(J8<0.03,"Marginal contribution",IF(J8<0.1,"Adequate predictability",IF(J8<0.3,"Strong Predictor",IF(J8<0.5,"Very Strong predictor",IF(J8>=0.5,"Extremely high correlation", ))))))), "")
A9: Bor_No_Living_Contracts | B9: [-Inf,1) | C9: 453 | D9: 0.23076923 | E9: 255 | F9: 198 | G9: 0.43708609 | H9: -0.21529465 | I9: 0.010633946 | J9: 0.019195497 | K9: 1 | L9: FALSE | M9: =IFERROR(IF(NOT(ISNUMBER(J9)), "", IF(J9<0.01,"No Correlation",IF(J9<0.03,"Marginal contribution",IF(J9<0.1,"Adequate predictability",IF(J9<0.3,"Strong Predictor",IF(J9<0.5,"Very Strong predictor",IF(J9>=0.5,"Extremely high correlation", ))))))), "") -> Marginal contribution | N9: =IFERROR(F9/C9, 0) -> 0.43708609 | O9: =IFERROR(F9/((E9*Factor!$C$2)+Phase1!F9), 0) -> 0.095701412 | P9: =O9 -> 0.095701412 | Q9: 1, 5
A10: Bor_No_Living_Contracts | B10: [1,2) | C10: 696 | D10: 0.35455935 | E10: 329 | F10: 367 | G10: 0.52729885 | H10: 0.14700596 | I10: 0.0076591176 | J10: 0.019195497 | K10: 2 | L10: FALSE | M10: =IFERROR(IF(NOT(ISNUMBER(J10)), "", IF(J10<0.01,"No Correlation",IF(J10<0.03,"Marginal contribution",IF(J10<0.1,"Adequate predictability",IF(J10<0.3,"Strong Predictor",IF(J10<0.5,"Very Strong predictor",IF(J10>=0.5,"Extremely high correlation", ))))))), "") -> Marginal contribution | N10: =IFERROR(F10/C10, 0) -> 0.52729885 | O10: =IFERROR(F10/((E10*Factor!$C$2)+Phase1!F10), 0) -> 0.13197295 | P10: =(F10+F11)/((F10+F11)+(E10+E11)*Factor!$C$2) -> 0.12243128
A11: Bor_No_Living_Contracts | B11: [2,5) | C11: 676 | D11: 0.34437086 | E11: 349 | F11: 327 | G11: 0.48372781 | H11: -0.027409884 | I11: 0.00025864342 | J11: 0.019195497 | K11: 5 | L11: FALSE | M11: =IFERROR(IF(NOT(ISNUMBER(J11)), "", IF(J11<0.01,"No Correlation",IF(J11<0.03,"Marginal contribution",IF(J11<0.1,"Adequate predictability",IF(J11<0.3,"Strong Predictor",IF(J11<0.5,"Very Strong predictor",IF(J11>=0.5,"Extremely high correlation", ))))))), "") -> Marginal contribution | N11: =IFERROR(F11/C11, 0) -> 0.48372781 | O11: =IFERROR(F11/((E11*Factor!$C$2)+Phase1!F11), 0) -> 0.11324232
A12: Bor_No_Living_Contracts | B12: [5, Inf) | C12: 138 | D12: 0.07030056 | E12: 67 | F12: 71 | G12: 0.51449275 | H12: 0.095689125 | I12: 0.00064379007 | J12: 0.019195497 | K12: Inf | L12: FALSE | M12: =IFERROR(IF(NOT(ISNUMBER(J12)), "", IF(J12<0.01,"No Correlation",IF(J12<0.03,"Marginal contribution",IF(J12<0.1,"Adequate predictability",IF(J12<0.3,"Strong Predictor",IF(J12<0.5,"Very Strong predictor",IF(J12>=0.5,"Extremely high correlation", ))))))), "") -> Marginal contribution | N12: =IFERROR(F12/C12, 0) -> 0.51449275 | O12: =IFERROR(F12/((E12*Factor!$C$2)+Phase1!F12), 0) -> 0.1262045 | P12: =O12 -> 0.1262045
M13: =IFERROR(IF(NOT(ISNUMBER(J13)), "", IF(J13<0.01,"No Correlation",IF(J13<0.03,"Marginal contribution",IF(J13<0.1,"Adequate predictability",IF(J13<0.3,"Strong Predictor",IF(J13<0.5,"Very Strong predictor",IF(J13>=0.5,"Extremely high correlation", ))))))), "")
A14: variable | B14: bin | C14: count | D14: count_distr | E14: neg | F14: pos | G14: posprob | H14: woe | I14: bin_iv | J14: total_iv | K14: breaks | L14: is_special_values | M14: =IFERROR(IF(NOT(ISNUMBER(J14)), "", IF(J14<0.01,"No Correlation",IF(J14<0.03,"Marginal contribution",IF(J14<0.1,"Adequate predictability",IF(J14<0.3,"Strong Predictor",IF(J14<0.5,"Very Strong predictor",IF(J14>=0.5,"Extremely high correlation", ))))))), "")
A15: Bor_Boral_OS_Amt | B15: [-Inf,300000) | C15: 638 | D15: 0.32501274 | E15: 364 | F15: 274 | G15: 0.42946708 | H15: -0.24632389 | I15: 0.019575971 | J15: 0.053361281 | K15: 300000 | L15: FALSE | M15: =IFERROR(IF(NOT(ISNUMBER(J15)), "", IF(J15<0.01,"No Correlation",IF(J15<0.03,"Marginal contribution",IF(J15<0.1,"Adequate predictability",IF(J15<0.3,"Strong Predictor",IF(J15<0.5,"Very Strong predictor",IF(J15>=0.5,"Extremely high correlation", ))))))), "") -> Adequate predictability | N15: =IFERROR(F15/C15, 0) -> 0.42946708 | O15: =IFERROR(F15/((E15*Factor!$C$2)+Phase1!F15), 0) -> 0.093049539 | P15: =(F15+F16)/((F15+F16)+(E15+E16)*Factor!$C$2) -> 0.11551908 | Q15: =K16 -> 900000
A16: Bor_Boral_OS_Amt | B16: [300000,900000) | C16: 488 | D16: 0.24859908 | E16: 211 | F16: 277 | G16: 0.56762295 | H16: 0.30986124 | I16: 0.023748628 | J16: 0.053361281 | K16: 900000 | L16: FALSE | M16: =IFERROR(IF(NOT(ISNUMBER(J16)), "", IF(J16<0.01,"No Correlation",IF(J16<0.03,"Marginal contribution",IF(J16<0.1,"Adequate predictability",IF(J16<0.3,"Strong Predictor",IF(J16<0.5,"Very Strong predictor",IF(J16>=0.5,"Extremely high correlation", ))))))), "") -> Adequate predictability | N16: =IFERROR(F16/C16, 0) -> 0.56762295 | O16: =IFERROR(F16/((E16*Factor!$C$2)+Phase1!F16), 0) -> 0.15177192
A17: Bor_Boral_OS_Amt | B17: [900000,2500000) | C17: 488 | D17: 0.24859908 | E17: 232 | F17: 256 | G17: 0.52459016 | H17: 0.13614194 | I17: 0.0046064891 | J17: 0.053361281 | K17: 2500000 | L17: FALSE | M17: =IFERROR(IF(NOT(ISNUMBER(J17)), "", IF(J17<0.01,"No Correlation",IF(J17<0.03,"Marginal contribution",IF(J17<0.1,"Adequate predictability",IF(J17<0.3,"Strong Predictor",IF(J17<0.5,"Very Strong predictor",IF(J17>=0.5,"Extremely high correlation", ))))))), "") -> Adequate predictability | N17: =IFERROR(F17/C17, 0) -> 0.52459016 | O17: =IFERROR(F17/((E17*Factor!$C$2)+Phase1!F17), 0) -> 0.13073337 | P17: =(F17+F18)/((F17+F18)+(E17+E18)*Factor!$C$2) -> 0.11670644
A18: Bor_Boral_OS_Amt | B18: [2500000, Inf) | C18: 349 | D18: 0.1777891 | E18: 193 | F18: 156 | G18: 0.4469914 | H18: -0.17513231 | I18: 0.0054301929 | J18: 0.053361281 | K18: Inf | L18: FALSE | M18: =IFERROR(IF(NOT(ISNUMBER(J18)), "", IF(J18<0.01,"No Correlation",IF(J18<0.03,"Marginal contribution",IF(J18<0.1,"Adequate predictability",IF(J18<0.3,"Strong Predictor",IF(J18<0.5,"Very Strong predictor",IF(J18>=0.5,"Extremely high correlation", ))))))), "") -> Adequate predictability | N18: =IFERROR(F18/C18, 0) -> 0.4469914 | O18: =IFERROR(F18/((E18*Factor!$C$2)+Phase1!F18), 0) -> 0.099234053
M19: =IFERROR(IF(NOT(ISNUMBER(J19)), "", IF(J19<0.01,"No Correlation",IF(J19<0.03,"Marginal contribution",IF(J19<0.1,"Adequate predictability",IF(J19<0.3,"Strong Predictor",IF(J19<0.5,"Very Strong predictor",IF(J19>=0.5,"Extremely high correlation", ))))))), "")
A20: variable | B20: bin | C20: count | D20: count_distr | E20: neg | F20: pos | G20: posprob | H20: woe | I20: bin_iv | J20: total_iv | K20: breaks | L20: is_special_values | M20: =IFERROR(IF(NOT(ISNUMBER(J20)), "", IF(J20<0.01,"No Correlation",IF(J20<0.03,"Marginal contribution",IF(J20<0.1,"Adequate predictability",IF(J20<0.3,"Strong Predictor",IF(J20<0.5,"Very Strong predictor",IF(J20>=0.5,"Extremely high correlation", ))))))), "")
A21: Bor_Boral_Overdue_Amt | B21: [-Inf,10000) | C21: 1860 | D21: 0.94752929 | E21: 958 | F21: 902 | G21: 0.48494624 | H21: -0.022531391 | I21: 0.00048090364 | J21: 0.0092511677 | K21: 10000 | L21: FALSE | M21: =IFERROR(IF(NOT(ISNUMBER(J21)), "", IF(J21<0.01,"No Correlation",IF(J21<0.03,"Marginal contribution",IF(J21<0.1,"Adequate predictability",IF(J21<0.3,"Strong Predictor",IF(J21<0.5,"Very Strong predictor",IF(J21>=0.5,"Extremely high correlation", ))))))), "") -> No Correlation | N21: =IFERROR(F21/C21, 0) -> 0.48494624 | O21: =IFERROR(F21/((E21*Factor!$C$2)+Phase1!F21), 0) -> 0.11373314
A22: Bor_Boral_Overdue_Amt | B22: [10000, Inf) | C22: 103 | D22: 0.052470708 | E22: 42 | F22: 61 | G22: 0.59223301 | H22: 0.41090611 | I22: 0.008770264 | J22: 0.0092511677 | K22: Inf | L22: FALSE | M22: =IFERROR(IF(NOT(ISNUMBER(J22)), "", IF(J22<0.01,"No Correlation",IF(J22<0.03,"Marginal contribution",IF(J22<0.1,"Adequate predictability",IF(J22<0.3,"Strong Predictor",IF(J22<0.5,"Very Strong predictor",IF(J22>=0.5,"Extremely high correlation", ))))))), "") -> No Correlation | N22: =IFERROR(F22/C22, 0) -> 0.59223301 | O22: =IFERROR(F22/((E22*Factor!$C$2)+Phase1!F22), 0) -> 0.16524269
M23: =IFERROR(IF(NOT(ISNUMBER(J23)), "", IF(J23<0.01,"No Correlation",IF(J23<0.03,"Marginal contribution",IF(J23<0.1,"Adequate predictability",IF(J23<0.3,"Strong Predictor",IF(J23<0.5,"Very Strong predictor",IF(J23>=0.5,"Extremely high correlation", ))))))), "")
A24: variable | B24: bin | C24: count | D24: count_distr | E24: neg | F24: pos | G24: posprob | H24: woe | I24: bin_iv | J24: total_iv | K24: breaks | L24: is_special_values | M24: =IFERROR(IF(NOT(ISNUMBER(J24)), "", IF(J24<0.01,"No Correlation",IF(J24<0.03,"Marginal contribution",IF(J24<0.1,"Adequate predictability",IF(J24<0.3,"Strong Predictor",IF(J24<0.5,"Very Strong predictor",IF(J24>=0.5,"Extremely high correlation", ))))))), "")
A25: Bor_Current_Highest_NPI | B25: [-Inf, Inf) | C25: 1963 | D25: 1 | E25: 1000 | F25: 963 | G25: 0.49057565 | H25: 0 | I25: 0 | J25: 0 | K25: Inf | L25: FALSE | M25: =IFERROR(IF(NOT(ISNUMBER(J25)), "", IF(J25<0.01,"No Correlation",IF(J25<0.03,"Marginal contribution",IF(J25<0.1,"Adequate predictability",IF(J25<0.3,"Strong Predictor",IF(J25<0.5,"Very Strong predictor",IF(J25>=0.5,"Extremely high correlation", ))))))), "") -> No Correlation | N25: =IFERROR(F25/C25, 0) -> 0.49057565 | O25: =IFERROR(F25/((E25*Factor!$C$2)+Phase1!F25), 0) -> 0.1160241
M26: =IFERROR(IF(NOT(ISNUMBER(J26)), "", IF(J26<0.01,"No Correlation",IF(J26<0.03,"Marginal contribution",IF(J26<0.1,"Adequate predictability",IF(J26<0.3,"Strong Predictor",IF(J26<0.5,"Very Strong predictor",IF(J26>=0.5,"Extremely high correlation", ))))))), "")
A27: variable | B27: bin | C27: count | D27: count_distr | E27: neg | F27: pos | G27: posprob | H27: woe | I27: bin_iv | J27: total_iv | K27: breaks | L27: is_special_values | M27: =IFERROR(IF(NOT(ISNUMBER(J27)), "", IF(J27<0.01,"No Correlation",IF(J27<0.03,"Marginal contribution",IF(J27<0.1,"Adequate predictability",IF(J27<0.3,"Strong Predictor",IF(J27<0.5,"Very Strong predictor",IF(J27>=0.5,"Extremely high correlation", ))))))), "")
A28: Bor_Historic_High_NPI_L12 | B28: [-Inf,1) | C28: 1748 | D28: 0.89047376 | E28: 903 | F28: 845 | G28: 0.48340961 | H28: -0.028684059 | I28: 0.00073241155 | J28: 0.0066990234 | K28: 1 | L28: FALSE | M28: =IFERROR(IF(NOT(ISNUMBER(J28)), "", IF(J28<0.01,"No Correlation",IF(J28<0.03,"Marginal contribution",IF(J28<0.1,"Adequate predictability",IF(J28<0.3,"Strong Predictor",IF(J28<0.5,"Very Strong predictor",IF(J28>=0.5,"Extremely high correlation", ))))))), "") -> No Correlation | N28: =IFERROR(F28/C28, 0) -> 0.48340961 | O28: =IFERROR(F28/((E28*Factor!$C$2)+Phase1!F28), 0) -> 0.11311443
A29: Bor_Historic_High_NPI_L12 | B29: [1, Inf) | C29: 215 | D29: 0.10952624 | E29: 97 | F29: 118 | G29: 0.54883721 | H29: 0.23367551 | I29: 0.0059666118 | J29: 0.0066990234 | K29: Inf | L29: FALSE | M29: =IFERROR(IF(NOT(ISNUMBER(J29)), "", IF(J29<0.01,"No Correlation",IF(J29<0.03,"Marginal contribution",IF(J29<0.1,"Adequate predictability",IF(J29<0.3,"Strong Predictor",IF(J29<0.5,"Very Strong predictor",IF(J29>=0.5,"Extremely high correlation", ))))))), "") -> No Correlation | N29: =IFERROR(F29/C29, 0) -> 0.54883721 | O29: =IFERROR(F29/((E29*Factor!$C$2)+Phase1!F29), 0) -> 0.14222197
M30: =IFERROR(IF(NOT(ISNUMBER(J30)), "", IF(J30<0.01,"No Correlation",IF(J30<0.03,"Marginal contribution",IF(J30<0.1,"Adequate predictability",IF(J30<0.3,"Strong Predictor",IF(J30<0.5,"Very Strong predictor",IF(J30>=0.5,"Extremely high correlation", ))))))), "")
A31: variable | B31: bin | C31: count | D31: count_distr | E31: neg | F31: pos | G31: posprob | H31: woe | I31: bin_iv | J31: total_iv | K31: breaks | L31: is_special_values | M31: =IFERROR(IF(NOT(ISNUMBER(J31)), "", IF(J31<0.01,"No Correlation",IF(J31<0.03,"Marginal contribution",IF(J31<0.1,"Adequate predictability",IF(J31<0.3,"Strong Predictor",IF(J31<0.5,"Very Strong predictor",IF(J31>=0.5,"Extremely high correlation", ))))))), "")
A32: Bor_Historic_High_NPI_L24 | B32: [-Inf,1) | C32: 1679 | D32: 0.85532348 | E32: 873 | F32: 806 | G32: 0.48004765 | H32: -0.042149946 | I32: 0.0015187549 | J32: 0.010518176 | K32: 1 | L32: FALSE | M32: =IFERROR(IF(NOT(ISNUMBER(J32)), "", IF(J32<0.01,"No Correlation",IF(J32<0.03,"Marginal contribution",IF(J32<0.1,"Adequate predictability",IF(J32<0.3,"Strong Predictor",IF(J32<0.5,"Very Strong predictor",IF(J32>=0.5,"Extremely high correlation", ))))))), "") -> Marginal contribution | N32: =IFERROR(F32/C32, 0) -> 0.48004765 | O32: =IFERROR(F32/((E32*Factor!$C$2)+Phase1!F32), 0) -> 0.11177056 | P32: All Okay
A33: Bor_Historic_High_NPI_L24 | B33: [1, Inf) | C33: 284 | D33: 0.14467652 | E33: 127 | F33: 157 | G33: 0.5528169 | H33: 0.24976059 | I33: 0.0089994212 | J33: 0.010518176 | K33: Inf | L33: FALSE | M33: =IFERROR(IF(NOT(ISNUMBER(J33)), "", IF(J33<0.01,"No Correlation",IF(J33<0.03,"Marginal contribution",IF(J33<0.1,"Adequate predictability",IF(J33<0.3,"Strong Predictor",IF(J33<0.5,"Very Strong predictor",IF(J33>=0.5,"Extremely high correlation", ))))))), "") -> Marginal contribution | N33: =IFERROR(F33/C33, 0) -> 0.5528169 | O33: =IFERROR(F33/((E33*Factor!$C$2)+Phase1!F33), 0) -> 0.14419558 | P33: All Okay
M34: =IFERROR(IF(NOT(ISNUMBER(J34)), "", IF(J34<0.01,"No Correlation",IF(J34<0.03,"Marginal contribution",IF(J34<0.1,"Adequate predictability",IF(J34<0.3,"Strong Predictor",IF(J34<0.5,"Very Strong predictor",IF(J34>=0.5,"Extremely high correlation", ))))))), "")
A35: variable | B35: bin | C35: count | D35: count_distr | E35: neg | F35: pos | G35: posprob | H35: woe | I35: bin_iv | J35: total_iv | K35: breaks | L35: is_special_values | M35: =IFERROR(IF(NOT(ISNUMBER(J35)), "", IF(J35<0.01,"No Correlation",IF(J35<0.03,"Marginal contribution",IF(J35<0.1,"Adequate predictability",IF(J35<0.3,"Strong Predictor",IF(J35<0.5,"Very Strong predictor",IF(J35>=0.5,"Extremely high correlation", ))))))), "")
A36: Bor_Terminated_Loans_L24 | B36: [-Inf,1) | C36: 919 | D36: 0.46816098 | E36: 470 | F36: 449 | G36: 0.48857454 | H36: -0.0080079398 | I36: 3.001938e-05 | J36: 0.0021424597 | K36: 1 | L36: FALSE | M36: =IFERROR(IF(NOT(ISNUMBER(J36)), "", IF(J36<0.01,"No Correlation",IF(J36<0.03,"Marginal contribution",IF(J36<0.1,"Adequate predictability",IF(J36<0.3,"Strong Predictor",IF(J36<0.5,"Very Strong predictor",IF(J36>=0.5,"Extremely high correlation", ))))))), "") -> No Correlation | N36: =IFERROR(F36/C36, 0) -> 0.48857454 | O36: =IFERROR(F36/((E36*Factor!$C$2)+Phase1!F36), 0) -> 0.1152053
A37: Bor_Terminated_Loans_L24 | B37: [1,2) | C37: 475 | D37: 0.24197657 | E37: 237 | F37: 238 | G37: 0.50105263 | H37: 0.0419124 | I37: 0.00042517366 | J37: 0.0021424597 | K37: 2 | L37: FALSE | M37: =IFERROR(IF(NOT(ISNUMBER(J37)), "", IF(J37<0.01,"No Correlation",IF(J37<0.03,"Marginal contribution",IF(J37<0.1,"Adequate predictability",IF(J37<0.3,"Strong Predictor",IF(J37<0.5,"Very Strong predictor",IF(J37>=0.5,"Extremely high correlation", ))))))), "") -> No Correlation | N37: =IFERROR(F37/C37, 0) -> 0.50105263 | O37: =IFERROR(F37/((E37*Factor!$C$2)+Phase1!F37), 0) -> 0.1203924
A38: Bor_Terminated_Loans_L24 | B38: [2,3) | C38: 269 | D38: 0.13703515 | E38: 139 | F38: 130 | G38: 0.48327138 | H38: -0.029237615 | I38: 0.00011710227 | J38: 0.0021424597 | K38: 3 | L38: FALSE | M38: =IFERROR(IF(NOT(ISNUMBER(J38)), "", IF(J38<0.01,"No Correlation",IF(J38<0.03,"Marginal contribution",IF(J38<0.1,"Adequate predictability",IF(J38<0.3,"Strong Predictor",IF(J38<0.5,"Very Strong predictor",IF(J38>=0.5,"Extremely high correlation", ))))))), "") -> No Correlation | N38: =IFERROR(F38/C38, 0) -> 0.48327138 | O38: =IFERROR(F38/((E38*Factor!$C$2)+Phase1!F38), 0) -> 0.11305891
A39: Bor_Terminated_Loans_L24 | B39: [3,5) | C39: 167 | D39: 0.085073867 | E39: 82 | F39: 85 | G39: 0.50898204 | H39: 0.073633876 | I39: 0.00046137779 | J39: 0.0021424597 | K39: 5 | L39: FALSE | M39: =IFERROR(IF(NOT(ISNUMBER(J39)), "", IF(J39<0.01,"No Correlation",IF(J39<0.03,"Marginal contribution",IF(J39<0.1,"Adequate predictability",IF(J39<0.3,"Strong Predictor",IF(J39<0.5,"Very Strong predictor",IF(J39>=0.5,"Extremely high correlation", ))))))), "") -> No Correlation | N39: =IFERROR(F39/C39, 0) -> 0.50898204 | O39: =IFERROR(F39/((E39*Factor!$C$2)+Phase1!F39), 0) -> 0.1237923
A40: Bor_Terminated_Loans_L24 | B40: [5, Inf) | C40: 133 | D40: 0.067753439 | E40: 72 | F40: 61 | G40: 0.45864662 | H40: -0.12809039 | I40: 0.0011087866 | J40: 0.0021424597 | K40: Inf | L40: FALSE | M40: =IFERROR(IF(NOT(ISNUMBER(J40)), "", IF(J40<0.01,"No Correlation",IF(J40<0.03,"Marginal contribution",IF(J40<0.1,"Adequate predictability",IF(J40<0.3,"Strong Predictor",IF(J40<0.5,"Very Strong predictor",IF(J40>=0.5,"Extremely high correlation", ))))))), "") -> No Correlation | N40: =IFERROR(F40/C40, 0) -> 0.45864662 | O40: =IFERROR(F40/((E40*Factor!$C$2)+Phase1!F40), 0) -> 0.10351897
M41: =IFERROR(IF(NOT(ISNUMBER(J41)), "", IF(J41<0.01,"No Correlation",IF(J41<0.03,"Marginal contribution",IF(J41<0.1,"Adequate predictability",IF(J41<0.3,"Strong Predictor",IF(J41<0.5,"Very Strong predictor",IF(J41>=0.5,"Extremely high correlation", ))))))), "")
A42: variable | B42: bin | C42: count | D42: count_distr | E42: neg | F42: pos | G42: posprob | H42: woe | I42: bin_iv | J42: total_iv | K42: breaks | L42: is_special_values | M42: =IFERROR(IF(NOT(ISNUMBER(J42)), "", IF(J42<0.01,"No Correlation",IF(J42<0.03,"Marginal contribution",IF(J42<0.1,"Adequate predictability",IF(J42<0.3,"Strong Predictor",IF(J42<0.5,"Very Strong predictor",IF(J42>=0.5,"Extremely high correlation", ))))))), "")
A43: Bor_No_Term_Loans_L12 | B43: [-Inf,1) | C43: 1274 | D43: 0.64900662 | E43: 670 | F43: 604 | G43: 0.47409733 | H43: -0.066001647 | I43: 0.0028244319 | J43: 0.0087606655 | K43: 1 | L43: FALSE | M43: =IFERROR(IF(NOT(ISNUMBER(J43)), "", IF(J43<0.01,"No Correlation",IF(J43<0.03,"Marginal contribution",IF(J43<0.1,"Adequate predictability",IF(J43<0.3,"Strong Predictor",IF(J43<0.5,"Very Strong predictor",IF(J43>=0.5,"Extremely high correlation", ))))))), "") -> No Correlation | N43: =IFERROR(F43/C43, 0) -> 0.47409733 | O43: =IFERROR(F43/((E43*Factor!$C$2)+Phase1!F43), 0) -> 0.10942445
A44: Bor_No_Term_Loans_L12 | B44: [1,2) | C44: 568 | D44: 0.28935303 | E44: 275 | F44: 293 | G44: 0.51584507 | H44: 0.10110338 | I44: 0.002958035 | J44: 0.0087606655 | K44: 2 | L44: FALSE | M44: =IFERROR(IF(NOT(ISNUMBER(J44)), "", IF(J44<0.01,"No Correlation",IF(J44<0.03,"Marginal contribution",IF(J44<0.1,"Adequate predictability",IF(J44<0.3,"Strong Predictor",IF(J44<0.5,"Very Strong predictor",IF(J44>=0.5,"Extremely high correlation", ))))))), "") -> No Correlation | N44: =IFERROR(F44/C44, 0) -> 0.51584507 | O44: =IFERROR(F44/((E44*Factor!$C$2)+Phase1!F44), 0) -> 0.12680277
A45: Bor_No_Term_Loans_L12 | B45: [2, Inf) | C45: 121 | D45: 0.061640346 | E45: 55 | F45: 66 | G45: 0.54545455 | H45: 0.22002342 | I45: 0.0029781987 | J45: 0.0087606655 | K45: Inf | L45: FALSE | M45: =IFERROR(IF(NOT(ISNUMBER(J45)), "", IF(J45<0.01,"No Correlation",IF(J45<0.03,"Marginal contribution",IF(J45<0.1,"Adequate predictability",IF(J45<0.3,"Strong Predictor",IF(J45<0.5,"Very Strong predictor",IF(J45>=0.5,"Extremely high correlation", ))))))), "") -> No Correlation | N45: =IFERROR(F45/C45, 0) -> 0.54545455 | O45: =IFERROR(F45/((E45*Factor!$C$2)+Phase1!F45), 0) -> 0.1405646
M46: =IFERROR(IF(NOT(ISNUMBER(J46)), "", IF(J46<0.01,"No Correlation",IF(J46<0.03,"Marginal contribution",IF(J46<0.1,"Adequate predictability",IF(J46<0.3,"Strong Predictor",IF(J46<0.5,"Very Strong predictor",IF(J46>=0.5,"Extremely high correlation", ))))))), "")
A47: variable | B47: bin | C47: count | D47: count_distr | E47: neg | F47: pos | G47: posprob | H47: woe | I47: bin_iv | J47: total_iv | K47: breaks | L47: is_special_values | M47: =IFERROR(IF(NOT(ISNUMBER(J47)), "", IF(J47<0.01,"No Correlation",IF(J47<0.03,"Marginal contribution",IF(J47<0.1,"Adequate predictability",IF(J47<0.3,"Strong Predictor",IF(J47<0.5,"Very Strong predictor",IF(J47>=0.5,"Extremely high correlation", ))))))), "")
A48: Bor_No_Term_Loans_L24 | B48: [-Inf,1) | C48: 606 | D48: 0.30871116 | E48: 346 | F48: 260 | G48: 0.4290429 | H48: -0.24805528 | I48: 0.018854777 | J48: 0.035337855 | K48: 1 | L48: FALSE | M48: =IFERROR(IF(NOT(ISNUMBER(J48)), "", IF(J48<0.01,"No Correlation",IF(J48<0.03,"Marginal contribution",IF(J48<0.1,"Adequate predictability",IF(J48<0.3,"Strong Predictor",IF(J48<0.5,"Very Strong predictor",IF(J48>=0.5,"Extremely high correlation", ))))))), "") -> Adequate predictability | N48: =IFERROR(F48/C48, 0) -> 0.4290429 | O48: =IFERROR(F48/((E48*Factor!$C$2)+Phase1!F48), 0) -> 0.092903528 | P48: =O48 -> 0.092903528 | Q48: 1, 2
A49: Bor_No_Term_Loans_L24 | B49: [1,2) | C49: 767 | D49: 0.39072848 | E49: 370 | F49: 397 | G49: 0.51760104 | H49: 0.10813514 | I49: 0.0045690747 | J49: 0.035337855 | K49: 2 | L49: FALSE | M49: =IFERROR(IF(NOT(ISNUMBER(J49)), "", IF(J49<0.01,"No Correlation",IF(J49<0.03,"Marginal contribution",IF(J49<0.1,"Adequate predictability",IF(J49<0.3,"Strong Predictor",IF(J49<0.5,"Very Strong predictor",IF(J49>=0.5,"Extremely high correlation", ))))))), "") -> Adequate predictability | N49: =IFERROR(F49/C49, 0) -> 0.51760104 | O49: =IFERROR(F49/((E49*Factor!$C$2)+Phase1!F49), 0) -> 0.1275834 | P49: =O49 -> 0.1275834
A50: Bor_No_Term_Loans_L24 | B50: [2,3) | C50: 379 | D50: 0.19307183 | E50: 194 | F50: 185 | G50: 0.48812665 | H50: -0.0098004668 | I50: 1.8542524e-05 | J50: 0.035337855 | K50: 3 | L50: FALSE | M50: =IFERROR(IF(NOT(ISNUMBER(J50)), "", IF(J50<0.01,"No Correlation",IF(J50<0.03,"Marginal contribution",IF(J50<0.1,"Adequate predictability",IF(J50<0.3,"Strong Predictor",IF(J50<0.5,"Very Strong predictor",IF(J50>=0.5,"Extremely high correlation", ))))))), "") -> Adequate predictability | N50: =IFERROR(F50/C50, 0) -> 0.48812665 | O50: =IFERROR(F50/((E50*Factor!$C$2)+Phase1!F50), 0) -> 0.11502271 | P50: =(F50+F51)/((F50+F51)+(E50+E51)*Factor!$C$2) -> 0.12804912
A51: Bor_No_Term_Loans_L24 | B51: [3, Inf) | C51: 211 | D51: 0.10748854 | E51: 90 | F51: 121 | G51: 0.57345972 | H51: 0.33368274 | I51: 0.011895461 | J51: 0.035337855 | K51: Inf | L51: FALSE | M51: =IFERROR(IF(NOT(ISNUMBER(J51)), "", IF(J51<0.01,"No Correlation",IF(J51<0.03,"Marginal contribution",IF(J51<0.1,"Adequate predictability",IF(J51<0.3,"Strong Predictor",IF(J51<0.5,"Very Strong predictor",IF(J51>=0.5,"Extremely high correlation", ))))))), "") -> Adequate predictability | N51: =IFERROR(F51/C51, 0) -> 0.57345972 | O51: =IFERROR(F51/((E51*Factor!$C$2)+Phase1!F51), 0) -> 0.15486414
M52: =IFERROR(IF(NOT(ISNUMBER(J52)), "", IF(J52<0.01,"No Correlation",IF(J52<0.03,"Marginal contribution",IF(J52<0.1,"Adequate predictability",IF(J52<0.3,"Strong Predictor",IF(J52<0.5,"Very Strong predictor",IF(J52>=0.5,"Extremely high correlation", ))))))), "")
A53: variable | B53: bin | C53: count | D53: count_distr | E53: neg | F53: pos | G53: posprob | H53: woe | I53: bin_iv | J53: total_iv | K53: breaks | L53: is_special_values | M53: =IFERROR(IF(NOT(ISNUMBER(J53)), "", IF(J53<0.01,"No Correlation",IF(J53<0.03,"Marginal contribution",IF(J53<0.1,"Adequate predictability",IF(J53<0.3,"Strong Predictor",IF(J53<0.5,"Very Strong predictor",IF(J53>=0.5,"Extremely high correlation", ))))))), "")
A54: Guar_No_Rep_Institutes | B54: [-Inf,1) | C54: 732 | D54: 0.37289862 | E54: 363 | F54: 369 | G54: 0.50409836 | H54: 0.054095677 | I54: 0.0010915193 | J54: 0.0096784009 | K54: 1 | L54: FALSE | M54: =IFERROR(IF(NOT(ISNUMBER(J54)), "", IF(J54<0.01,"No Correlation",IF(J54<0.03,"Marginal contribution",IF(J54<0.1,"Adequate predictability",IF(J54<0.3,"Strong Predictor",IF(J54<0.5,"Very Strong predictor",IF(J54>=0.5,"Extremely high correlation", ))))))), "") -> No Correlation | N54: =IFERROR(F54/C54, 0) -> 0.50409836 | O54: =IFERROR(F54/((E54*Factor!$C$2)+Phase1!F54), 0) -> 0.12168856
A55: Guar_No_Rep_Institutes | B55: [1,2) | C55: 555 | D55: 0.28273051 | E55: 272 | F55: 283 | G55: 0.50990991 | H55: 0.077346699 | I55: 0.0016918285 | J55: 0.0096784009 | K55: 2 | L55: FALSE | M55: =IFERROR(IF(NOT(ISNUMBER(J55)), "", IF(J55<0.01,"No Correlation",IF(J55<0.03,"Marginal contribution",IF(J55<0.1,"Adequate predictability",IF(J55<0.3,"Strong Predictor",IF(J55<0.5,"Very Strong predictor",IF(J55>=0.5,"Extremely high correlation", ))))))), "") -> No Correlation | N55: =IFERROR(F55/C55, 0) -> 0.50990991 | O55: =IFERROR(F55/((E55*Factor!$C$2)+Phase1!F55), 0) -> 0.12419558
A56: Guar_No_Rep_Institutes | B56: [2,3) | C56: 326 | D56: 0.16607234 | E56: 182 | F56: 144 | G56: 0.44171779 | H56: -0.19649152 | I56: 0.0063795471 | J56: 0.0096784009 | K56: 3 | L56: FALSE | M56: =IFERROR(IF(NOT(ISNUMBER(J56)), "", IF(J56<0.01,"No Correlation",IF(J56<0.03,"Marginal contribution",IF(J56<0.1,"Adequate predictability",IF(J56<0.3,"Strong Predictor",IF(J56<0.5,"Very Strong predictor",IF(J56>=0.5,"Extremely high correlation", ))))))), "") -> No Correlation | N56: =IFERROR(F56/C56, 0) -> 0.44171779 | O56: =IFERROR(F56/((E56*Factor!$C$2)+Phase1!F56), 0) -> 0.097341101
A57: Guar_No_Rep_Institutes | B57: [3, Inf) | C57: 350 | D57: 0.17829852 | E57: 183 | F57: 167 | G57: 0.47714286 | H57: -0.053790473 | I57: 0.000515506 | J57: 0.0096784009 | K57: Inf | L57: FALSE | M57: =IFERROR(IF(NOT(ISNUMBER(J57)), "", IF(J57<0.01,"No Correlation",IF(J57<0.03,"Marginal contribution",IF(J57<0.1,"Adequate predictability",IF(J57<0.3,"Strong Predictor",IF(J57<0.5,"Very Strong predictor",IF(J57>=0.5,"Extremely high correlation", ))))))), "") -> No Correlation | N57: =IFERROR(F57/C57, 0) -> 0.47714286 | O57: =IFERROR(F57/((E57*Factor!$C$2)+Phase1!F57), 0) -> 0.11062013
M58: =IFERROR(IF(NOT(ISNUMBER(J58)), "", IF(J58<0.01,"No Correlation",IF(J58<0.03,"Marginal contribution",IF(J58<0.1,"Adequate predictability",IF(J58<0.3,"Strong Predictor",IF(J58<0.5,"Very Strong predictor",IF(J58>=0.5,"Extremely high correlation", ))))))), "")
A59: variable | B59: bin | C59: count | D59: count_distr | E59: neg | F59: pos | G59: posprob | H59: woe | I59: bin_iv | J59: total_iv | K59: breaks | L59: is_special_values | M59: =IFERROR(IF(NOT(ISNUMBER(J59)), "", IF(J59<0.01,"No Correlation",IF(J59<0.03,"Marginal contribution",IF(J59<0.1,"Adequate predictability",IF(J59<0.3,"Strong Predictor",IF(J59<0.5,"Very Strong predictor",IF(J59>=0.5,"Extremely high correlation", ))))))), "")
A60: Guar_No_Living_Contracts | B60: [-Inf,1) | C60: 945 | D60: 0.48140601 | E60: 478 | F60: 467 | G60: 0.49417989 | H60: 0.014420392 | I60: 0.00010011915 | J60: 0.0077875404 | K60: 1 | L60: FALSE | M60: =IFERROR(IF(NOT(ISNUMBER(J60)), "", IF(J60<0.01,"No Correlation",IF(J60<0.03,"Marginal contribution",IF(J60<0.1,"Adequate predictability",IF(J60<0.3,"Strong Predictor",IF(J60<0.5,"Very Strong predictor",IF(J60>=0.5,"Extremely high correlation", ))))))), "") -> No Correlation | N60: =IFERROR(F60/C60, 0) -> 0.49417989 | O60: =IFERROR(F60/((E60*Factor!$C$2)+Phase1!F60), 0) -> 0.1175113
A61: Guar_No_Living_Contracts | B61: [1,2) | C61: 512 | D61: 0.26082527 | E61: 276 | F61: 236 | G61: 0.4609375 | H61: -0.11886719 | I61: 0.0036768598 | J61: 0.0077875404 | K61: 2 | L61: FALSE | M61: =IFERROR(IF(NOT(ISNUMBER(J61)), "", IF(J61<0.01,"No Correlation",IF(J61<0.03,"Marginal contribution",IF(J61<0.1,"Adequate predictability",IF(J61<0.3,"Strong Predictor",IF(J61<0.5,"Very Strong predictor",IF(J61>=0.5,"Extremely high correlation", ))))))), "") -> No Correlation | N61: =IFERROR(F61/C61, 0) -> 0.4609375 | O61: =IFERROR(F61/((E61*Factor!$C$2)+Phase1!F61), 0) -> 0.10437804
A62: Guar_No_Living_Contracts | B62: [2,3) | C62: 254 | D62: 0.12939379 | E62: 125 | F62: 129 | G62: 0.50787402 | H62: 0.069200534 | I62: 0.00061978672 | J62: 0.0077875404 | K62: 3 | L62: FALSE | M62: =IFERROR(IF(NOT(ISNUMBER(J62)), "", IF(J62<0.01,"No Correlation",IF(J62<0.03,"Marginal contribution",IF(J62<0.1,"Adequate predictability",IF(J62<0.3,"Strong Predictor",IF(J62<0.5,"Very Strong predictor",IF(J62>=0.5,"Extremely high correlation", ))))))), "") -> No Correlation | N62: =IFERROR(F62/C62, 0) -> 0.50787402 | O62: =IFERROR(F62/((E62*Factor!$C$2)+Phase1!F62), 0) -> 0.12331222
A63: Guar_No_Living_Contracts | B63: [3,4) | C63: 124 | D63: 0.063168619 | E63: 56 | F63: 68 | G63: 0.5483871 | H63: 0.23185788 | I63: 0.0033880624 | J63: 0.0077875404 | K63: 4 | L63: FALSE | M63: =IFERROR(IF(NOT(ISNUMBER(J63)), "", IF(J63<0.01,"No Correlation",IF(J63<0.03,"Marginal contribution",IF(J63<0.1,"Adequate predictability",IF(J63<0.3,"Strong Predictor",IF(J63<0.5,"Very Strong predictor",IF(J63>=0.5,"Extremely high correlation", ))))))), "") -> No Correlation | N63: =IFERROR(F63/C63, 0) -> 0.5483871 | O63: =IFERROR(F63/((E63*Factor!$C$2)+Phase1!F63), 0) -> 0.14200037
A64: Guar_No_Living_Contracts | B64: [4, Inf) | C64: 128 | D64: 0.065206317 | E64: 65 | F64: 63 | G64: 0.4921875 | H64: 0.0064493237 | I64: 2.7123324e-06 | J64: 0.0077875404 | K64: Inf | L64: FALSE | M64: =IFERROR(IF(NOT(ISNUMBER(J64)), "", IF(J64<0.01,"No Correlation",IF(J64<0.03,"Marginal contribution",IF(J64<0.1,"Adequate predictability",IF(J64<0.3,"Strong Predictor",IF(J64<0.5,"Very Strong predictor",IF(J64>=0.5,"Extremely high correlation", ))))))), "") -> No Correlation | N64: =IFERROR(F64/C64, 0) -> 0.4921875 | O64: =IFERROR(F64/((E64*Factor!$C$2)+Phase1!F64), 0) -> 0.11668719
M65: =IFERROR(IF(NOT(ISNUMBER(J65)), "", IF(J65<0.01,"No Correlation",IF(J65<0.03,"Marginal contribution",IF(J65<0.1,"Adequate predictability",IF(J65<0.3,"Strong Predictor",IF(J65<0.5,"Very Strong predictor",IF(J65>=0.5,"Extremely high correlation", ))))))), "")
A66: variable | B66: bin | C66: count | D66: count_distr | E66: neg | F66: pos | G66: posprob | H66: woe | I66: bin_iv | J66: total_iv | K66: breaks | L66: is_special_values | M66: =IFERROR(IF(NOT(ISNUMBER(J66)), "", IF(J66<0.01,"No Correlation",IF(J66<0.03,"Marginal contribution",IF(J66<0.1,"Adequate predictability",IF(J66<0.3,"Strong Predictor",IF(J66<0.5,"Very Strong predictor",IF(J66>=0.5,"Extremely high correlation", ))))))), "")
A67: Guar_Guaral_OS_Amt | B67: [-Inf,300000) | C67: 1050 | D67: 0.53489557 | E67: 547 | F67: 503 | G67: 0.47904762 | H67: -0.046156765 | I67: 0.0011388691 | J67: 0.017582087 | K67: 300000 | L67: FALSE | M67: =IFERROR(IF(NOT(ISNUMBER(J67)), "", IF(J67<0.01,"No Correlation",IF(J67<0.03,"Marginal contribution",IF(J67<0.1,"Adequate predictability",IF(J67<0.3,"Strong Predictor",IF(J67<0.5,"Very Strong predictor",IF(J67>=0.5,"Extremely high correlation", ))))))), "") -> Marginal contribution | N67: =IFERROR(F67/C67, 0) -> 0.47904762 | O67: =IFERROR(F67/((E67*Factor!$C$2)+Phase1!F67), 0) -> 0.11137339 | P67: =(F67+F68+F69)/((F67+F68+F69)+(E67+E68+E69)*Factor!$C$2) -> 0.11642915 | Q67: =K69 -> 1300000
A68: Guar_Guaral_OS_Amt | B68: [300000,800000) | C68: 219 | D68: 0.11156393 | E68: 97 | F68: 122 | G68: 0.55707763 | H68: 0.26701193 | I68: 0.0079268994 | J68: 0.017582087 | K68: 800000 | L68: FALSE | M68: =IFERROR(IF(NOT(ISNUMBER(J68)), "", IF(J68<0.01,"No Correlation",IF(J68<0.03,"Marginal contribution",IF(J68<0.1,"Adequate predictability",IF(J68<0.3,"Strong Predictor",IF(J68<0.5,"Very Strong predictor",IF(J68>=0.5,"Extremely high correlation", ))))))), "") -> Marginal contribution | N68: =IFERROR(F68/C68, 0) -> 0.55707763 | O68: =IFERROR(F68/((E68*Factor!$C$2)+Phase1!F68), 0) -> 0.14633754
A69: Guar_Guaral_OS_Amt | B69: [800000,1300000) | C69: 153 | D69: 0.077941926 | E69: 79 | F69: 74 | G69: 0.48366013 | H69: -0.027680892 | I69: 5.9702194e-05 | J69: 0.017582087 | K69: 1300000 | L69: FALSE | M69: =IFERROR(IF(NOT(ISNUMBER(J69)), "", IF(J69<0.01,"No Correlation",IF(J69<0.03,"Marginal contribution",IF(J69<0.1,"Adequate predictability",IF(J69<0.3,"Strong Predictor",IF(J69<0.5,"Very Strong predictor",IF(J69>=0.5,"Extremely high correlation", ))))))), "") -> Marginal contribution | N69: =IFERROR(F69/C69, 0) -> 0.48366013 | O69: =IFERROR(F69/((E69*Factor!$C$2)+Phase1!F69), 0) -> 0.11321511
A70: Guar_Guaral_OS_Amt | B70: [1300000,1900000) | C70: 128 | D70: 0.065206317 | E70: 57 | F70: 71 | G70: 0.5546875 | H70: 0.25733048 | I70: 0.0043046071 | J70: 0.017582087 | K70: 1900000 | L70: FALSE | M70: =IFERROR(IF(NOT(ISNUMBER(J70)), "", IF(J70<0.01,"No Correlation",IF(J70<0.03,"Marginal contribution",IF(J70<0.1,"Adequate predictability",IF(J70<0.3,"Strong Predictor",IF(J70<0.5,"Very Strong predictor",IF(J70>=0.5,"Extremely high correlation", ))))))), "") -> Marginal contribution | N70: =IFERROR(F70/C70, 0) -> 0.5546875 | O70: =IFERROR(F70/((E70*Factor!$C$2)+Phase1!F70), 0) -> 0.14513224 | P70: =(F70+F71+F72)/((F70+F71+F72)+(E70+E71+E72)*Factor!$C$2) -> 0.1149651
A71: Guar_Guaral_OS_Amt | B71: [1900000,2600000) | C71: 113 | D71: 0.057564952 | E71: 65 | F71: 48 | G71: 0.42477876 | H71: -0.26548439 | I71: 0.0040236186 | J71: 0.017582087 | K71: 2600000 | L71: FALSE | M71: =IFERROR(IF(NOT(ISNUMBER(J71)), "", IF(J71<0.01,"No Correlation",IF(J71<0.03,"Marginal contribution",IF(J71<0.1,"Adequate predictability",IF(J71<0.3,"Strong Predictor",IF(J71<0.5,"Very Strong predictor",IF(J71>=0.5,"Extremely high correlation", ))))))), "") -> Marginal contribution | N71: =IFERROR(F71/C71, 0) -> 0.42477876 | O71: =IFERROR(F71/((E71*Factor!$C$2)+Phase1!F71), 0) -> 0.091445119
A72: Guar_Guaral_OS_Amt | B72: [2600000, Inf) | C72: 300 | D72: 0.15282731 | E72: 155 | F72: 145 | G72: 0.48333333 | H72: -0.028989507 | I72: 0.0001283907 | J72: 0.017582087 | K72: Inf | L72: FALSE | M72: =IFERROR(IF(NOT(ISNUMBER(J72)), "", IF(J72<0.01,"No Correlation",IF(J72<0.03,"Marginal contribution",IF(J72<0.1,"Adequate predictability",IF(J72<0.3,"Strong Predictor",IF(J72<0.5,"Very Strong predictor",IF(J72>=0.5,"Extremely high correlation", ))))))), "") -> Marginal contribution | N72: =IFERROR(F72/C72, 0) -> 0.48333333 | O72: =IFERROR(F72/((E72*Factor!$C$2)+Phase1!F72), 0) -> 0.1130838
M73: =IFERROR(IF(NOT(ISNUMBER(J73)), "", IF(J73<0.01,"No Correlation",IF(J73<0.03,"Marginal contribution",IF(J73<0.1,"Adequate predictability",IF(J73<0.3,"Strong Predictor",IF(J73<0.5,"Very Strong predictor",IF(J73>=0.5,"Extremely high correlation", ))))))), "")
A74: variable | B74: bin | C74: count | D74: count_distr | E74: neg | F74: pos | G74: posprob | H74: woe | I74: bin_iv | J74: total_iv | K74: breaks | L74: is_special_values | M74: =IFERROR(IF(NOT(ISNUMBER(J74)), "", IF(J74<0.01,"No Correlation",IF(J74<0.03,"Marginal contribution",IF(J74<0.1,"Adequate predictability",IF(J74<0.3,"Strong Predictor",IF(J74<0.5,"Very Strong predictor",IF(J74>=0.5,"Extremely high correlation", ))))))), "")
A75: Guar_Guaral_Overdue_Amt | B75: [-Inf,5000) | C75: 1860 | D75: 0.94752929 | E75: 956 | F75: 904 | G75: 0.48602151 | H75: -0.018226685 | I75: 0.00031471789 | J75: 0.0060309111 | K75: 5000 | L75: FALSE | M75: =IFERROR(IF(NOT(ISNUMBER(J75)), "", IF(J75<0.01,"No Correlation",IF(J75<0.03,"Marginal contribution",IF(J75<0.1,"Adequate predictability",IF(J75<0.3,"Strong Predictor",IF(J75<0.5,"Very Strong predictor",IF(J75>=0.5,"Extremely high correlation", ))))))), "") -> No Correlation | N75: =IFERROR(F75/C75, 0) -> 0.48602151 | O75: =IFERROR(F75/((E75*Factor!$C$2)+Phase1!F75), 0) -> 0.11416776
A76: Guar_Guaral_Overdue_Amt | B76: [5000, Inf) | C76: 103 | D76: 0.052470708 | E76: 44 | F76: 59 | G76: 0.57281553 | H76: 0.33104968 | I76: 0.0057161932 | J76: 0.0060309111 | K76: Inf | L76: FALSE | M76: =IFERROR(IF(NOT(ISNUMBER(J76)), "", IF(J76<0.01,"No Correlation",IF(J76<0.03,"Marginal contribution",IF(J76<0.1,"Adequate predictability",IF(J76<0.3,"Strong Predictor",IF(J76<0.5,"Very Strong predictor",IF(J76>=0.5,"Extremely high correlation", ))))))), "") -> No Correlation | N76: =IFERROR(F76/C76, 0) -> 0.57281553 | O76: =IFERROR(F76/((E76*Factor!$C$2)+Phase1!F76), 0) -> 0.15451984
M77: =IFERROR(IF(NOT(ISNUMBER(J77)), "", IF(J77<0.01,"No Correlation",IF(J77<0.03,"Marginal contribution",IF(J77<0.1,"Adequate predictability",IF(J77<0.3,"Strong Predictor",IF(J77<0.5,"Very Strong predictor",IF(J77>=0.5,"Extremely high correlation", ))))))), "")
A78: variable | B78: bin | C78: count | D78: count_distr | E78: neg | F78: pos | G78: posprob | H78: woe | I78: bin_iv | J78: total_iv | K78: breaks | L78: is_special_values | M78: =IFERROR(IF(NOT(ISNUMBER(J78)), "", IF(J78<0.01,"No Correlation",IF(J78<0.03,"Marginal contribution",IF(J78<0.1,"Adequate predictability",IF(J78<0.3,"Strong Predictor",IF(J78<0.5,"Very Strong predictor",IF(J78>=0.5,"Extremely high correlation", ))))))), "")
A79: Guar_Current_Highest_NPI | B79: [-Inf,1) | C79: 1861 | D79: 0.94803872 | E79: 954 | F79: 907 | G79: 0.48737238 | H79: -0.012819354 | I79: 0.00015577579 | J79: 0.0030042608 | K79: 1 | L79: FALSE | M79: =IFERROR(IF(NOT(ISNUMBER(J79)), "", IF(J79<0.01,"No Correlation",IF(J79<0.03,"Marginal contribution",IF(J79<0.1,"Adequate predictability",IF(J79<0.3,"Strong Predictor",IF(J79<0.5,"Very Strong predictor",IF(J79>=0.5,"Extremely high correlation", ))))))), "") -> No Correlation | N79: =IFERROR(F79/C79, 0) -> 0.48737238 | O79: =IFERROR(F79/((E79*Factor!$C$2)+Phase1!F79), 0) -> 0.11471577
A80: Guar_Current_Highest_NPI | B80: [1, Inf) | C80: 102 | D80: 0.051961284 | E80: 46 | F80: 56 | G80: 0.54901961 | H80: 0.23441216 | I80: 0.0028484851 | J80: 0.0030042608 | K80: Inf | L80: FALSE | M80: =IFERROR(IF(NOT(ISNUMBER(J80)), "", IF(J80<0.01,"No Correlation",IF(J80<0.03,"Marginal contribution",IF(J80<0.1,"Adequate predictability",IF(J80<0.3,"Strong Predictor",IF(J80<0.5,"Very Strong predictor",IF(J80>=0.5,"Extremely high correlation", ))))))), "") -> No Correlation | N80: =IFERROR(F80/C80, 0) -> 0.54901961 | O80: =IFERROR(F80/((E80*Factor!$C$2)+Phase1!F80), 0) -> 0.14231186
M81: =IFERROR(IF(NOT(ISNUMBER(J81)), "", IF(J81<0.01,"No Correlation",IF(J81<0.03,"Marginal contribution",IF(J81<0.1,"Adequate predictability",IF(J81<0.3,"Strong Predictor",IF(J81<0.5,"Very Strong predictor",IF(J81>=0.5,"Extremely high correlation", ))))))), "")
A82: variable | B82: bin | C82: count | D82: count_distr | E82: neg | F82: pos | G82: posprob | H82: woe | I82: bin_iv | J82: total_iv | K82: breaks | L82: is_special_values | M82: =IFERROR(IF(NOT(ISNUMBER(J82)), "", IF(J82<0.01,"No Correlation",IF(J82<0.03,"Marginal contribution",IF(J82<0.1,"Adequate predictability",IF(J82<0.3,"Strong Predictor",IF(J82<0.5,"Very Strong predictor",IF(J82>=0.5,"Extremely high correlation", ))))))), "")
A83: Guar_Historic_High_NPI_L12 | B83: [-Inf,1) | C83: 1736 | D83: 0.88436067 | E83: 892 | F83: 844 | G83: 0.48617512 | H83: -0.017611771 | I83: 0.00027425349 | J83: 0.0023717335 | K83: 1 | L83: FALSE | M83: =IFERROR(IF(NOT(ISNUMBER(J83)), "", IF(J83<0.01,"No Correlation",IF(J83<0.03,"Marginal contribution",IF(J83<0.1,"Adequate predictability",IF(J83<0.3,"Strong Predictor",IF(J83<0.5,"Very Strong predictor",IF(J83>=0.5,"Extremely high correlation", ))))))), "") -> No Correlation | N83: =IFERROR(F83/C83, 0) -> 0.48617512 | O83: =IFERROR(F83/((E83*Factor!$C$2)+Phase1!F83), 0) -> 0.11422997
A84: Guar_Historic_High_NPI_L12 | B84: [1, Inf) | C84: 227 | D84: 0.11563933 | E84: 108 | F84: 119 | G84: 0.52422907 | H84: 0.13469413 | I84: 0.00209748 | J84: 0.0023717335 | K84: Inf | L84: FALSE | M84: =IFERROR(IF(NOT(ISNUMBER(J84)), "", IF(J84<0.01,"No Correlation",IF(J84<0.03,"Marginal contribution",IF(J84<0.1,"Adequate predictability",IF(J84<0.3,"Strong Predictor",IF(J84<0.5,"Very Strong predictor",IF(J84>=0.5,"Extremely high correlation", ))))))), "") -> No Correlation | N84: =IFERROR(F84/C84, 0) -> 0.52422907 | O84: =IFERROR(F84/((E84*Factor!$C$2)+Phase1!F84), 0) -> 0.13056893
M85: =IFERROR(IF(NOT(ISNUMBER(J85)), "", IF(J85<0.01,"No Correlation",IF(J85<0.03,"Marginal contribution",IF(J85<0.1,"Adequate predictability",IF(J85<0.3,"Strong Predictor",IF(J85<0.5,"Very Strong predictor",IF(J85>=0.5,"Extremely high correlation", ))))))), "")
A86: variable | B86: bin | C86: count | D86: count_distr | E86: neg | F86: pos | G86: posprob | H86: woe | I86: bin_iv | J86: total_iv | K86: breaks | L86: is_special_values | M86: =IFERROR(IF(NOT(ISNUMBER(J86)), "", IF(J86<0.01,"No Correlation",IF(J86<0.03,"Marginal contribution",IF(J86<0.1,"Adequate predictability",IF(J86<0.3,"Strong Predictor",IF(J86<0.5,"Very Strong predictor",IF(J86>=0.5,"Extremely high correlation", ))))))), "")
A87: Guar_Historic_High_NPI_L24 | B87: [-Inf,1) | C87: 1677 | D87: 0.85430464 | E87: 863 | F87: 814 | G87: 0.48539058 | H87: -0.020752458 | I87: 0.00036783355 | J87: 0.003713359 | K87: 1 | L87: FALSE | M87: =IFERROR(IF(NOT(ISNUMBER(J87)), "", IF(J87<0.01,"No Correlation",IF(J87<0.03,"Marginal contribution",IF(J87<0.1,"Adequate predictability",IF(J87<0.3,"Strong Predictor",IF(J87<0.5,"Very Strong predictor",IF(J87>=0.5,"Extremely high correlation", ))))))), "") -> No Correlation | N87: =IFERROR(F87/C87, 0) -> 0.48539058 | O87: =IFERROR(F87/((E87*Factor!$C$2)+Phase1!F87), 0) -> 0.11391257
A88: Guar_Historic_High_NPI_L24 | B88: [1,2) | C88: 157 | D88: 0.079979623 | E88: 72 | F88: 85 | G88: 0.54140127 | H88: 0.203687 | I88: 0.0033131394 | J88: 0.003713359 | K88: 2 | L88: FALSE | M88: =IFERROR(IF(NOT(ISNUMBER(J88)), "", IF(J88<0.01,"No Correlation",IF(J88<0.03,"Marginal contribution",IF(J88<0.1,"Adequate predictability",IF(J88<0.3,"Strong Predictor",IF(J88<0.5,"Very Strong predictor",IF(J88>=0.5,"Extremely high correlation", ))))))), "") -> No Correlation | N88: =IFERROR(F88/C88, 0) -> 0.54140127 | O88: =IFERROR(F88/((E88*Factor!$C$2)+Phase1!F88), 0) -> 0.13860262
A89: Guar_Historic_High_NPI_L24 | B89: [2, Inf) | C89: 129 | D89: 0.065715741 | E89: 65 | F89: 64 | G89: 0.49612403 | H89: 0.022197681 | I89: 3.2386024e-05 | J89: 0.003713359 | K89: Inf | L89: FALSE | M89: =IFERROR(IF(NOT(ISNUMBER(J89)), "", IF(J89<0.01,"No Correlation",IF(J89<0.03,"Marginal contribution",IF(J89<0.1,"Adequate predictability",IF(J89<0.3,"Strong Predictor",IF(J89<0.5,"Very Strong predictor",IF(J89>=0.5,"Extremely high correlation", ))))))), "") -> No Correlation | N89: =IFERROR(F89/C89, 0) -> 0.49612403 | O89: =IFERROR(F89/((E89*Factor!$C$2)+Phase1!F89), 0) -> 0.11832022
M90: =IFERROR(IF(NOT(ISNUMBER(J90)), "", IF(J90<0.01,"No Correlation",IF(J90<0.03,"Marginal contribution",IF(J90<0.1,"Adequate predictability",IF(J90<0.3,"Strong Predictor",IF(J90<0.5,"Very Strong predictor",IF(J90>=0.5,"Extremely high correlation", ))))))), "")
A91: variable | B91: bin | C91: count | D91: count_distr | E91: neg | F91: pos | G91: posprob | H91: woe | I91: bin_iv | J91: total_iv | K91: breaks | L91: is_special_values | M91: =IFERROR(IF(NOT(ISNUMBER(J91)), "", IF(J91<0.01,"No Correlation",IF(J91<0.03,"Marginal contribution",IF(J91<0.1,"Adequate predictability",IF(J91<0.3,"Strong Predictor",IF(J91<0.5,"Very Strong predictor",IF(J91>=0.5,"Extremely high correlation", ))))))), "")
A92: Guar_Terminated_Loans_L24 | B92: [-Inf,1) | C92: 1303 | D92: 0.66377993 | E92: 644 | F92: 659 | G92: 0.50575595 | H92: 0.060726676 | I92: 0.0024484895 | J92: 0.011011278 | K92: 1 | L92: FALSE | M92: =IFERROR(IF(NOT(ISNUMBER(J92)), "", IF(J92<0.01,"No Correlation",IF(J92<0.03,"Marginal contribution",IF(J92<0.1,"Adequate predictability",IF(J92<0.3,"Strong Predictor",IF(J92<0.5,"Very Strong predictor",IF(J92>=0.5,"Extremely high correlation", ))))))), "") -> Marginal contribution | N92: =IFERROR(F92/C92, 0) -> 0.50575595 | O92: =IFERROR(F92/((E92*Factor!$C$2)+Phase1!F92), 0) -> 0.12239907 | P92: =O92 -> 0.12239907 | Q92: 1, 2
A93: Guar_Terminated_Loans_L24 | B93: [1,2) | C93: 329 | D93: 0.16760061 | E93: 170 | F93: 159 | G93: 0.48328267 | H93: -0.029192368 | I93: 0.00014277887 | J93: 0.011011278 | K93: 2 | L93: FALSE | M93: =IFERROR(IF(NOT(ISNUMBER(J93)), "", IF(J93<0.01,"No Correlation",IF(J93<0.03,"Marginal contribution",IF(J93<0.1,"Adequate predictability",IF(J93<0.3,"Strong Predictor",IF(J93<0.5,"Very Strong predictor",IF(J93>=0.5,"Extremely high correlation", ))))))), "") -> Marginal contribution | N93: =IFERROR(F93/C93, 0) -> 0.48328267 | O93: =IFERROR(F93/((E93*Factor!$C$2)+Phase1!F93), 0) -> 0.11306345 | P93: =O93 -> 0.11306345
A94: Guar_Terminated_Loans_L24 | B94: [2,3) | C94: 169 | D94: 0.086092715 | E94: 98 | F94: 71 | G94: 0.42011834 | H94: -0.28458573 | I94: 0.0069074839 | J94: 0.011011278 | K94: 3 | L94: FALSE | M94: =IFERROR(IF(NOT(ISNUMBER(J94)), "", IF(J94<0.01,"No Correlation",IF(J94<0.03,"Marginal contribution",IF(J94<0.1,"Adequate predictability",IF(J94<0.3,"Strong Predictor",IF(J94<0.5,"Very Strong predictor",IF(J94>=0.5,"Extremely high correlation", ))))))), "") -> Marginal contribution | N94: =IFERROR(F94/C94, 0) -> 0.42011834 | O94: =IFERROR(F94/((E94*Factor!$C$2)+Phase1!F94), 0) -> 0.08987046 | P94: =(F94+F95)/((F94+F95)+(E94+E95)*Factor!$C$2) -> 0.096046717
A95: Guar_Terminated_Loans_L24 | B95: [3, Inf) | C95: 162 | D95: 0.082526745 | E95: 88 | F95: 74 | G95: 0.45679012 | H95: -0.13556985 | I95: 0.001512526 | J95: 0.011011278 | K95: Inf | L95: FALSE | M95: =IFERROR(IF(NOT(ISNUMBER(J95)), "", IF(J95<0.01,"No Correlation",IF(J95<0.03,"Marginal contribution",IF(J95<0.1,"Adequate predictability",IF(J95<0.3,"Strong Predictor",IF(J95<0.5,"Very Strong predictor",IF(J95>=0.5,"Extremely high correlation", ))))))), "") -> Marginal contribution | N95: =IFERROR(F95/C95, 0) -> 0.45679012 | O95: =IFERROR(F95/((E95*Factor!$C$2)+Phase1!F95), 0) -> 0.10282691
M96: =IFERROR(IF(NOT(ISNUMBER(J96)), "", IF(J96<0.01,"No Correlation",IF(J96<0.03,"Marginal contribution",IF(J96<0.1,"Adequate predictability",IF(J96<0.3,"Strong Predictor",IF(J96<0.5,"Very Strong predictor",IF(J96>=0.5,"Extremely high correlation", ))))))), "")
A97: variable | B97: bin | C97: count | D97: count_distr | E97: neg | F97: pos | G97: posprob | H97: woe | I97: bin_iv | J97: total_iv | K97: breaks | L97: is_special_values | M97: =IFERROR(IF(NOT(ISNUMBER(J97)), "", IF(J97<0.01,"No Correlation",IF(J97<0.03,"Marginal contribution",IF(J97<0.1,"Adequate predictability",IF(J97<0.3,"Strong Predictor",IF(J97<0.5,"Very Strong predictor",IF(J97>=0.5,"Extremely high correlation", ))))))), "")
A98: Guar_No_Term_Loans_L12 | B98: [-Inf,1) | C98: 1384 | D98: 0.7050433 | E98: 727 | F98: 657 | G98: 0.47471098 | H98: -0.063540592 | I98: 0.0028438869 | J98: 0.010120381 | K98: 1 | L98: FALSE | M98: =IFERROR(IF(NOT(ISNUMBER(J98)), "", IF(J98<0.01,"No Correlation",IF(J98<0.03,"Marginal contribution",IF(J98<0.1,"Adequate predictability",IF(J98<0.3,"Strong Predictor",IF(J98<0.5,"Very Strong predictor",IF(J98>=0.5,"Extremely high correlation", ))))))), "") -> Marginal contribution | N98: =IFERROR(F98/C98, 0) -> 0.47471098 | O98: =IFERROR(F98/((E98*Factor!$C$2)+Phase1!F98), 0) -> 0.10966452 | P98: All Okay
A99: Guar_No_Term_Loans_L12 | B99: [1,2) | C99: 378 | D99: 0.1925624 | E99: 181 | F99: 197 | G99: 0.52116402 | H99: 0.12240856 | I99: 0.0028850542 | J99: 0.010120381 | K99: 2 | L99: FALSE | M99: =IFERROR(IF(NOT(ISNUMBER(J99)), "", IF(J99<0.01,"No Correlation",IF(J99<0.03,"Marginal contribution",IF(J99<0.1,"Adequate predictability",IF(J99<0.3,"Strong Predictor",IF(J99<0.5,"Very Strong predictor",IF(J99>=0.5,"Extremely high correlation", ))))))), "") -> Marginal contribution | N99: =IFERROR(F99/C99, 0) -> 0.52116402 | O99: =IFERROR(F99/((E99*Factor!$C$2)+Phase1!F99), 0) -> 0.12918058 | P99: All Okay
A100: Guar_No_Term_Loans_L12 | B100: [2, Inf) | C100: 201 | D100: 0.10239429 | E100: 92 | F100: 109 | G100: 0.54228856 | H100: 0.20726117 | I100: 0.0043914403 | J100: 0.010120381 | K100: Inf | L100: FALSE | M100: =IFERROR(IF(NOT(ISNUMBER(J100)), "", IF(J100<0.01,"No Correlation",IF(J100<0.03,"Marginal contribution",IF(J100<0.1,"Adequate predictability",IF(J100<0.3,"Strong Predictor",IF(J100<0.5,"Very Strong predictor",IF(J100>=0.5,"Extremely high correlation", ))))))), "") -> Marginal contribution | N100: =IFERROR(F100/C100, 0) -> 0.54228856 | O100: =IFERROR(F100/((E100*Factor!$C$2)+Phase1!F100), 0) -> 0.1390299 | P100: All Okay
...

Sheet Phase2
A1: variable | B1: bin | C1: count | D1: count_distr | E1: neg | F1: pos | G1: posprob | H1: woe | I1: bin_iv | J1: total_iv | K1: breaks | L1: is_special_values | M1: Correlation | N1: Bad Rate | O1: Bad Rate (Factored) | P1: Variables under consideration
A2: Bor_No_Rep_Institutes | B2: [-Inf,1) | C2: 256 | D2: 0.13041263 | E2: 136 | F2: 120 | G2: 0.46875 | H2: -0.087461276 | I2: 0.00099613216 | J2: 0.0050415569 | K2: 1 | L2: FALSE | M2: =IFERROR(IF(NOT(ISNUMBER(J2)), "", IF(J2<0.01,"No Correlation",IF(J2<0.03,"Marginal contribution",IF(J2<0.1,"Adequate predictability",IF(J2<0.3,"Strong Predictor",IF(J2<0.5,"Very Strong predictor",IF(J2>=0.5,"Extremely high correlation", ))))))), "") -> No Correlation | N2: =IFERROR(F2/C2, 0) -> 0.46875 | O2: =IFERROR(F2/((E2*Factor!$C$2)+F2), 0) -> 0.10735066 | P2: =VLOOKUP(A2, Synopsis!$G$2:$G$15,1,FALSE) -> Bor_No_Rep_Institutes
A3: Bor_No_Rep_Institutes | B3: [1,6) | C3: 1462 | D3: 0.7447784 | E3: 750 | F3: 712 | G3: 0.4870041 | H3: -0.014293428 | I3: 0.00015213669 | J3: 0.0050415569 | K3: 6 | L3: FALSE | M3: =IFERROR(IF(NOT(ISNUMBER(J3)), "", IF(J3<0.01,"No Correlation",IF(J3<0.03,"Marginal contribution",IF(J3<0.1,"Adequate predictability",IF(J3<0.3,"Strong Predictor",IF(J3<0.5,"Very Strong predictor",IF(J3>=0.5,"Extremely high correlation", ))))))), "") -> No Correlation | N3: =IFERROR(F3/C3, 0) -> 0.4870041 | O3: =IFERROR(F3/((E3*Factor!$C$2)+F3), 0) -> 0.11456615 | P3: =VLOOKUP(A3, Synopsis!$G$2:$G$15,1,FALSE) -> Bor_No_Rep_Institutes
A4: Bor_No_Rep_Institutes | B4: [6, Inf) | C4: 245 | D4: 0.12480897 | E4: 114 | F4: 131 | G4: 0.53469388 | H4: 0.17670074 | I4: 0.003893288 | J4: 0.0050415569 | K4: Inf | L4: FALSE | M4: =IFERROR(IF(NOT(ISNUMBER(J4)), "", IF(J4<0.01,"No Correlation",IF(J4<0.03,"Marginal contribution",IF(J4<0.1,"Adequate predictability",IF(J4<0.3,"Strong Predictor",IF(J4<0.5,"Very Strong predictor",IF(J4>=0.5,"Extremely high correlation", ))))))), "") -> No Correlation | N4: =IFERROR(F4/C4, 0) -> 0.53469388 | O4: =IFERROR(F4/((E4*Factor!$C$2)+F4), 0) -> 0.13541199 | P4: =VLOOKUP(A4, Synopsis!$G$2:$G$15,1,FALSE) -> Bor_No_Rep_Institutes
M5: =IFERROR(IF(NOT(ISNUMBER(J5)), "", IF(J5<0.01,"No Correlation",IF(J5<0.03,"Marginal contribution",IF(J5<0.1,"Adequate predictability",IF(J5<0.3,"Strong Predictor",IF(J5<0.5,"Very Strong predictor",IF(J5>=0.5,"Extremely high correlation", ))))))), "")
A6: variable | B6: bin | C6: count | D6: count_distr | E6: neg | F6: pos | G6: posprob | H6: woe | I6: bin_iv | J6: total_iv | K6: breaks | L6: is_special_values | M6: =IFERROR(IF(NOT(ISNUMBER(J6)), "", IF(J6<0.01,"No Correlation",IF(J6<0.03,"Marginal contribution",IF(J6<0.1,"Adequate predictability",IF(J6<0.3,"Strong Predictor",IF(J6<0.5,"Very Strong predictor",IF(J6>=0.5,"Extremely high correlation", ))))))), "")
A7: Bor_No_Living_Contracts | B7: [-Inf,1) | C7: 453 | D7: 0.23076923 | E7: 255 | F7: 198 | G7: 0.43708609 | H7: -0.21529465 | I7: 0.010633946 | J7: 0.013881408 | K7: 1 | L7: FALSE | M7: =IFERROR(IF(NOT(ISNUMBER(J7)), "", IF(J7<0.01,"No Correlation",IF(J7<0.03,"Marginal contribution",IF(J7<0.1,"Adequate predictability",IF(J7<0.3,"Strong Predictor",IF(J7<0.5,"Very Strong predictor",IF(J7>=0.5,"Extremely high correlation", ))))))), "") -> Marginal contribution | N7: =IFERROR(F7/C7, 0) -> 0.43708609 | O7: =IFERROR(F7/((E7*Factor!$C$2)+F7), 0) -> 0.095701412 | P7: =VLOOKUP(A7, Synopsis!$G$2:$G$15,1,FALSE) -> Bor_No_Living_Contracts
A8: Bor_No_Living_Contracts | B8: [1,5) | C8: 1372 | D8: 0.69893021 | E8: 678 | F8: 694 | G8: 0.5058309 | H8: 0.06102654 | I8: 0.0026036723 | J8: 0.013881408 | K8: 5 | L8: FALSE | M8: =IFERROR(IF(NOT(ISNUMBER(J8)), "", IF(J8<0.01,"No Correlation",IF(J8<0.03,"Marginal contribution",IF(J8<0.1,"Adequate predictability",IF(J8<0.3,"Strong Predictor",IF(J8<0.5,"Very Strong predictor",IF(J8>=0.5,"Extremely high correlation", ))))))), "") -> Marginal contribution | N8: =IFERROR(F8/C8, 0) -> 0.5058309 | O8: =IFERROR(F8/((E8*Factor!$C$2)+F8), 0) -> 0.12243128 | P8: =VLOOKUP(A8, Synopsis!$G$2:$G$15,1,FALSE) -> Bor_No_Living_Contracts
A9: Bor_No_Living_Contracts | B9: [5, Inf) | C9: 138 | D9: 0.07030056 | E9: 67 | F9: 71 | G9: 0.51449275 | H9: 0.095689125 | I9: 0.00064379007 | J9: 0.013881408 | K9: Inf | L9: FALSE | M9: =IFERROR(IF(NOT(ISNUMBER(J9)), "", IF(J9<0.01,"No Correlation",IF(J9<0.03,"Marginal contribution",IF(J9<0.1,"Adequate predictability",IF(J9<0.3,"Strong Predictor",IF(J9<0.5,"Very Strong predictor",IF(J9>=0.5,"Extremely high correlation", ))))))), "") -> Marginal contribution | N9: =IFERROR(F9/C9, 0) -> 0.51449275 | O9: =IFERROR(F9/((E9*Factor!$C$2)+F9), 0) -> 0.1262045 | P9: =VLOOKUP(A9, Synopsis!$G$2:$G$15,1,FALSE) -> Bor_No_Living_Contracts
M10: =IFERROR(IF(NOT(ISNUMBER(J10)), "", IF(J10<0.01,"No Correlation",IF(J10<0.03,"Marginal contribution",IF(J10<0.1,"Adequate predictability",IF(J10<0.3,"Strong Predictor",IF(J10<0.5,"Very Strong predictor",IF(J10>=0.5,"Extremely high correlation", ))))))), "")
A11: variable | B11: bin | C11: count | D11: count_distr | E11: neg | F11: pos | G11: posprob | H11: woe | I11: bin_iv | J11: total_iv | K11: breaks | L11: is_special_values | M11: =IFERROR(IF(NOT(ISNUMBER(J11)), "", IF(J11<0.01,"No Correlation",IF(J11<0.03,"Marginal contribution",IF(J11<0.1,"Adequate predictability",IF(J11<0.3,"Strong Predictor",IF(J11<0.5,"Very Strong predictor",IF(J11>=0.5,"Extremely high correlation", ))))))), "")
A12: Bor_Boral_OS_Amt | B12: [-Inf,900000) | C12: 1126 | D12: 0.57361182 | E12: 575 | F12: 551 | G12: 0.48934281 | H12: -0.0049333645 | I12: 1.3959936e-05 | J12: 3.2737952e-05 | K12: 900000 | L12: FALSE | M12: =IFERROR(IF(NOT(ISNUMBER(J12)), "", IF(J12<0.01,"No Correlation",IF(J12<0.03,"Marginal contribution",IF(J12<0.1,"Adequate predictability",IF(J12<0.3,"Strong Predictor",IF(J12<0.5,"Very Strong predictor",IF(J12>=0.5,"Extremely high correlation", ))))))), "") -> No Correlation | N12: =IFERROR(F12/C12, 0) -> 0.48934281 | O12: =IFERROR(F12/((E12*Factor!$C$2)+F12), 0) -> 0.11551908 | P12: =VLOOKUP(A12, Synopsis!$G$2:$G$15,1,FALSE) -> Bor_Boral_OS_Amt
A13: Bor_Boral_OS_Amt | B13: [900000, Inf) | C13: 837 | D13: 0.42638818 | E13: 425 | F13: 412 | G13: 0.49223417 | H13: 0.0066360476 | I13: 1.8778016e-05 | J13: 3.2737952e-05 | K13: Inf | L13: FALSE | M13: =IFERROR(IF(NOT(ISNUMBER(J13)), "", IF(J13<0.01,"No Correlation",IF(J13<0.03,"Marginal contribution",IF(J13<0.1,"Adequate predictability",IF(J13<0.3,"Strong Predictor",IF(J13<0.5,"Very Strong predictor",IF(J13>=0.5,"Extremely high correlation", ))))))), "") -> No Correlation | N13: =IFERROR(F13/C13, 0) -> 0.49223417 | O13: =IFERROR(F13/((E13*Factor!$C$2)+F13), 0) -> 0.11670644 | P13: =VLOOKUP(A13, Synopsis!$G$2:$G$15,1,FALSE) -> Bor_Boral_OS_Amt
M14: =IFERROR(IF(NOT(ISNUMBER(J14)), "", IF(J14<0.01,"No Correlation",IF(J14<0.03,"Marginal contribution",IF(J14<0.1,"Adequate predictability",IF(J14<0.3,"Strong Predictor",IF(J14<0.5,"Very Strong predictor",IF(J14>=0.5,"Extremely high correlation", ))))))), "")
A15: variable | B15: bin | C15: count | D15: count_distr | E15: neg | F15: pos | G15: posprob | H15: woe | I15: bin_iv | J15: total_iv | K15: breaks | L15: is_special_values | M15: =IFERROR(IF(NOT(ISNUMBER(J15)), "", IF(J15<0.01,"No Correlation",IF(J15<0.03,"Marginal contribution",IF(J15<0.1,"Adequate predictability",IF(J15<0.3,"Strong Predictor",IF(J15<0.5,"Very Strong predictor",IF(J15>=0.5,"Extremely high correlation", ))))))), "")
A16: Bor_Boral_Overdue_Amt | B16: [-Inf,10000) | C16: 1860 | D16: 0.94752929 | E16: 958 | F16: 902 | G16: 0.48494624 | H16: -0.022531391 | I16: 0.00048090364 | J16: 0.0092511677 | K16: 10000 | L16: FALSE | M16: =IFERROR(IF(NOT(ISNUMBER(J16)), "", IF(J16<0.01,"No Correlation",IF(J16<0.03,"Marginal contribution",IF(J16<0.1,"Adequate predictability",IF(J16<0.3,"Strong Predictor",IF(J16<0.5,"Very Strong predictor",IF(J16>=0.5,"Extremely high correlation", ))))))), "") -> No Correlation | N16: =IFERROR(F16/C16, 0) -> 0.48494624 | O16: =IFERROR(F16/((E16*Factor!$C$2)+F16), 0) -> 0.11373314 | P16: =VLOOKUP(A16, Synopsis!$G$2:$G$15,1,FALSE) -> #N/A
A17: Bor_Boral_Overdue_Amt | B17: [10000, Inf) | C17: 103 | D17: 0.052470708 | E17: 42 | F17: 61 | G17: 0.59223301 | H17: 0.41090611 | I17: 0.008770264 | J17: 0.0092511677 | K17: Inf | L17: FALSE | M17: =IFERROR(IF(NOT(ISNUMBER(J17)), "", IF(J17<0.01,"No Correlation",IF(J17<0.03,"Marginal contribution",IF(J17<0.1,"Adequate predictability",IF(J17<0.3,"Strong Predictor",IF(J17<0.5,"Very Strong predictor",IF(J17>=0.5,"Extremely high correlation", ))))))), "") -> No Correlation | N17: =IFERROR(F17/C17, 0) -> 0.59223301 | O17: =IFERROR(F17/((E17*Factor!$C$2)+F17), 0) -> 0.16524269 | P17: =VLOOKUP(A17, Synopsis!$G$2:$G$15,1,FALSE) -> #N/A
M18: =IFERROR(IF(NOT(ISNUMBER(J18)), "", IF(J18<0.01,"No Correlation",IF(J18<0.03,"Marginal contribution",IF(J18<0.1,"Adequate predictability",IF(J18<0.3,"Strong Predictor",IF(J18<0.5,"Very Strong predictor",IF(J18>=0.5,"Extremely high correlation", ))))))), "")
A19: variable | B19: bin | C19: count | D19: count_distr | E19: neg | F19: pos | G19: posprob | H19: woe | I19: bin_iv | J19: total_iv | K19: breaks | L19: is_special_values | M19: =IFERROR(IF(NOT(ISNUMBER(J19)), "", IF(J19<0.01,"No Correlation",IF(J19<0.03,"Marginal contribution",IF(J19<0.1,"Adequate predictability",IF(J19<0.3,"Strong Predictor",IF(J19<0.5,"Very Strong predictor",IF(J19>=0.5,"Extremely high correlation", ))))))), "")
A20: Bor_Current_Highest_NPI | B20: [-Inf, Inf) | C20: 1963 | D20: 1 | E20: 1000 | F20: 963 | G20: 0.49057565 | H20: 0 | I20: 0 | J20: 0 | K20: Inf | L20: FALSE | M20: =IFERROR(IF(NOT(ISNUMBER(J20)), "", IF(J20<0.01,"No Correlation",IF(J20<0.03,"Marginal contribution",IF(J20<0.1,"Adequate predictability",IF(J20<0.3,"Strong Predictor",IF(J20<0.5,"Very Strong predictor",IF(J20>=0.5,"Extremely high correlation", ))))))), "") -> No Correlation | N20: =IFERROR(F20/C20, 0) -> 0.49057565 | O20: =IFERROR(F20/((E20*Factor!$C$2)+F20), 0) -> 0.1160241 | P20: =VLOOKUP(A20, Synopsis!$G$2:$G$15,1,FALSE) -> #N/A
M21: =IFERROR(IF(NOT(ISNUMBER(J21)), "", IF(J21<0.01,"No Correlation",IF(J21<0.03,"Marginal contribution",IF(J21<0.1,"Adequate predictability",IF(J21<0.3,"Strong Predictor",IF(J21<0.5,"Very Strong predictor",IF(J21>=0.5,"Extremely high correlation", ))))))), "")
A22: variable | B22: bin | C22: count | D22: count_distr | E22: neg | F22: pos | G22: posprob | H22: woe | I22: bin_iv | J22: total_iv | K22: breaks | L22: is_special_values | M22: =IFERROR(IF(NOT(ISNUMBER(J22)), "", IF(J22<0.01,"No Correlation",IF(J22<0.03,"Marginal contribution",IF(J22<0.1,"Adequate predictability",IF(J22<0.3,"Strong Predictor",IF(J22<0.5,"Very Strong predictor",IF(J22>=0.5,"Extremely high correlation", ))))))), "")
A23: Bor_Historic_High_NPI_L12 | B23: [-Inf,1) | C23: 1748 | D23: 0.89047376 | E23: 903 | F23: 845 | G23: 0.48340961 | H23: -0.028684059 | I23: 0.00073241155 | J23: 0.0066990234 | K23: 1 | L23: FALSE | M23: =IFERROR(IF(NOT(ISNUMBER(J23)), "", IF(J23<0.01,"No Correlation",IF(J23<0.03,"Marginal contribution",IF(J23<0.1,"Adequate predictability",IF(J23<0.3,"Strong Predictor",IF(J23<0.5,"Very Strong predictor",IF(J23>=0.5,"Extremely high correlation", ))))))), "") -> No Correlation | N23: =IFERROR(F23/C23, 0) -> 0.48340961 | O23: =IFERROR(F23/((E23*Factor!$C$2)+F23), 0) -> 0.11311443 | P23: =VLOOKUP(A23, Synopsis!$G$2:$G$15,1,FALSE) -> #N/A
A24: Bor_Historic_High_NPI_L12 | B24: [1, Inf) | C24: 215 | D24: 0.10952624 | E24: 97 | F24: 118 | G24: 0.54883721 | H24: 0.23367551 | I24: 0.0059666118 | J24: 0.0066990234 | K24: Inf | L24: FALSE | M24: =IFERROR(IF(NOT(ISNUMBER(J24)), "", IF(J24<0.01,"No Correlation",IF(J24<0.03,"Marginal contribution",IF(J24<0.1,"Adequate predictability",IF(J24<0.3,"Strong Predictor",IF(J24<0.5,"Very Strong predictor",IF(J24>=0.5,"Extremely high correlation", ))))))), "") -> No Correlation | N24: =IFERROR(F24/C24, 0) -> 0.54883721 | O24: =IFERROR(F24/((E24*Factor!$C$2)+F24), 0) -> 0.14222197 | P24: =VLOOKUP(A24, Synopsis!$G$2:$G$15,1,FALSE) -> #N/A
M25: =IFERROR(IF(NOT(ISNUMBER(J25)), "", IF(J25<0.01,"No Correlation",IF(J25<0.03,"Marginal contribution",IF(J25<0.1,"Adequate predictability",IF(J25<0.3,"Strong Predictor",IF(J25<0.5,"Very Strong predictor",IF(J25>=0.5,"Extremely high correlation", ))))))), "")
A26: variable | B26: bin | C26: count | D26: count_distr | E26: neg | F26: pos | G26: posprob | H26: woe | I26: bin_iv | J26: total_iv | K26: breaks | L26: is_special_values | M26: =IFERROR(IF(NOT(ISNUMBER(J26)), "", IF(J26<0.01,"No Correlation",IF(J26<0.03,"Marginal contribution",IF(J26<0.1,"Adequate predictability",IF(J26<0.3,"Strong Predictor",IF(J26<0.5,"Very Strong predictor",IF(J26>=0.5,"Extremely high correlation", ))))))), "")
A27: Bor_Historic_High_NPI_L24 | B27: [-Inf,1) | C27: 1679 | D27: 0.85532348 | E27: 873 | F27: 806 | G27: 0.48004765 | H27: -0.042149946 | I27: 0.0015187549 | J27: 0.010518176 | K27: 1 | L27: FALSE | M27: =IFERROR(IF(NOT(ISNUMBER(J27)), "", IF(J27<0.01,"No Correlation",IF(J27<0.03,"Marginal contribution",IF(J27<0.1,"Adequate predictability",IF(J27<0.3,"Strong Predictor",IF(J27<0.5,"Very Strong predictor",IF(J27>=0.5,"Extremely high correlation", ))))))), "") -> Marginal contribution | N27: =IFERROR(F27/C27, 0) -> 0.48004765 | O27: =IFERROR(F27/((E27*Factor!$C$2)+F27), 0) -> 0.11177056 | P27: =VLOOKUP(A27, Synopsis!$G$2:$G$15,1,FALSE) -> Bor_Historic_High_NPI_L24
A28: Bor_Historic_High_NPI_L24 | B28: [1, Inf) | C28: 284 | D28: 0.14467652 | E28: 127 | F28: 157 | G28: 0.5528169 | H28: 0.24976059 | I28: 0.0089994212 | J28: 0.010518176 | K28: Inf | L28: FALSE | M28: =IFERROR(IF(NOT(ISNUMBER(J28)), "", IF(J28<0.01,"No Correlation",IF(J28<0.03,"Marginal contribution",IF(J28<0.1,"Adequate predictability",IF(J28<0.3,"Strong Predictor",IF(J28<0.5,"Very Strong predictor",IF(J28>=0.5,"Extremely high correlation", ))))))), "") -> Marginal contribution | N28: =IFERROR(F28/C28, 0) -> 0.5528169 | O28: =IFERROR(F28/((E28*Factor!$C$2)+F28), 0) -> 0.14419558 | P28: =VLOOKUP(A28, Synopsis!$G$2:$G$15,1,FALSE) -> Bor_Historic_High_NPI_L24
M29: =IFERROR(IF(NOT(ISNUMBER(J29)), "", IF(J29<0.01,"No Correlation",IF(J29<0.03,"Marginal contribution",IF(J29<0.1,"Adequate predictability",IF(J29<0.3,"Strong Predictor",IF(J29<0.5,"Very Strong predictor",IF(J29>=0.5,"Extremely high correlation", ))))))), "")
A30: variable | B30: bin | C30: count | D30: count_distr | E30: neg | F30: pos | G30: posprob | H30: woe | I30: bin_iv | J30: total_iv | K30: breaks | L30: is_special_values | M30: =IFERROR(IF(NOT(ISNUMBER(J30)), "", IF(J30<0.01,"No Correlation",IF(J30<0.03,"Marginal contribution",IF(J30<0.1,"Adequate predictability",IF(J30<0.3,"Strong Predictor",IF(J30<0.5,"Very Strong predictor",IF(J30>=0.5,"Extremely high correlation", ))))))), "")
A31: Bor_Terminated_Loans_L24 | B31: [-Inf,1) | C31: 919 | D31: 0.46816098 | E31: 470 | F31: 449 | G31: 0.48857454 | H31: -0.0080079398 | I31: 3.001938e-05 | J31: 0.0021424597 | K31: 1 | L31: FALSE | M31: =IFERROR(IF(NOT(ISNUMBER(J31)), "", IF(J31<0.01,"No Correlation",IF(J31<0.03,"Marginal contribution",IF(J31<0.1,"Adequate predictability",IF(J31<0.3,"Strong Predictor",IF(J31<0.5,"Very Strong predictor",IF(J31>=0.5,"Extremely high correlation", ))))))), "") -> No Correlation | N31: =IFERROR(F31/C31, 0) -> 0.48857454 | O31: =IFERROR(F31/((E31*Factor!$C$2)+F31), 0) -> 0.1152053 | P31: =VLOOKUP(A31, Synopsis!$G$2:$G$15,1,FALSE) -> #N/A
A32: Bor_Terminated_Loans_L24 | B32: [1,2) | C32: 475 | D32: 0.24197657 | E32: 237 | F32: 238 | G32: 0.50105263 | H32: 0.0419124 | I32: 0.00042517366 | J32: 0.0021424597 | K32: 2 | L32: FALSE | M32: =IFERROR(IF(NOT(ISNUMBER(J32)), "", IF(J32<0.01,"No Correlation",IF(J32<0.03,"Marginal contribution",IF(J32<0.1,"Adequate predictability",IF(J32<0.3,"Strong Predictor",IF(J32<0.5,"Very Strong predictor",IF(J32>=0.5,"Extremely high correlation", ))))))), "") -> No Correlation | N32: =IFERROR(F32/C32, 0) -> 0.50105263 | O32: =IFERROR(F32/((E32*Factor!$C$2)+F32), 0) -> 0.1203924 | P32: =VLOOKUP(A32, Synopsis!$G$2:$G$15,1,FALSE) -> #N/A
A33: Bor_Terminated_Loans_L24 | B33: [2,3) | C33: 269 | D33: 0.13703515 | E33: 139 | F33: 130 | G33: 0.48327138 | H33: -0.029237615 | I33: 0.00011710227 | J33: 0.0021424597 | K33: 3 | L33: FALSE | M33: =IFERROR(IF(NOT(ISNUMBER(J33)), "", IF(J33<0.01,"No Correlation",IF(J33<0.03,"Marginal contribution",IF(J33<0.1,"Adequate predictability",IF(J33<0.3,"Strong Predictor",IF(J33<0.5,"Very Strong predictor",IF(J33>=0.5,"Extremely high correlation", ))))))), "") -> No Correlation | N33: =IFERROR(F33/C33, 0) -> 0.48327138 | O33: =IFERROR(F33/((E33*Factor!$C$2)+F33), 0) -> 0.11305891 | P33: =VLOOKUP(A33, Synopsis!$G$2:$G$15,1,FALSE) -> #N/A
A34: Bor_Terminated_Loans_L24 | B34: [3,5) | C34: 167 | D34: 0.085073867 | E34: 82 | F34: 85 | G34: 0.50898204 | H34: 0.073633876 | I34: 0.00046137779 | J34: 0.0021424597 | K34: 5 | L34: FALSE | M34: =IFERROR(IF(NOT(ISNUMBER(J34)), "", IF(J34<0.01,"No Correlation",IF(J34<0.03,"Marginal contribution",IF(J34<0.1,"Adequate predictability",IF(J34<0.3,"Strong Predictor",IF(J34<0.5,"Very Strong predictor",IF(J34>=0.5,"Extremely high correlation", ))))))), "") -> No Correlation | N34: =IFERROR(F34/C34, 0) -> 0.50898204 | O34: =IFERROR(F34/((E34*Factor!$C$2)+F34), 0) -> 0.1237923 | P34: =VLOOKUP(A34, Synopsis!$G$2:$G$15,1,FALSE) -> #N/A
A35: Bor_Terminated_Loans_L24 | B35: [5, Inf) | C35: 133 | D35: 0.067753439 | E35: 72 | F35: 61 | G35: 0.45864662 | H35: -0.12809039 | I35: 0.0011087866 | J35: 0.0021424597 | K35: Inf | L35: FALSE | M35: =IFERROR(IF(NOT(ISNUMBER(J35)), "", IF(J35<0.01,"No Correlation",IF(J35<0.03,"Marginal contribution",IF(J35<0.1,"Adequate predictability",IF(J35<0.3,"Strong Predictor",IF(J35<0.5,"Very Strong predictor",IF(J35>=0.5,"Extremely high correlation", ))))))), "") -> No Correlation | N35: =IFERROR(F35/C35, 0) -> 0.45864662 | O35: =IFERROR(F35/((E35*Factor!$C$2)+F35), 0) -> 0.10351897 | P35: =VLOOKUP(A35, Synopsis!$G$2:$G$15,1,FALSE) -> #N/A
M36: =IFERROR(IF(NOT(ISNUMBER(J36)), "", IF(J36<0.01,"No Correlation",IF(J36<0.03,"Marginal contribution",IF(J36<0.1,"Adequate predictability",IF(J36<0.3,"Strong Predictor",IF(J36<0.5,"Very Strong predictor",IF(J36>=0.5,"Extremely high correlation", ))))))), "")
A37: variable | B37: bin | C37: count | D37: count_distr | E37: neg | F37: pos | G37: posprob | H37: woe | I37: bin_iv | J37: total_iv | K37: breaks | L37: is_special_values | M37: =IFERROR(IF(NOT(ISNUMBER(J37)), "", IF(J37<0.01,"No Correlation",IF(J37<0.03,"Marginal contribution",IF(J37<0.1,"Adequate predictability",IF(J37<0.3,"Strong Predictor",IF(J37<0.5,"Very Strong predictor",IF(J37>=0.5,"Extremely high correlation", ))))))), "")
A38: Bor_No_Term_Loans_L12 | B38: [-Inf,1) | C38: 1274 | D38: 0.64900662 | E38: 670 | F38: 604 | G38: 0.47409733 | H38: -0.066001647 | I38: 0.0028244319 | J38: 0.0087606655 | K38: 1 | L38: FALSE | M38: =IFERROR(IF(NOT(ISNUMBER(J38)), "", IF(J38<0.01,"No Correlation",IF(J38<0.03,"Marginal contribution",IF(J38<0.1,"Adequate predictability",IF(J38<0.3,"Strong Predictor",IF(J38<0.5,"Very Strong predictor",IF(J38>=0.5,"Extremely high correlation", ))))))), "") -> No Correlation | N38: =IFERROR(F38/C38, 0) -> 0.47409733 | O38: =IFERROR(F38/((E38*Factor!$C$2)+F38), 0) -> 0.10942445 | P38: =VLOOKUP(A38, Synopsis!$G$2:$G$15,1,FALSE) -> #N/A
A39: Bor_No_Term_Loans_L12 | B39: [1,2) | C39: 568 | D39: 0.28935303 | E39: 275 | F39: 293 | G39: 0.51584507 | H39: 0.10110338 | I39: 0.002958035 | J39: 0.0087606655 | K39: 2 | L39: FALSE | M39: =IFERROR(IF(NOT(ISNUMBER(J39)), "", IF(J39<0.01,"No Correlation",IF(J39<0.03,"Marginal contribution",IF(J39<0.1,"Adequate predictability",IF(J39<0.3,"Strong Predictor",IF(J39<0.5,"Very Strong predictor",IF(J39>=0.5,"Extremely high correlation", ))))))), "") -> No Correlation | N39: =IFERROR(F39/C39, 0) -> 0.51584507 | O39: =IFERROR(F39/((E39*Factor!$C$2)+F39), 0) -> 0.12680277 | P39: =VLOOKUP(A39, Synopsis!$G$2:$G$15,1,FALSE) -> #N/A
A40: Bor_No_Term_Loans_L12 | B40: [2, Inf) | C40: 121 | D40: 0.061640346 | E40: 55 | F40: 66 | G40: 0.54545455 | H40: 0.22002342 | I40: 0.0029781987 | J40: 0.0087606655 | K40: Inf | L40: FALSE | M40: =IFERROR(IF(NOT(ISNUMBER(J40)), "", IF(J40<0.01,"No Correlation",IF(J40<0.03,"Marginal contribution",IF(J40<0.1,"Adequate predictability",IF(J40<0.3,"Strong Predictor",IF(J40<0.5,"Very Strong predictor",IF(J40>=0.5,"Extremely high correlation", ))))))), "") -> No Correlation | N40: =IFERROR(F40/C40, 0) -> 0.54545455 | O40: =IFERROR(F40/((E40*Factor!$C$2)+F40), 0) -> 0.1405646 | P40: =VLOOKUP(A40, Synopsis!$G$2:$G$15,1,FALSE) -> #N/A
M41: =IFERROR(IF(NOT(ISNUMBER(J41)), "", IF(J41<0.01,"No Correlation",IF(J41<0.03,"Marginal contribution",IF(J41<0.1,"Adequate predictability",IF(J41<0.3,"Strong Predictor",IF(J41<0.5,"Very Strong predictor",IF(J41>=0.5,"Extremely high correlation", ))))))), "")
A42: variable | B42: bin | C42: count | D42: count_distr | E42: neg | F42: pos | G42: posprob | H42: woe | I42: bin_iv | J42: total_iv | K42: breaks | L42: is_special_values | M42: =IFERROR(IF(NOT(ISNUMBER(J42)), "", IF(J42<0.01,"No Correlation",IF(J42<0.03,"Marginal contribution",IF(J42<0.1,"Adequate predictability",IF(J42<0.3,"Strong Predictor",IF(J42<0.5,"Very Strong predictor",IF(J42>=0.5,"Extremely high correlation", ))))))), "")
A43: Bor_No_Term_Loans_L24 | B43: [-Inf,1) | C43: 606 | D43: 0.30871116 | E43: 346 | F43: 260 | G43: 0.4290429 | H43: -0.24805528 | I43: 0.018854777 | J43: 0.027215194 | K43: 1 | L43: FALSE | M43: =IFERROR(IF(NOT(ISNUMBER(J43)), "", IF(J43<0.01,"No Correlation",IF(J43<0.03,"Marginal contribution",IF(J43<0.1,"Adequate predictability",IF(J43<0.3,"Strong Predictor",IF(J43<0.5,"Very Strong predictor",IF(J43>=0.5,"Extremely high correlation", ))))))), "") -> Marginal contribution | N43: =IFERROR(F43/C43, 0) -> 0.4290429 | O43: =IFERROR(F43/((E43*Factor!$C$2)+F43), 0) -> 0.092903528 | P43: =VLOOKUP(A43, Synopsis!$G$2:$G$15,1,FALSE) -> Bor_No_Term_Loans_L24
A44: Bor_No_Term_Loans_L24 | B44: [1,2) | C44: 767 | D44: 0.39072848 | E44: 370 | F44: 397 | G44: 0.51760104 | H44: 0.10813514 | I44: 0.0045690747 | J44: 0.027215194 | K44: 2 | L44: FALSE | M44: =IFERROR(IF(NOT(ISNUMBER(J44)), "", IF(J44<0.01,"No Correlation",IF(J44<0.03,"Marginal contribution",IF(J44<0.1,"Adequate predictability",IF(J44<0.3,"Strong Predictor",IF(J44<0.5,"Very Strong predictor",IF(J44>=0.5,"Extremely high correlation", ))))))), "") -> Marginal contribution | N44: =IFERROR(F44/C44, 0) -> 0.51760104 | O44: =IFERROR(F44/((E44*Factor!$C$2)+F44), 0) -> 0.1275834 | P44: =VLOOKUP(A44, Synopsis!$G$2:$G$15,1,FALSE) -> Bor_No_Term_Loans_L24
A45: Bor_No_Term_Loans_L24 | B45: [2, Inf) | C45: 590 | D45: 0.30056037 | E45: 284 | F45: 306 | G45: 0.51864407 | H45: 0.11231273 | I45: 0.0037913419 | J45: 0.027215194 | K45: Inf | L45: FALSE | M45: =IFERROR(IF(NOT(ISNUMBER(J45)), "", IF(J45<0.01,"No Correlation",IF(J45<0.03,"Marginal contribution",IF(J45<0.1,"Adequate predictability",IF(J45<0.3,"Strong Predictor",IF(J45<0.5,"Very Strong predictor",IF(J45>=0.5,"Extremely high correlation", ))))))), "") -> Marginal contribution | N45: =IFERROR(F45/C45, 0) -> 0.51864407 | O45: =IFERROR(F45/((E45*Factor!$C$2)+F45), 0) -> 0.12804912 | P45: =VLOOKUP(A45, Synopsis!$G$2:$G$15,1,FALSE) -> Bor_No_Term_Loans_L24
M46: =IFERROR(IF(NOT(ISNUMBER(J46)), "", IF(J46<0.01,"No Correlation",IF(J46<0.03,"Marginal contribution",IF(J46<0.1,"Adequate predictability",IF(J46<0.3,"Strong Predictor",IF(J46<0.5,"Very Strong predictor",IF(J46>=0.5,"Extremely high correlation", ))))))), "")
A47: variable | B47: bin | C47: count | D47: count_distr | E47: neg | F47: pos | G47: posprob | H47: woe | I47: bin_iv | J47: total_iv | K47: breaks | L47: is_special_values | M47: =IFERROR(IF(NOT(ISNUMBER(J47)), "", IF(J47<0.01,"No Correlation",IF(J47<0.03,"Marginal contribution",IF(J47<0.1,"Adequate predictability",IF(J47<0.3,"Strong Predictor",IF(J47<0.5,"Very Strong predictor",IF(J47>=0.5,"Extremely high correlation", ))))))), "")
A48: Guar_No_Rep_Institutes | B48: [-Inf,1) | C48: 732 | D48: 0.37289862 | E48: 363 | F48: 369 | G48: 0.50409836 | H48: 0.054095677 | I48: 0.0010915193 | J48: 0.0096784009 | K48: 1 | L48: FALSE | M48: =IFERROR(IF(NOT(ISNUMBER(J48)), "", IF(J48<0.01,"No Correlation",IF(J48<0.03,"Marginal contribution",IF(J48<0.1,"Adequate predictability",IF(J48<0.3,"Strong Predictor",IF(J48<0.5,"Very Strong predictor",IF(J48>=0.5,"Extremely high correlation", ))))))), "") -> No Correlation | N48: =IFERROR(F48/C48, 0) -> 0.50409836 | O48: =IFERROR(F48/((E48*Factor!$C$2)+F48), 0) -> 0.12168856 | P48: =VLOOKUP(A48, Synopsis!$G$2:$G$15,1,FALSE) -> #N/A
A49: Guar_No_Rep_Institutes | B49: [1,2) | C49: 555 | D49: 0.28273051 | E49: 272 | F49: 283 | G49: 0.50990991 | H49: 0.077346699 | I49: 0.0016918285 | J49: 0.0096784009 | K49: 2 | L49: FALSE | M49: =IFERROR(IF(NOT(ISNUMBER(J49)), "", IF(J49<0.01,"No Correlation",IF(J49<0.03,"Marginal contribution",IF(J49<0.1,"Adequate predictability",IF(J49<0.3,"Strong Predictor",IF(J49<0.5,"Very Strong predictor",IF(J49>=0.5,"Extremely high correlation", ))))))), "") -> No Correlation | N49: =IFERROR(F49/C49, 0) -> 0.50990991 | O49: =IFERROR(F49/((E49*Factor!$C$2)+F49), 0) -> 0.12419558 | P49: =VLOOKUP(A49, Synopsis!$G$2:$G$15,1,FALSE) -> #N/A
A50: Guar_No_Rep_Institutes | B50: [2,3) | C50: 326 | D50: 0.16607234 | E50: 182 | F50: 144 | G50: 0.44171779 | H50: -0.19649152 | I50: 0.0063795471 | J50: 0.0096784009 | K50: 3 | L50: FALSE | M50: =IFERROR(IF(NOT(ISNUMBER(J50)), "", IF(J50<0.01,"No Correlation",IF(J50<0.03,"Marginal contribution",IF(J50<0.1,"Adequate predictability",IF(J50<0.3,"Strong Predictor",IF(J50<0.5,"Very Strong predictor",IF(J50>=0.5,"Extremely high correlation", ))))))), "") -> No Correlation | N50: =IFERROR(F50/C50, 0) -> 0.44171779 | O50: =IFERROR(F50/((E50*Factor!$C$2)+F50), 0) -> 0.097341101 | P50: =VLOOKUP(A50, Synopsis!$G$2:$G$15,1,FALSE) -> #N/A
A51: Guar_No_Rep_Institutes | B51: [3, Inf) | C51: 350 | D51: 0.17829852 | E51: 183 | F51: 167 | G51: 0.47714286 | H51: -0.053790473 | I51: 0.000515506 | J51: 0.0096784009 | K51: Inf | L51: FALSE | M51: =IFERROR(IF(NOT(ISNUMBER(J51)), "", IF(J51<0.01,"No Correlation",IF(J51<0.03,"Marginal contribution",IF(J51<0.1,"Adequate predictability",IF(J51<0.3,"Strong Predictor",IF(J51<0.5,"Very Strong predictor",IF(J51>=0.5,"Extremely high correlation", ))))))), "") -> No Correlation | N51: =IFERROR(F51/C51, 0) -> 0.47714286 | O51: =IFERROR(F51/((E51*Factor!$C$2)+F51), 0) -> 0.11062013 | P51: =VLOOKUP(A51, Synopsis!$G$2:$G$15,1,FALSE) -> #N/A
M52: =IFERROR(IF(NOT(ISNUMBER(J52)), "", IF(J52<0.01,"No Correlation",IF(J52<0.03,"Marginal contribution",IF(J52<0.1,"Adequate predictability",IF(J52<0.3,"Strong Predictor",IF(J52<0.5,"Very Strong predictor",IF(J52>=0.5,"Extremely high correlation", ))))))), "")
A53: variable | B53: bin | C53: count | D53: count_distr | E53: neg | F53: pos | G53: posprob | H53: woe | I53: bin_iv | J53: total_iv | K53: breaks | L53: is_special_values | M53: =IFERROR(IF(NOT(ISNUMBER(J53)), "", IF(J53<0.01,"No Correlation",IF(J53<0.03,"Marginal contribution",IF(J53<0.1,"Adequate predictability",IF(J53<0.3,"Strong Predictor",IF(J53<0.5,"Very Strong predictor",IF(J53>=0.5,"Extremely high correlation", ))))))), "")
A54: Guar_No_Living_Contracts | B54: [-Inf,1) | C54: 945 | D54: 0.48140601 | E54: 478 | F54: 467 | G54: 0.49417989 | H54: 0.014420392 | I54: 0.00010011915 | J54: 0.0077875404 | K54: 1 | L54: FALSE | M54: =IFERROR(IF(NOT(ISNUMBER(J54)), "", IF(J54<0.01,"No Correlation",IF(J54<0.03,"Marginal contribution",IF(J54<0.1,"Adequate predictability",IF(J54<0.3,"Strong Predictor",IF(J54<0.5,"Very Strong predictor",IF(J54>=0.5,"Extremely high correlation", ))))))), "") -> No Correlation | N54: =IFERROR(F54/C54, 0) -> 0.49417989 | O54: =IFERROR(F54/((E54*Factor!$C$2)+F54), 0) -> 0.1175113 | P54: =VLOOKUP(A54, Synopsis!$G$2:$G$15,1,FALSE) -> #N/A
A55: Guar_No_Living_Contracts | B55: [1,2) | C55: 512 | D55: 0.26082527 | E55: 276 | F55: 236 | G55: 0.4609375 | H55: -0.11886719 | I55: 0.0036768598 | J55: 0.0077875404 | K55: 2 | L55: FALSE | M55: =IFERROR(IF(NOT(ISNUMBER(J55)), "", IF(J55<0.01,"No Correlation",IF(J55<0.03,"Marginal contribution",IF(J55<0.1,"Adequate predictability",IF(J55<0.3,"Strong Predictor",IF(J55<0.5,"Very Strong predictor",IF(J55>=0.5,"Extremely high correlation", ))))))), "") -> No Correlation | N55: =IFERROR(F55/C55, 0) -> 0.4609375 | O55: =IFERROR(F55/((E55*Factor!$C$2)+F55), 0) -> 0.10437804 | P55: =VLOOKUP(A55, Synopsis!$G$2:$G$15,1,FALSE) -> #N/A
A56: Guar_No_Living_Contracts | B56: [2,3) | C56: 254 | D56: 0.12939379 | E56: 125 | F56: 129 | G56: 0.50787402 | H56: 0.069200534 | I56: 0.00061978672 | J56: 0.0077875404 | K56: 3 | L56: FALSE | M56: =IFERROR(IF(NOT(ISNUMBER(J56)), "", IF(J56<0.01,"No Correlation",IF(J56<0.03,"Marginal contribution",IF(J56<0.1,"Adequate predictability",IF(J56<0.3,"Strong Predictor",IF(J56<0.5,"Very Strong predictor",IF(J56>=0.5,"Extremely high correlation", ))))))), "") -> No Correlation | N56: =IFERROR(F56/C56, 0) -> 0.50787402 | O56: =IFERROR(F56/((E56*Factor!$C$2)+F56), 0) -> 0.12331222 | P56: =VLOOKUP(A56, Synopsis!$G$2:$G$15,1,FALSE) -> #N/A
A57: Guar_No_Living_Contracts | B57: [3,4) | C57: 124 | D57: 0.063168619 | E57: 56 | F57: 68 | G57: 0.5483871 | H57: 0.23185788 | I57: 0.0033880624 | J57: 0.0077875404 | K57: 4 | L57: FALSE | M57: =IFERROR(IF(NOT(ISNUMBER(J57)), "", IF(J57<0.01,"No Correlation",IF(J57<0.03,"Marginal contribution",IF(J57<0.1,"Adequate predictability",IF(J57<0.3,"Strong Predictor",IF(J57<0.5,"Very Strong predictor",IF(J57>=0.5,"Extremely high correlation", ))))))), "") -> No Correlation | N57: =IFERROR(F57/C57, 0) -> 0.5483871 | O57: =IFERROR(F57/((E57*Factor!$C$2)+F57), 0) -> 0.14200037 | P57: =VLOOKUP(A57, Synopsis!$G$2:$G$15,1,FALSE) -> #N/A
A58: Guar_No_Living_Contracts | B58: [4, Inf) | C58: 128 | D58: 0.065206317 | E58: 65 | F58: 63 | G58: 0.4921875 | H58: 0.0064493237 | I58: 2.7123324e-06 | J58: 0.0077875404 | K58: Inf | L58: FALSE | M58: =IFERROR(IF(NOT(ISNUMBER(J58)), "", IF(J58<0.01,"No Correlation",IF(J58<0.03,"Marginal contribution",IF(J58<0.1,"Adequate predictability",IF(J58<0.3,"Strong Predictor",IF(J58<0.5,"Very Strong predictor",IF(J58>=0.5,"Extremely high correlation", ))))))), "") -> No Correlation | N58: =IFERROR(F58/C58, 0) -> 0.4921875 | O58: =IFERROR(F58/((E58*Factor!$C$2)+F58), 0) -> 0.11668719 | P58: =VLOOKUP(A58, Synopsis!$G$2:$G$15,1,FALSE) -> #N/A
M59: =IFERROR(IF(NOT(ISNUMBER(J59)), "", IF(J59<0.01,"No Correlation",IF(J59<0.03,"Marginal contribution",IF(J59<0.1,"Adequate predictability",IF(J59<0.3,"Strong Predictor",IF(J59<0.5,"Very Strong predictor",IF(J59>=0.5,"Extremely high correlation", ))))))), "")
A60: variable | B60: bin | C60: count | D60: count_distr | E60: neg | F60: pos | G60: posprob | H60: woe | I60: bin_iv | J60: total_iv | K60: breaks | L60: is_special_values | M60: =IFERROR(IF(NOT(ISNUMBER(J60)), "", IF(J60<0.01,"No Correlation",IF(J60<0.03,"Marginal contribution",IF(J60<0.1,"Adequate predictability",IF(J60<0.3,"Strong Predictor",IF(J60<0.5,"Very Strong predictor",IF(J60>=0.5,"Extremely high correlation", ))))))), "")
A61: Guar_Guaral_OS_Amt | B61: [-Inf,1300000) | C61: 1422 | D61: 0.72440143 | E61: 723 | F61: 699 | G61: 0.49156118 | H61: 0.0039433873 | I61: 1.1265066e-05 | J61: 4.0879126e-05 | K61: 1300000 | L61: FALSE | M61: =IFERROR(IF(NOT(ISNUMBER(J61)), "", IF(J61<0.01,"No Correlation",IF(J61<0.03,"Marginal contribution",IF(J61<0.1,"Adequate predictability",IF(J61<0.3,"Strong Predictor",IF(J61<0.5,"Very Strong predictor",IF(J61>=0.5,"Extremely high correlation", ))))))), "") -> No Correlation | N61: =IFERROR(F61/C61, 0) -> 0.49156118 | O61: =IFERROR(F61/((E61*Factor!$C$2)+F61), 0) -> 0.11642915 | P61: =VLOOKUP(A61, Synopsis!$G$2:$G$15,1,FALSE) -> Guar_Guaral_OS_Amt
A62: Guar_Guaral_OS_Amt | B62: [1300000, Inf) | C62: 541 | D62: 0.27559857 | E62: 277 | F62: 264 | G62: 0.48798521 | H62: -0.010366536 | I62: 2.961406e-05 | J62: 4.0879126e-05 | K62: Inf | L62: FALSE | M62: =IFERROR(IF(NOT(ISNUMBER(J62)), "", IF(J62<0.01,"No Correlation",IF(J62<0.03,"Marginal contribution",IF(J62<0.1,"Adequate predictability",IF(J62<0.3,"Strong Predictor",IF(J62<0.5,"Very Strong predictor",IF(J62>=0.5,"Extremely high correlation", ))))))), "") -> No Correlation | N62: =IFERROR(F62/C62, 0) -> 0.48798521 | O62: =IFERROR(F62/((E62*Factor!$C$2)+F62), 0) -> 0.1149651 | P62: =VLOOKUP(A62, Synopsis!$G$2:$G$15,1,FALSE) -> Guar_Guaral_OS_Amt
M63: =IFERROR(IF(NOT(ISNUMBER(J63)), "", IF(J63<0.01,"No Correlation",IF(J63<0.03,"Marginal contribution",IF(J63<0.1,"Adequate predictability",IF(J63<0.3,"Strong Predictor",IF(J63<0.5,"Very Strong predictor",IF(J63>=0.5,"Extremely high correlation", ))))))), "")
A64: variable | B64: bin | C64: count | D64: count_distr | E64: neg | F64: pos | G64: posprob | H64: woe | I64: bin_iv | J64: total_iv | K64: breaks | L64: is_special_values | M64: =IFERROR(IF(NOT(ISNUMBER(J64)), "", IF(J64<0.01,"No Correlation",IF(J64<0.03,"Marginal contribution",IF(J64<0.1,"Adequate predictability",IF(J64<0.3,"Strong Predictor",IF(J64<0.5,"Very Strong predictor",IF(J64>=0.5,"Extremely high correlation", ))))))), "")
A65: Guar_Guaral_Overdue_Amt | B65: [-Inf,5000) | C65: 1860 | D65: 0.94752929 | E65: 956 | F65: 904 | G65: 0.48602151 | H65: -0.018226685 | I65: 0.00031471789 | J65: 0.0060309111 | K65: 5000 | L65: FALSE | M65: =IFERROR(IF(NOT(ISNUMBER(J65)), "", IF(J65<0.01,"No Correlation",IF(J65<0.03,"Marginal contribution",IF(J65<0.1,"Adequate predictability",IF(J65<0.3,"Strong Predictor",IF(J65<0.5,"Very Strong predictor",IF(J65>=0.5,"Extremely high correlation", ))))))), "") -> No Correlation | N65: =IFERROR(F65/C65, 0) -> 0.48602151 | O65: =IFERROR(F65/((E65*Factor!$C$2)+F65), 0) -> 0.11416776 | P65: =VLOOKUP(A65, Synopsis!$G$2:$G$15,1,FALSE) -> #N/A
A66: Guar_Guaral_Overdue_Amt | B66: [5000, Inf) | C66: 103 | D66: 0.052470708 | E66: 44 | F66: 59 | G66: 0.57281553 | H66: 0.33104968 | I66: 0.0057161932 | J66: 0.0060309111 | K66: Inf | L66: FALSE | M66: =IFERROR(IF(NOT(ISNUMBER(J66)), "", IF(J66<0.01,"No Correlation",IF(J66<0.03,"Marginal contribution",IF(J66<0.1,"Adequate predictability",IF(J66<0.3,"Strong Predictor",IF(J66<0.5,"Very Strong predictor",IF(J66>=0.5,"Extremely high correlation", ))))))), "") -> No Correlation | N66: =IFERROR(F66/C66, 0) -> 0.57281553 | O66: =IFERROR(F66/((E66*Factor!$C$2)+F66), 0) -> 0.15451984 | P66: =VLOOKUP(A66, Synopsis!$G$2:$G$15,1,FALSE) -> #N/A
M67: =IFERROR(IF(NOT(ISNUMBER(J67)), "", IF(J67<0.01,"No Correlation",IF(J67<0.03,"Marginal contribution",IF(J67<0.1,"Adequate predictability",IF(J67<0.3,"Strong Predictor",IF(J67<0.5,"Very Strong predictor",IF(J67>=0.5,"Extremely high correlation", ))))))), "")
A68: variable | B68: bin | C68: count | D68: count_distr | E68: neg | F68: pos | G68: posprob | H68: woe | I68: bin_iv | J68: total_iv | K68: breaks | L68: is_special_values | M68: =IFERROR(IF(NOT(ISNUMBER(J68)), "", IF(J68<0.01,"No Correlation",IF(J68<0.03,"Marginal contribution",IF(J68<0.1,"Adequate predictability",IF(J68<0.3,"Strong Predictor",IF(J68<0.5,"Very Strong predictor",IF(J68>=0.5,"Extremely high correlation", ))))))), "")
A69: Guar_Current_Highest_NPI | B69: [-Inf,1) | C69: 1861 | D69: 0.94803872 | E69: 954 | F69: 907 | G69: 0.48737238 | H69: -0.012819354 | I69: 0.00015577579 | J69: 0.0030042608 | K69: 1 | L69: FALSE | M69: =IFERROR(IF(NOT(ISNUMBER(J69)), "", IF(J69<0.01,"No Correlation",IF(J69<0.03,"Marginal contribution",IF(J69<0.1,"Adequate predictability",IF(J69<0.3,"Strong Predictor",IF(J69<0.5,"Very Strong predictor",IF(J69>=0.5,"Extremely high correlation", ))))))), "") -> No Correlation | N69: =IFERROR(F69/C69, 0) -> 0.48737238 | O69: =IFERROR(F69/((E69*Factor!$C$2)+F69), 0) -> 0.11471577 | P69: =VLOOKUP(A69, Synopsis!$G$2:$G$15,1,FALSE) -> #N/A
A70: Guar_Current_Highest_NPI | B70: [1, Inf) | C70: 102 | D70: 0.051961284 | E70: 46 | F70: 56 | G70: 0.54901961 | H70: 0.23441216 | I70: 0.0028484851 | J70: 0.0030042608 | K70: Inf | L70: FALSE | M70: =IFERROR(IF(NOT(ISNUMBER(J70)), "", IF(J70<0.01,"No Correlation",IF(J70<0.03,"Marginal contribution",IF(J70<0.1,"Adequate predictability",IF(J70<0.3,"Strong Predictor",IF(J70<0.5,"Very Strong predictor",IF(J70>=0.5,"Extremely high correlation", ))))))), "") -> No Correlation | N70: =IFERROR(F70/C70, 0) -> 0.54901961 | O70: =IFERROR(F70/((E70*Factor!$C$2)+F70), 0) -> 0.14231186 | P70: =VLOOKUP(A70, Synopsis!$G$2:$G$15,1,FALSE) -> #N/A
M71: =IFERROR(IF(NOT(ISNUMBER(J71)), "", IF(J71<0.01,"No Correlation",IF(J71<0.03,"Marginal contribution",IF(J71<0.1,"Adequate predictability",IF(J71<0.3,"Strong Predictor",IF(J71<0.5,"Very Strong predictor",IF(J71>=0.5,"Extremely high correlation", ))))))), "")
A72: variable | B72: bin | C72: count | D72: count_distr | E72: neg | F72: pos | G72: posprob | H72: woe | I72: bin_iv | J72: total_iv | K72: breaks | L72: is_special_values | M72: =IFERROR(IF(NOT(ISNUMBER(J72)), "", IF(J72<0.01,"No Correlation",IF(J72<0.03,"Marginal contribution",IF(J72<0.1,"Adequate predictability",IF(J72<0.3,"Strong Predictor",IF(J72<0.5,"Very Strong predictor",IF(J72>=0.5,"Extremely high correlation", ))))))), "")
A73: Guar_Historic_High_NPI_L12 | B73: [-Inf,1) | C73: 1736 | D73: 0.88436067 | E73: 892 | F73: 844 | G73: 0.48617512 | H73: -0.017611771 | I73: 0.00027425349 | J73: 0.0023717335 | K73: 1 | L73: FALSE | M73: =IFERROR(IF(NOT(ISNUMBER(J73)), "", IF(J73<0.01,"No Correlation",IF(J73<0.03,"Marginal contribution",IF(J73<0.1,"Adequate predictability",IF(J73<0.3,"Strong Predictor",IF(J73<0.5,"Very Strong predictor",IF(J73>=0.5,"Extremely high correlation", ))))))), "") -> No Correlation | N73: =IFERROR(F73/C73, 0) -> 0.48617512 | O73: =IFERROR(F73/((E73*Factor!$C$2)+F73), 0) -> 0.11422997 | P73: =VLOOKUP(A73, Synopsis!$G$2:$G$15,1,FALSE) -> #N/A
A74: Guar_Historic_High_NPI_L12 | B74: [1, Inf) | C74: 227 | D74: 0.11563933 | E74: 108 | F74: 119 | G74: 0.52422907 | H74: 0.13469413 | I74: 0.00209748 | J74: 0.0023717335 | K74: Inf | L74: FALSE | M74: =IFERROR(IF(NOT(ISNUMBER(J74)), "", IF(J74<0.01,"No Correlation",IF(J74<0.03,"Marginal contribution",IF(J74<0.1,"Adequate predictability",IF(J74<0.3,"Strong Predictor",IF(J74<0.5,"Very Strong predictor",IF(J74>=0.5,"Extremely high correlation", ))))))), "") -> No Correlation | N74: =IFERROR(F74/C74, 0) -> 0.52422907 | O74: =IFERROR(F74/((E74*Factor!$C$2)+F74), 0) -> 0.13056893 | P74: =VLOOKUP(A74, Synopsis!$G$2:$G$15,1,FALSE) -> #N/A
M75: =IFERROR(IF(NOT(ISNUMBER(J75)), "", IF(J75<0.01,"No Correlation",IF(J75<0.03,"Marginal contribution",IF(J75<0.1,"Adequate predictability",IF(J75<0.3,"Strong Predictor",IF(J75<0.5,"Very Strong predictor",IF(J75>=0.5,"Extremely high correlation", ))))))), "")
A76: variable | B76: bin | C76: count | D76: count_distr | E76: neg | F76: pos | G76: posprob | H76: woe | I76: bin_iv | J76: total_iv | K76: breaks | L76: is_special_values | M76: =IFERROR(IF(NOT(ISNUMBER(J76)), "", IF(J76<0.01,"No Correlation",IF(J76<0.03,"Marginal contribution",IF(J76<0.1,"Adequate predictability",IF(J76<0.3,"Strong Predictor",IF(J76<0.5,"Very Strong predictor",IF(J76>=0.5,"Extremely high correlation", ))))))), "")
A77: Guar_Historic_High_NPI_L24 | B77: [-Inf,1) | C77: 1677 | D77: 0.85430464 | E77: 863 | F77: 814 | G77: 0.48539058 | H77: -0.020752458 | I77: 0.00036783355 | J77: 0.003713359 | K77: 1 | L77: FALSE | M77: =IFERROR(IF(NOT(ISNUMBER(J77)), "", IF(J77<0.01,"No Correlation",IF(J77<0.03,"Marginal contribution",IF(J77<0.1,"Adequate predictability",IF(J77<0.3,"Strong Predictor",IF(J77<0.5,"Very Strong predictor",IF(J77>=0.5,"Extremely high correlation", ))))))), "") -> No Correlation | N77: =IFERROR(F77/C77, 0) -> 0.48539058 | O77: =IFERROR(F77/((E77*Factor!$C$2)+F77), 0) -> 0.11391257 | P77: =VLOOKUP(A77, Synopsis!$G$2:$G$15,1,FALSE) -> #N/A
A78: Guar_Historic_High_NPI_L24 | B78: [1,2) | C78: 157 | D78: 0.079979623 | E78: 72 | F78: 85 | G78: 0.54140127 | H78: 0.203687 | I78: 0.0033131394 | J78: 0.003713359 | K78: 2 | L78: FALSE | M78: =IFERROR(IF(NOT(ISNUMBER(J78)), "", IF(J78<0.01,"No Correlation",IF(J78<0.03,"Marginal contribution",IF(J78<0.1,"Adequate predictability",IF(J78<0.3,"Strong Predictor",IF(J78<0.5,"Very Strong predictor",IF(J78>=0.5,"Extremely high correlation", ))))))), "") -> No Correlation | N78: =IFERROR(F78/C78, 0) -> 0.54140127 | O78: =IFERROR(F78/((E78*Factor!$C$2)+F78), 0) -> 0.13860262 | P78: =VLOOKUP(A78, Synopsis!$G$2:$G$15,1,FALSE) -> #N/A
A79: Guar_Historic_High_NPI_L24 | B79: [2, Inf) | C79: 129 | D79: 0.065715741 | E79: 65 | F79: 64 | G79: 0.49612403 | H79: 0.022197681 | I79: 3.2386024e-05 | J79: 0.003713359 | K79: Inf | L79: FALSE | M79: =IFERROR(IF(NOT(ISNUMBER(J79)), "", IF(J79<0.01,"No Correlation",IF(J79<0.03,"Marginal contribution",IF(J79<0.1,"Adequate predictability",IF(J79<0.3,"Strong Predictor",IF(J79<0.5,"Very Strong predictor",IF(J79>=0.5,"Extremely high correlation", ))))))), "") -> No Correlation | N79: =IFERROR(F79/C79, 0) -> 0.49612403 | O79: =IFERROR(F79/((E79*Factor!$C$2)+F79), 0) -> 0.11832022 | P79: =VLOOKUP(A79, Synopsis!$G$2:$G$15,1,FALSE) -> #N/A
M80: =IFERROR(IF(NOT(ISNUMBER(J80)), "", IF(J80<0.01,"No Correlation",IF(J80<0.03,"Marginal contribution",IF(J80<0.1,"Adequate predictability",IF(J80<0.3,"Strong Predictor",IF(J80<0.5,"Very Strong predictor",IF(J80>=0.5,"Extremely high correlation", ))))))), "")
A81: variable | B81: bin | C81: count | D81: count_distr | E81: neg | F81: pos | G81: posprob | H81: woe | I81: bin_iv | J81: total_iv | K81: breaks | L81: is_special_values | M81: =IFERROR(IF(NOT(ISNUMBER(J81)), "", IF(J81<0.01,"No Correlation",IF(J81<0.03,"Marginal contribution",IF(J81<0.1,"Adequate predictability",IF(J81<0.3,"Strong Predictor",IF(J81<0.5,"Very Strong predictor",IF(J81>=0.5,"Extremely high correlation", ))))))), "")
A82: Guar_Terminated_Loans_L24 | B82: [-Inf,1) | C82: 1303 | D82: 0.66377993 | E82: 644 | F82: 659 | G82: 0.50575595 | H82: 0.060726676 | I82: 0.0024484895 | J82: 0.01007778 | K82: 1 | L82: FALSE | M82: =IFERROR(IF(NOT(ISNUMBER(J82)), "", IF(J82<0.01,"No Correlation",IF(J82<0.03,"Marginal contribution",IF(J82<0.1,"Adequate predictability",IF(J82<0.3,"Strong Predictor",IF(J82<0.5,"Very Strong predictor",IF(J82>=0.5,"Extremely high correlation", ))))))), "") -> Marginal contribution | N82: =IFERROR(F82/C82, 0) -> 0.50575595 | O82: =IFERROR(F82/((E82*Factor!$C$2)+F82), 0) -> 0.12239907 | P82: =VLOOKUP(A82, Synopsis!$G$2:$G$15,1,FALSE) -> Guar_Terminated_Loans_L24
A83: Guar_Terminated_Loans_L24 | B83: [1,2) | C83: 329 | D83: 0.16760061 | E83: 170 | F83: 159 | G83: 0.48328267 | H83: -0.029192368 | I83: 0.00014277887 | J83: 0.01007778 | K83: 2 | L83: FALSE | M83: =IFERROR(IF(NOT(ISNUMBER(J83)), "", IF(J83<0.01,"No Correlation",IF(J83<0.03,"Marginal contribution",IF(J83<0.1,"Adequate predictability",IF(J83<0.3,"Strong Predictor",IF(J83<0.5,"Very Strong predictor",IF(J83>=0.5,"Extremely high correlation", ))))))), "") -> Marginal contribution | N83: =IFERROR(F83/C83, 0) -> 0.48328267 | O83: =IFERROR(F83/((E83*Factor!$C$2)+F83), 0) -> 0.11306345 | P83: =VLOOKUP(A83, Synopsis!$G$2:$G$15,1,FALSE) -> Guar_Terminated_Loans_L24
A84: Guar_Terminated_Loans_L24 | B84: [2, Inf) | C84: 331 | D84: 0.16861946 | E84: 186 | F84: 145 | G84: 0.43806647 | H84: -0.21131106 | I84: 0.0074865118 | J84: 0.01007778 | K84: Inf | L84: FALSE | M84: =IFERROR(IF(NOT(ISNUMBER(J84)), "", IF(J84<0.01,"No Correlation",IF(J84<0.03,"Marginal contribution",IF(J84<0.1,"Adequate predictability",IF(J84<0.3,"Strong Predictor",IF(J84<0.5,"Very Strong predictor",IF(J84>=0.5,"Extremely high correlation", ))))))), "") -> Marginal contribution | N84: =IFERROR(F84/C84, 0) -> 0.43806647 | O84: =IFERROR(F84/((E84*Factor!$C$2)+F84), 0) -> 0.096046717 | P84: =VLOOKUP(A84, Synopsis!$G$2:$G$15,1,FALSE) -> Guar_Terminated_Loans_L24
M85: =IFERROR(IF(NOT(ISNUMBER(J85)), "", IF(J85<0.01,"No Correlation",IF(J85<0.03,"Marginal contribution",IF(J85<0.1,"Adequate predictability",IF(J85<0.3,"Strong Predictor",IF(J85<0.5,"Very Strong predictor",IF(J85>=0.5,"Extremely high correlation", ))))))), "")
A86: variable | B86: bin | C86: count | D86: count_distr | E86: neg | F86: pos | G86: posprob | H86: woe | I86: bin_iv | J86: total_iv | K86: breaks | L86: is_special_values | M86: =IFERROR(IF(NOT(ISNUMBER(J86)), "", IF(J86<0.01,"No Correlation",IF(J86<0.03,"Marginal contribution",IF(J86<0.1,"Adequate predictability",IF(J86<0.3,"Strong Predictor",IF(J86<0.5,"Very Strong predictor",IF(J86>=0.5,"Extremely high correlation", ))))))), "")
A87: Guar_No_Term_Loans_L12 | B87: [-Inf,1) | C87: 1384 | D87: 0.7050433 | E87: 727 | F87: 657 | G87: 0.47471098 | H87: -0.063540592 | I87: 0.0028438869 | J87: 0.010120381 | K87: 1 | L87: FALSE | M87: =IFERROR(IF(NOT(ISNUMBER(J87)), "", IF(J87<0.01,"No Correlation",IF(J87<0.03,"Marginal contribution",IF(J87<0.1,"Adequate predictability",IF(J87<0.3,"Strong Predictor",IF(J87<0.5,"Very Strong predictor",IF(J87>=0.5,"Extremely high correlation", ))))))), "") -> Marginal contribution | N87: =IFERROR(F87/C87, 0) -> 0.47471098 | O87: =IFERROR(F87/((E87*Factor!$C$2)+F87), 0) -> 0.10966452 | P87: =VLOOKUP(A87, Synopsis!$G$2:$G$15,1,FALSE) -> Guar_No_Term_Loans_L12
A88: Guar_No_Term_Loans_L12 | B88: [1,2) | C88: 378 | D88: 0.1925624 | E88: 181 | F88: 197 | G88: 0.52116402 | H88: 0.12240856 | I88: 0.0028850542 | J88: 0.010120381 | K88: 2 | L88: FALSE | M88: =IFERROR(IF(NOT(ISNUMBER(J88)), "", IF(J88<0.01,"No Correlation",IF(J88<0.03,"Marginal contribution",IF(J88<0.1,"Adequate predictability",IF(J88<0.3,"Strong Predictor",IF(J88<0.5,"Very Strong predictor",IF(J88>=0.5,"Extremely high correlation", ))))))), "") -> Marginal contribution | N88: =IFERROR(F88/C88, 0) -> 0.52116402 | O88: =IFERROR(F88/((E88*Factor!$C$2)+F88), 0) -> 0.12918058 | P88: =VLOOKUP(A88, Synopsis!$G$2:$G$15,1,FALSE) -> Guar_No_Term_Loans_L12
A89: Guar_No_Term_Loans_L12 | B89: [2, Inf) | C89: 201 | D89: 0.10239429 | E89: 92 | F89: 109 | G89: 0.54228856 | H89: 0.20726117 | I89: 0.0043914403 | J89: 0.010120381 | K89: Inf | L89: FALSE | M89: =IFERROR(IF(NOT(ISNUMBER(J89)), "", IF(J89<0.01,"No Correlation",IF(J89<0.03,"Marginal contribution",IF(J89<0.1,"Adequate predictability",IF(J89<0.3,"Strong Predictor",IF(J89<0.5,"Very Strong predictor",IF(J89>=0.5,"Extremely high correlation", ))))))), "") -> Marginal contribution | N89: =IFERROR(F89/C89, 0) -> 0.54228856 | O89: =IFERROR(F89/((E89*Factor!$C$2)+F89), 0) -> 0.1390299 | P89: =VLOOKUP(A89, Synopsis!$G$2:$G$15,1,FALSE) -> Guar_No_Term_Loans_L12
M90: =IFERROR(IF(NOT(ISNUMBER(J90)), "", IF(J90<0.01,"No Correlation",IF(J90<0.03,"Marginal contribution",IF(J90<0.1,"Adequate predictability",IF(J90<0.3,"Strong Predictor",IF(J90<0.5,"Very Strong predictor",IF(J90>=0.5,"Extremely high correlation", ))))))), "")
A91: variable | B91: bin | C91: count | D91: count_distr | E91: neg | F91: pos | G91: posprob | H91: woe | I91: bin_iv | J91: total_iv | K91: breaks | L91: is_special_values | M91: =IFERROR(IF(NOT(ISNUMBER(J91)), "", IF(J91<0.01,"No Correlation",IF(J91<0.03,"Marginal contribution",IF(J91<0.1,"Adequate predictability",IF(J91<0.3,"Strong Predictor",IF(J91<0.5,"Very Strong predictor",IF(J91>=0.5,"Extremely high correlation", ))))))), "")
A92: Guar_No_Term_Loans_L24 | B92: [-Inf,1) | C92: 956 | D92: 0.48700968 | E92: 492 | F92: 464 | G92: 0.48535565 | H92: -0.020892297 | I92: 0.00021252434 | J92: 0.0059416695 | K92: 1 | L92: FALSE | M92: =IFERROR(IF(NOT(ISNUMBER(J92)), "", IF(J92<0.01,"No Correlation",IF(J92<0.03,"Marginal contribution",IF(J92<0.1,"Adequate predictability",IF(J92<0.3,"Strong Predictor",IF(J92<0.5,"Very Strong predictor",IF(J92>=0.5,"Extremely high correlation", ))))))), "") -> No Correlation | N92: =IFERROR(F92/C92, 0) -> 0.48535565 | O92: =IFERROR(F92/((E92*Factor!$C$2)+F92), 0) -> 0.11389846 | P92: =VLOOKUP(A92, Synopsis!$G$2:$G$15,1,FALSE) -> #N/A
A93: Guar_No_Term_Loans_L24 | B93: [1,2) | C93: 453 | D93: 0.23076923 | E93: 240 | F93: 213 | G93: 0.47019868 | H93: -0.08164489 | I93: 0.0015362465 | J93: 0.0059416695 | K93: 2 | L93: FALSE | M93: =IFERROR(IF(NOT(ISNUMBER(J93)), "", IF(J93<0.01,"No Correlation",IF(J93<0.03,"Marginal contribution",IF(J93<0.1,"Adequate predictability",IF(J93<0.3,"Strong Predictor",IF(J93<0.5,"Very Strong predictor",IF(J93>=0.5,"Extremely high correlation", ))))))), "") -> No Correlation | N93: =IFERROR(F93/C93, 0) -> 0.47019868 | O93: =IFERROR(F93/((E93*Factor!$C$2)+F93), 0) -> 0.1079093 | P93: =VLOOKUP(A93, Synopsis!$G$2:$G$15,1,FALSE) -> #N/A
A94: Guar_No_Term_Loans_L24 | B94: [2,3) | C94: 265 | D94: 0.13499745 | E94: 124 | F94: 141 | G94: 0.53207547 | H94: 0.16618019 | I94: 0.0037253354 | J94: 0.0059416695 | K94: 3 | L94: FALSE | M94: =IFERROR(IF(NOT(ISNUMBER(J94)), "", IF(J94<0.01,"No Correlation",IF(J94<0.03,"Marginal contribution",IF(J94<0.1,"Adequate predictability",IF(J94<0.3,"Strong Predictor",IF(J94<0.5,"Very Strong predictor",IF(J94>=0.5,"Extremely high correlation", ))))))), "") -> No Correlation | N94: =IFERROR(F94/C94, 0) -> 0.53207547 | O94: =IFERROR(F94/((E94*Factor!$C$2)+F94), 0) -> 0.13418501 | P94: =VLOOKUP(A94, Synopsis!$G$2:$G$15,1,FALSE) -> #N/A
A95: Guar_No_Term_Loans_L24 | B95: [3,4) | C95: 140 | D95: 0.071319409 | E95: 71 | F95: 69 | G95: 0.49285714 | H95: 0.0091284947 | I95: 5.9434748e-06 | J95: 0.0059416695 | K95: 4 | L95: FALSE | M95: =IFERROR(IF(NOT(ISNUMBER(J95)), "", IF(J95<0.01,"No Correlation",IF(J95<0.03,"Marginal contribution",IF(J95<0.1,"Adequate predictability",IF(J95<0.3,"Strong Predictor",IF(J95<0.5,"Very Strong predictor",IF(J95>=0.5,"Extremely high correlation", ))))))), "") -> No Correlation | N95: =IFERROR(F95/C95, 0) -> 0.49285714 | O95: =IFERROR(F95/((E95*Factor!$C$2)+F95), 0) -> 0.11696362 | P95: =VLOOKUP(A95, Synopsis!$G$2:$G$15,1,FALSE) -> #N/A
A96: Guar_No_Term_Loans_L24 | B96: [4, Inf) | C96: 149 | D96: 0.075904228 | E96: 73 | F96: 76 | G96: 0.51006711 | H96: 0.077975766 | I96: 0.00046161978 | J96: 0.0059416695 | K96: Inf | L96: FALSE | M96: =IFERROR(IF(NOT(ISNUMBER(J96)), "", IF(J96<0.01,"No Correlation",IF(J96<0.03,"Marginal contribution",IF(J96<0.1,"Adequate predictability",IF(J96<0.3,"Strong Predictor",IF(J96<0.5,"Very Strong predictor",IF(J96>=0.5,"Extremely high correlation", ))))))), "") -> No Correlation | N96: =IFERROR(F96/C96, 0) -> 0.51006711 | O96: =IFERROR(F96/((E96*Factor!$C$2)+F96), 0) -> 0.12426402 | P96: =VLOOKUP(A96, Synopsis!$G$2:$G$15,1,FALSE) -> #N/A
M97: =IFERROR(IF(NOT(ISNUMBER(J97)), "", IF(J97<0.01,"No Correlation",IF(J97<0.03,"Marginal contribution",IF(J97<0.1,"Adequate predictability",IF(J97<0.3,"Strong Predictor",IF(J97<0.5,"Very Strong predictor",IF(J97>=0.5,"Extremely high correlation", ))))))), "")
A98: variable | B98: bin | C98: count | D98: count_distr | E98: neg | F98: pos | G98: posprob | H98: woe | I98: bin_iv | J98: total_iv | K98: breaks | L98: is_special_values | M98: =IFERROR(IF(NOT(ISNUMBER(J98)), "", IF(J98<0.01,"No Correlation",IF(J98<0.03,"Marginal contribution",IF(J98<0.1,"Adequate predictability",IF(J98<0.3,"Strong Predictor",IF(J98<0.5,"Very Strong predictor",IF(J98>=0.5,"Extremely high correlation", ))))))), "")
A99: Tot_No_Rep_Institutes | B99: [-Inf,4) | C99: 899 | D99: 0.45797249 | E99: 476 | F99: 423 | G99: 0.4705228 | H99: -0.080343808 | I99: 0.0029524472 | J99: 0.0062780403 | K99: 4 | L99: FALSE | M99: =IFERROR(IF(NOT(ISNUMBER(J99)), "", IF(J99<0.01,"No Correlation",IF(J99<0.03,"Marginal contribution",IF(J99<0.1,"Adequate predictability",IF(J99<0.3,"Strong Predictor",IF(J99<0.5,"Very Strong predictor",IF(J99>=0.5,"Extremely high correlation", ))))))), "") -> No Correlation | N99: =IFERROR(F99/C99, 0) -> 0.4705228 | O99: =IFERROR(F99/((E99*Factor!$C$2)+F99), 0) -> 0.10803461 | P99: =VLOOKUP(A99, Synopsis!$G$2:$G$15,1,FALSE) -> Tot_No_Rep_Institutes
A100: Tot_No_Rep_Institutes | B100: [4,11) | C100: 954 | D100: 0.48599083 | E100: 473 | F100: 481 | G100: 0.50419287 | H100: 0.054473749 | I100: 0.0014425079 | J100: 0.0062780403 | K100: 11 | L100: FALSE | M100: =IFERROR(IF(NOT(ISNUMBER(J100)), "", IF(J100<0.01,"No Correlation",IF(J100<0.03,"Marginal contribution",IF(J100<0.1,"Adequate predictability",IF(J100<0.3,"Strong Predictor",IF(J100<0.5,"Very Strong predictor",IF(J100>=0.5,"Extremely high correlation", ))))))), "") -> No Correlation | N100: =IFERROR(F100/C100, 0) -> 0.50419287 | O100: =IFERROR(F100/((E100*Factor!$C$2)+F100), 0) -> 0.12172898 | P100: =VLOOKUP(A100, Synopsis!$G$2:$G$15,1,FALSE) -> Tot_No_Rep_Institutes
...

Sheet Synopsis
A1: Phase 1: | G1: Phase 2
A2: Variables | B2: IV | C2: Correlation | D2: IFC | E2: Remarks | G2: Variables | H2: Correlation | I2: IV | J2: Breaks IDLC | K2: Breaks IFC
A3: Bor_No_Rep_Institutes | B3: 0.015827167 | C3: Marginal contribution | D3: Marginal contribution | G3: Bor_No_Rep_Institutes | H3: =VLOOKUP(G3, Phase2!A:M,13,FALSE) -> No Correlation | I3: =VLOOKUP(G3, Phase2!A:M,10,FALSE) -> 0.0050415569 | J3: =VLOOKUP(G3, Phase1!A:Q,17,FALSE) -> 1, 6 | K3: 1,6
A4: Bor_No_Living_Contracts | B4: 0.019195497 | C4: Marginal contribution | D4: Marginal contribution | G4: Bor_No_Living_Contracts | H4: =VLOOKUP(G4, Phase2!A:M,13,FALSE) -> Marginal contribution | I4: =VLOOKUP(G4, Phase2!A:M,10,FALSE) -> 0.013881408 | J4: =VLOOKUP(G4, Phase1!A:Q,17,FALSE) -> 1, 5 | K4: =J4 -> 1, 5
A5: Bor_Boral_OS_Amt | B5: 0.053361281 | C5: Adequate predictability | D5: Adequate predictability | G5: Bor_Boral_OS_Amt | H5: =VLOOKUP(G5, Phase2!A:M,13,FALSE) -> No Correlation | I5: =VLOOKUP(G5, Phase2!A:M,10,FALSE) -> 3.2737952e-05 | J5: =VLOOKUP(G5, Phase1!A:Q,17,FALSE) -> 900000 | K5: Did not Adjust
A6: Bor_Boral_Overdue_Amt | B6: 0.0092511677 | C6: No Correlation | D6: Marginal contribution | E6: Will be excluded | G6: Bor_Historic_High_NPI_L24 | H6: =VLOOKUP(G6, Phase2!A:M,13,FALSE) -> Marginal contribution | I6: =VLOOKUP(G6, Phase2!A:M,10,FALSE) -> 0.010518176 | J6: =VLOOKUP(G6, Phase1!A:Q,17,FALSE) -> 0 | K6: NA
A7: Bor_Current_Highest_NPI | B7: 0 | C7: No Correlation | D7: No Correlation | E7: Will be excluded | G7: Bor_No_Term_Loans_L24 | H7: =VLOOKUP(G7, Phase2!A:M,13,FALSE) -> Marginal contribution | I7: =VLOOKUP(G7, Phase2!A:M,10,FALSE) -> 0.027215194 | J7: =VLOOKUP(G7, Phase1!A:Q,17,FALSE) -> 1, 2 | K7: Additional Variable
A8: Bor_Historic_High_NPI_L12 | B8: 0.0066990234 | C8: No Correlation | D8: No Correlation | E8: Will be excluded | G8: Guar_Guaral_OS_Amt | H8: =VLOOKUP(G8, Phase2!A:M,13,FALSE) -> No Correlation | I8: =VLOOKUP(G8, Phase2!A:M,10,FALSE) -> 4.0879126e-05 | J8: =VLOOKUP(G8, Phase1!A:Q,17,FALSE) -> 1300000 | K8: Did not Adjust
A9: Bor_Historic_High_NPI_L24 | B9: 0.010518176 | C9: Marginal contribution | D9: No Correlation | G9: Guar_Terminated_Loans_L24 | H9: =VLOOKUP(G9, Phase2!A:M,13,FALSE) -> Marginal contribution | I9: =VLOOKUP(G9, Phase2!A:M,10,FALSE) -> 0.01007778 | J9: =VLOOKUP(G9, Phase1!A:Q,17,FALSE) -> 1, 2 | K9: Did not Adjust
A10: Bor_Terminated_Loans_L24 | B10: 0.0021424597 | C10: No Correlation | D10: No Correlation | E10: Will be excluded | G10: Guar_No_Term_Loans_L12 | H10: =VLOOKUP(G10, Phase2!A:M,13,FALSE) -> Marginal contribution | I10: =VLOOKUP(G10, Phase2!A:M,10,FALSE) -> 0.010120381 | J10: =VLOOKUP(G10, Phase1!A:Q,17,FALSE) -> 0 | K10: Additional Variable
A11: Bor_No_Term_Loans_L12 | B11: 0.0087606655 | C11: No Correlation | D11: NA | E11: Will be excluded | G11: Tot_No_Rep_Institutes | H11: =VLOOKUP(G11, Phase2!A:M,13,FALSE) -> No Correlation | I11: =VLOOKUP(G11, Phase2!A:M,10,FALSE) -> 0.0062780403 | J11: =VLOOKUP(G11, Phase1!A:Q,17,FALSE) -> 4, 11 | K11: Did not Adjust
A12: Bor_No_Term_Loans_L24 | B12: 0.035337855 | C12: Adequate predictability | D12: NA | G12: Tot_Total_OS_Amt | H12: =VLOOKUP(G12, Phase2!A:M,13,FALSE) -> No Correlation | I12: =VLOOKUP(G12, Phase2!A:M,10,FALSE) -> 0.00066619204 | J12: =VLOOKUP(G12, Phase1!A:Q,17,FALSE) -> 3200000 | K12: Did not Adjust
A13: Guar_No_Rep_Institutes | B13: 0.0096784009 | C13: No Correlation | D13: No Correlation | E13: Will be excluded | G13: Tot_Total_Overdue_Amt | H13: =VLOOKUP(G13, Phase2!A:M,13,FALSE) -> Marginal contribution | I13: =VLOOKUP(G13, Phase2!A:M,10,FALSE) -> 0.016602309 | J13: 10000 | K13: 10000
A14: Guar_No_Living_Contracts | B14: 0.0077875404 | C14: No Correlation | D14: No Correlation | E14: Will be excluded | G14: Tot_No_Term_Loans_L12 | H14: =VLOOKUP(G14, Phase2!A:M,13,FALSE) -> Marginal contribution | I14: =VLOOKUP(G14, Phase2!A:M,10,FALSE) -> 0.019642828 | J14: =VLOOKUP(G14, Phase1!A:Q,17,FALSE) -> 2 | K14: Additional Variable
A15: Guar_Guaral_OS_Amt | B15: 0.017582087 | C15: Marginal contribution | D15: Marginal contribution | G15: Tot_No_Term_Loans_L24 | H15: =VLOOKUP(G15, Phase2!A:M,13,FALSE) -> Marginal contribution | I15: =VLOOKUP(G15, Phase2!A:M,10,FALSE) -> 0.02015076 | J15: =VLOOKUP(G15, Phase1!A:Q,17,FALSE) -> 1, 2, 4, 7 | K15: Additional Variable
A16: Guar_Guaral_Overdue_Amt | B16: 0.0060309111 | C16: No Correlation | D16: No Correlation | E16: Will be excluded
A17: Guar_Current_Highest_NPI | B17: 0.0030042608 | C17: No Correlation | D17: No Correlation | E17: Will be excluded
A18: Guar_Historic_High_NPI_L12 | B18: 0.0023717335 | C18: No Correlation | D18: No Correlation | E18: Will be excluded
A19: Guar_Historic_High_NPI_L24 | B19: 0.003713359 | C19: No Correlation | D19: No Correlation | E19: Will be excluded
A20: Guar_Terminated_Loans_L24 | B20: 0.011011278 | C20: Marginal contribution | D20: Marginal contribution
A21: Guar_No_Term_Loans_L12 | B21: 0.010120381 | C21: Marginal contribution | D21: NA
A22: Guar_No_Term_Loans_L24 | B22: 0.0059416695 | C22: No Correlation | D22: NA | E22: Will be excluded
A23: Tot_No_Rep_Institutes | B23: 0.019992215 | C23: Marginal contribution | D23: Marginal contribution
A24: Tot_No_Living_Contracts | B24: 0.0079937917 | C24: No Correlation | D24: Marginal contribution | E24: Will be excluded
A25: Tot_Total_OS_Amt | B25: 0.026935464 | C25: Marginal contribution | D25: Marginal contribution
A26: Tot_Total_Overdue_Amt | B26: 0.016602309 | C26: Marginal contribution | D26: Marginal contribution
A27: Tot_Current_Highest_NPI | B27: 0.0047870201 | C27: No Correlation | D27: No Correlation | E27: Will be excluded
A28: Tot_Historic_High_NPI_L12 | B28: 0.0063921172 | C28: No Correlation | D28: No Correlation | E28: Will be excluded
A29: Tot_Historic_High_NPI_L24 | B29: 0.0084965889 | C29: No Correlation | D29: No Correlation | E29: Will be excluded
A30: Tot_Terminated_Loans_L24 | B30: 0.0077692916 | C30: No Correlation | D30: Marginal contribution | E30: Will be excluded
A31: Tot_No_Term_Loans_L12 | B31: 0.019832626 | C31: Marginal contribution | D31: NA
A32: Tot_No_Term_Loans_L24 | B32: 0.032913081 | C32: Adequate predictability | D32: NA
